Data,Entrada,Saida,Placa,Marca/Modelo,Entrada_Completa,Saida_Completa,Duracao_temp,Marca,Modelo,Duracao,Mes,Hora_Entrada,Dia_Semana,Dia_Semana_PT
12/03/2025,06:01,16:50,ALC1D23,Toyota/Corolla,2025-03-12 06:01:00,2025-03-12 16:50:00,0 days 10:49:00,0,1,10.816666666666666,3,6,Wednesday,Quarta
12/03/2025,06:02,19:00,JDL2M45,Chevrolet/Onix,2025-03-12 06:02:00,2025-03-12 19:00:00,0 days 12:58:00,0,1,12.966666666666667,3,6,Wednesday,Quarta
12/03/2025,06:18,18:48,QWE3R67,Volkswagen/Polo,2025-03-12 06:18:00,2025-03-12 18:48:00,0 days 12:30:00,0,1,12.5,3,6,Wednesday,Quarta
12/03/2025,06:54,18:48,RTY4U89,Hyundai/HB20,2025-03-12 06:54:00,2025-03-12 18:48:00,0 days 11:54:00,0,1,11.9,3,6,Wednesday,Quarta
12/03/2025,06:27,19:23,UIO5P10,Honda/Civic,2025-03-12 06:27:00,2025-03-12 19:23:00,0 days 12:56:00,0,1,12.933333333333334,3,6,Wednesday,Quarta
12/03/2025,06:43,15:16,ASD6F32,Nissan/Kicks,2025-03-12 06:43:00,2025-03-12 15:16:00,0 days 08:33:00,0,1,8.55,3,6,Wednesday,Quarta
12/03/2025,06:36,16:52,ZXC7V54,Fiat/Fastback,2025-03-12 06:36:00,2025-03-12 16:52:00,0 days 10:16:00,0,1,10.266666666666667,3,6,Wednesday,Quarta
12/03/2025,06:58,17:02,VBN8G76,Renault/Kwid,2025-03-12 06:58:00,2025-03-12 17:02:00,0 days 10:04:00,0,1,10.066666666666666,3,6,Wednesday,Quarta
12/03/2025,06:17,19:45,MNB9H98,Jeep/Compass,2025-03-12 06:17:00,2025-03-12 19:45:00,0 days 13:28:00,0,1,13.466666666666667,3,6,Wednesday,Quarta
12/03/2025,06:47,15:17,POI0J21,Peugeot/208,2025-03-12 06:47:00,2025-03-12 15:17:00,0 days 08:30:00,0,1,8.5,3,6,Wednesday,Quarta
12/03/2025,06:50,15:25,LKM1Z43,Citroen/C3,2025-03-12 06:50:00,2025-03-12 15:25:00,0 days 08:35:00,0,1,8.583333333333334,3,6,Wednesday,Quarta
12/03/2025,06:04,15:44,HGF2X65,BYD/Dolphin,2025-03-12 06:04:00,2025-03-12 15:44:00,0 days 09:40:00,0,1,9.666666666666666,3,6,Wednesday,Quarta
12/03/2025,06:58,19:46,QAZ3W87,Toyota/Etios,2025-03-12 06:58:00,2025-03-12 19:46:00,0 days 12:48:00,0,1,12.8,3,6,Wednesday,Quarta
12/03/2025,09:16,18:04,WSX4E09,Chevrolet/Cruze,2025-03-12 09:16:00,2025-03-12 18:04:00,0 days 08:48:00,0,1,8.8,3,9,Wednesday,Quarta
12/03/2025,09:12,15:17,EDC5R21,Volkswagen/Fox,2025-03-12 09:12:00,2025-03-12 15:17:00,0 days 06:05:00,0,1,6.083333333333333,3,9,Wednesday,Quarta
12/03/2025,08:58,18:41,RFV6T43,Hyundai/Tucson,2025-03-12 08:58:00,2025-03-12 18:41:00,0 days 09:43:00,0,1,9.716666666666667,3,8,Wednesday,Quarta
12/03/2025,08:21,18:13,TGB7Y65,Honda/Fit,2025-03-12 08:21:00,2025-03-12 18:13:00,0 days 09:52:00,0,1,9.866666666666667,3,8,Wednesday,Quarta
12/03/2025,09:36,17:12,YHN8U87,Nissan/March,2025-03-12 09:36:00,2025-03-12 17:12:00,0 days 07:36:00,0,1,7.6,3,9,Wednesday,Quarta
12/03/2025,08:07,16:21,UJM9I09,Fiat/Palio,2025-03-12 08:07:00,2025-03-12 16:21:00,0 days 08:14:00,0,1,8.233333333333333,3,8,Wednesday,Quarta
12/03/2025,08:16,17:56,IKL0O21,Renault/Sandero,2025-03-12 08:16:00,2025-03-12 17:56:00,0 days 09:40:00,0,1,9.666666666666666,3,8,Wednesday,Quarta
12/03/2025,09:58,19:11,OLP1P43,Jeep/Renegade,2025-03-12 09:58:00,2025-03-12 19:11:00,0 days 09:13:00,0,1,9.216666666666667,3,9,Wednesday,Quarta
12/03/2025,08:29,15:18,PAS2D65,Peugeot/308,2025-03-12 08:29:00,2025-03-12 15:18:00,0 days 06:49:00,0,1,6.816666666666666,3,8,Wednesday,Quarta
12/03/2025,08:32,15:12,DFG3S87,Citroen/C4,2025-03-12 08:32:00,2025-03-12 15:12:00,0 days 06:40:00,0,1,6.666666666666667,3,8,Wednesday,Quarta
12/03/2025,08:32,18:19,SDF4G09,Ford/Focus,2025-03-12 08:32:00,2025-03-12 18:19:00,0 days 09:47:00,0,1,9.783333333333333,3,8,Wednesday,Quarta
12/03/2025,08:50,16:37,GHG5H21,Kia/Soul,2025-03-12 08:50:00,2025-03-12 16:37:00,0 days 07:47:00,0,1,7.783333333333333,3,8,Wednesday,Quarta
12/03/2025,08:46,16:30,HJK6J43,Mitsubishi/ASX,2025-03-12 08:46:00,2025-03-12 16:30:00,0 days 07:44:00,0,1,7.733333333333333,3,8,Wednesday,Quarta
12/03/2025,10:00,17:04,JKL7K65,Suzuki/Swift,2025-03-12 10:00:00,2025-03-12 17:04:00,0 days 07:04:00,0,1,7.066666666666666,3,10,Wednesday,Quarta
12/03/2025,10:24,17:00,AJC7M65,Chevrolet/Celta,2025-03-12 10:24:00,2025-03-12 17:00:00,0 days 06:36:00,0,1,6.6,3,10,Wednesday,Quarta
12/03/2025,10:56,18:11,DEF7L65,Fiat/Uno,2025-03-12 10:56:00,2025-03-12 18:11:00,0 days 07:15:00,0,1,7.25,3,10,Wednesday,Quarta
12/03/2025,08:11,19:20,JBL7K65,Ford/Fiesta,2025-03-12 08:11:00,2025-03-12 19:20:00,0 days 11:09:00,0,1,11.15,3,8,Wednesday,Quarta
13/03/2025,06:09,18:02,ALC1D23,Toyota/Corolla,2025-03-13 06:09:00,2025-03-13 18:02:00,0 days 11:53:00,0,1,11.883333333333333,3,6,Thursday,Quinta
13/03/2025,06:13,16:56,JDL2M45,Chevrolet/Onix,2025-03-13 06:13:00,2025-03-13 16:56:00,0 days 10:43:00,0,1,10.716666666666667,3,6,Thursday,Quinta
13/03/2025,06:36,19:01,QWE3R67,Volkswagen/Polo,2025-03-13 06:36:00,2025-03-13 19:01:00,0 days 12:25:00,0,1,12.416666666666666,3,6,Thursday,Quinta
13/03/2025,06:36,17:58,RTY4U89,Hyundai/HB20,2025-03-13 06:36:00,2025-03-13 17:58:00,0 days 11:22:00,0,1,11.366666666666667,3,6,Thursday,Quinta
13/03/2025,06:53,15:31,UIO5P10,Honda/Civic,2025-03-13 06:53:00,2025-03-13 15:31:00,0 days 08:38:00,0,1,8.633333333333333,3,6,Thursday,Quinta
13/03/2025,06:10,15:46,ASD6F32,Nissan/Kicks,2025-03-13 06:10:00,2025-03-13 15:46:00,0 days 09:36:00,0,1,9.6,3,6,Thursday,Quinta
13/03/2025,06:23,17:42,ZXC7V54,Fiat/Fastback,2025-03-13 06:23:00,2025-03-13 17:42:00,0 days 11:19:00,0,1,11.316666666666666,3,6,Thursday,Quinta
13/03/2025,06:10,17:06,VBN8G76,Renault/Kwid,2025-03-13 06:10:00,2025-03-13 17:06:00,0 days 10:56:00,0,1,10.933333333333334,3,6,Thursday,Quinta
13/03/2025,06:20,19:09,MNB9H98,Jeep/Compass,2025-03-13 06:20:00,2025-03-13 19:09:00,0 days 12:49:00,0,1,12.816666666666666,3,6,Thursday,Quinta
13/03/2025,06:51,15:57,POI0J21,Peugeot/208,2025-03-13 06:51:00,2025-03-13 15:57:00,0 days 09:06:00,0,1,9.1,3,6,Thursday,Quinta
13/03/2025,06:18,17:59,LKM1Z43,Citroen/C3,2025-03-13 06:18:00,2025-03-13 17:59:00,0 days 11:41:00,0,1,11.683333333333334,3,6,Thursday,Quinta
13/03/2025,06:24,15:23,HGF2X65,BYD/Dolphin,2025-03-13 06:24:00,2025-03-13 15:23:00,0 days 08:59:00,0,1,8.983333333333333,3,6,Thursday,Quinta
13/03/2025,06:11,19:23,QAZ3W87,Toyota/Etios,2025-03-13 06:11:00,2025-03-13 19:23:00,0 days 13:12:00,0,1,13.2,3,6,Thursday,Quinta
13/03/2025,08:55,18:47,WSX4E09,Chevrolet/Cruze,2025-03-13 08:55:00,2025-03-13 18:47:00,0 days 09:52:00,0,1,9.866666666666667,3,8,Thursday,Quinta
13/03/2025,09:04,18:09,EDC5R21,Volkswagen/Fox,2025-03-13 09:04:00,2025-03-13 18:09:00,0 days 09:05:00,0,1,9.083333333333334,3,9,Thursday,Quinta
13/03/2025,08:36,15:21,RFV6T43,Hyundai/Tucson,2025-03-13 08:36:00,2025-03-13 15:21:00,0 days 06:45:00,0,1,6.75,3,8,Thursday,Quinta
13/03/2025,08:32,16:27,TGB7Y65,Honda/Fit,2025-03-13 08:32:00,2025-03-13 16:27:00,0 days 07:55:00,0,1,7.916666666666667,3,8,Thursday,Quinta
13/03/2025,09:00,15:24,YHN8U87,Nissan/March,2025-03-13 09:00:00,2025-03-13 15:24:00,0 days 06:24:00,0,1,6.4,3,9,Thursday,Quinta
13/03/2025,08:11,19:03,UJM9I09,Fiat/Palio,2025-03-13 08:11:00,2025-03-13 19:03:00,0 days 10:52:00,0,1,10.866666666666667,3,8,Thursday,Quinta
13/03/2025,08:08,18:59,IKL0O21,Renault/Sandero,2025-03-13 08:08:00,2025-03-13 18:59:00,0 days 10:51:00,0,1,10.85,3,8,Thursday,Quinta
13/03/2025,08:20,16:04,OLP1P43,Jeep/Renegade,2025-03-13 08:20:00,2025-03-13 16:04:00,0 days 07:44:00,0,1,7.733333333333333,3,8,Thursday,Quinta
13/03/2025,08:26,15:25,PAS2D65,Peugeot/308,2025-03-13 08:26:00,2025-03-13 15:25:00,0 days 06:59:00,0,1,6.983333333333333,3,8,Thursday,Quinta
13/03/2025,08:34,15:34,DFG3S87,Citroen/C4,2025-03-13 08:34:00,2025-03-13 15:34:00,0 days 07:00:00,0,1,7.0,3,8,Thursday,Quinta
13/03/2025,08:59,19:09,SDF4G09,Ford/Focus,2025-03-13 08:59:00,2025-03-13 19:09:00,0 days 10:10:00,0,1,10.166666666666666,3,8,Thursday,Quinta
13/03/2025,09:01,18:26,GHG5H21,Kia/Soul,2025-03-13 09:01:00,2025-03-13 18:26:00,0 days 09:25:00,0,1,9.416666666666666,3,9,Thursday,Quinta
13/03/2025,08:27,18:43,HJK6J43,Mitsubishi/ASX,2025-03-13 08:27:00,2025-03-13 18:43:00,0 days 10:16:00,0,1,10.266666666666667,3,8,Thursday,Quinta
13/03/2025,08:38,16:36,JKL7K65,Suzuki/Swift,2025-03-13 08:38:00,2025-03-13 16:36:00,0 days 07:58:00,0,1,7.966666666666667,3,8,Thursday,Quinta
13/03/2025,08:32,18:19,AJC7M65,Chevrolet/Celta,2025-03-13 08:32:00,2025-03-13 18:19:00,0 days 09:47:00,0,1,9.783333333333333,3,8,Thursday,Quinta
13/03/2025,09:44,18:48,DEF7L65,Fiat/Uno,2025-03-13 09:44:00,2025-03-13 18:48:00,0 days 09:04:00,0,1,9.066666666666666,3,9,Thursday,Quinta
13/03/2025,08:23,16:14,JBL7K65,Ford/Fiesta,2025-03-13 08:23:00,2025-03-13 16:14:00,0 days 07:51:00,0,1,7.85,3,8,Thursday,Quinta
14/03/2025,06:30,17:13,ALC1D23,Toyota/Corolla,2025-03-14 06:30:00,2025-03-14 17:13:00,0 days 10:43:00,0,1,10.716666666666667,3,6,Friday,Sexta
14/03/2025,06:53,18:10,JDL2M45,Chevrolet/Onix,2025-03-14 06:53:00,2025-03-14 18:10:00,0 days 11:17:00,0,1,11.283333333333333,3,6,Friday,Sexta
14/03/2025,06:56,15:16,QWE3R67,Volkswagen/Polo,2025-03-14 06:56:00,2025-03-14 15:16:00,0 days 08:20:00,0,1,8.333333333333334,3,6,Friday,Sexta
14/03/2025,06:32,19:14,RTY4U89,Hyundai/HB20,2025-03-14 06:32:00,2025-03-14 19:14:00,0 days 12:42:00,0,1,12.7,3,6,Friday,Sexta
14/03/2025,06:04,17:12,UIO5P10,Honda/Civic,2025-03-14 06:04:00,2025-03-14 17:12:00,0 days 11:08:00,0,1,11.133333333333333,3,6,Friday,Sexta
14/03/2025,06:07,17:45,ASD6F32,Nissan/Kicks,2025-03-14 06:07:00,2025-03-14 17:45:00,0 days 11:38:00,0,1,11.633333333333333,3,6,Friday,Sexta
14/03/2025,06:26,19:11,ZXC7V54,Fiat/Fastback,2025-03-14 06:26:00,2025-03-14 19:11:00,0 days 12:45:00,0,1,12.75,3,6,Friday,Sexta
14/03/2025,06:18,15:58,VBN8G76,Renault/Kwid,2025-03-14 06:18:00,2025-03-14 15:58:00,0 days 09:40:00,0,1,9.666666666666666,3,6,Friday,Sexta
14/03/2025,06:03,17:14,MNB9H98,Jeep/Compass,2025-03-14 06:03:00,2025-03-14 17:14:00,0 days 11:11:00,0,1,11.183333333333334,3,6,Friday,Sexta
14/03/2025,06:35,17:59,POI0J21,Peugeot/208,2025-03-14 06:35:00,2025-03-14 17:59:00,0 days 11:24:00,0,1,11.4,3,6,Friday,Sexta
14/03/2025,06:21,17:50,LKM1Z43,Citroen/C3,2025-03-14 06:21:00,2025-03-14 17:50:00,0 days 11:29:00,0,1,11.483333333333333,3,6,Friday,Sexta
14/03/2025,06:01,19:26,HGF2X65,BYD/Dolphin,2025-03-14 06:01:00,2025-03-14 19:26:00,0 days 13:25:00,0,1,13.416666666666666,3,6,Friday,Sexta
14/03/2025,06:51,16:43,QAZ3W87,Toyota/Etios,2025-03-14 06:51:00,2025-03-14 16:43:00,0 days 09:52:00,0,1,9.866666666666667,3,6,Friday,Sexta
14/03/2025,08:08,17:47,WSX4E09,Chevrolet/Cruze,2025-03-14 08:08:00,2025-03-14 17:47:00,0 days 09:39:00,0,1,9.65,3,8,Friday,Sexta
14/03/2025,09:28,16:24,EDC5R21,Volkswagen/Fox,2025-03-14 09:28:00,2025-03-14 16:24:00,0 days 06:56:00,0,1,6.933333333333334,3,9,Friday,Sexta
14/03/2025,08:20,17:24,RFV6T43,Hyundai/Tucson,2025-03-14 08:20:00,2025-03-14 17:24:00,0 days 09:04:00,0,1,9.066666666666666,3,8,Friday,Sexta
14/03/2025,09:04,19:20,TGB7Y65,Honda/Fit,2025-03-14 09:04:00,2025-03-14 19:20:00,0 days 10:16:00,0,1,10.266666666666667,3,9,Friday,Sexta
14/03/2025,09:04,17:28,YHN8U87,Nissan/March,2025-03-14 09:04:00,2025-03-14 17:28:00,0 days 08:24:00,0,1,8.4,3,9,Friday,Sexta
14/03/2025,09:42,17:03,UJM9I09,Fiat/Palio,2025-03-14 09:42:00,2025-03-14 17:03:00,0 days 07:21:00,0,1,7.35,3,9,Friday,Sexta
14/03/2025,09:05,16:20,IKL0O21,Renault/Sandero,2025-03-14 09:05:00,2025-03-14 16:20:00,0 days 07:15:00,0,1,7.25,3,9,Friday,Sexta
14/03/2025,09:46,15:18,OLP1P43,Jeep/Renegade,2025-03-14 09:46:00,2025-03-14 15:18:00,0 days 05:32:00,0,1,5.533333333333333,3,9,Friday,Sexta
14/03/2025,09:37,17:34,PAS2D65,Peugeot/308,2025-03-14 09:37:00,2025-03-14 17:34:00,0 days 07:57:00,0,1,7.95,3,9,Friday,Sexta
14/03/2025,08:00,18:12,DFG3S87,Citroen/C4,2025-03-14 08:00:00,2025-03-14 18:12:00,0 days 10:12:00,0,1,10.2,3,8,Friday,Sexta
14/03/2025,08:41,17:45,SDF4G09,Ford/Focus,2025-03-14 08:41:00,2025-03-14 17:45:00,0 days 09:04:00,0,1,9.066666666666666,3,8,Friday,Sexta
14/03/2025,08:29,18:41,GHG5H21,Kia/Soul,2025-03-14 08:29:00,2025-03-14 18:41:00,0 days 10:12:00,0,1,10.2,3,8,Friday,Sexta
14/03/2025,09:13,19:31,HJK6J43,Mitsubishi/ASX,2025-03-14 09:13:00,2025-03-14 19:31:00,0 days 10:18:00,0,1,10.3,3,9,Friday,Sexta
14/03/2025,09:17,15:08,JKL7K65,Suzuki/Swift,2025-03-14 09:17:00,2025-03-14 15:08:00,0 days 05:51:00,0,1,5.85,3,9,Friday,Sexta
14/03/2025,09:46,16:11,AJC7M65,Chevrolet/Celta,2025-03-14 09:46:00,2025-03-14 16:11:00,0 days 06:25:00,0,1,6.416666666666667,3,9,Friday,Sexta
14/03/2025,09:42,16:45,DEF7L65,Fiat/Uno,2025-03-14 09:42:00,2025-03-14 16:45:00,0 days 07:03:00,0,1,7.05,3,9,Friday,Sexta
14/03/2025,08:15,17:56,JBL7K65,Ford/Fiesta,2025-03-14 08:15:00,2025-03-14 17:56:00,0 days 09:41:00,0,1,9.683333333333334,3,8,Friday,Sexta
15/03/2025,08:56,17:22,WSX4E09,Chevrolet/Cruze,2025-03-15 08:56:00,2025-03-15 17:22:00,0 days 08:26:00,0,1,8.433333333333334,3,8,Saturday,Sábado
15/03/2025,09:15,15:46,TGB7Y65,Honda/Fit,2025-03-15 09:15:00,2025-03-15 15:46:00,0 days 06:31:00,0,1,6.516666666666667,3,9,Saturday,Sábado
15/03/2025,09:51,16:52,YHN8U87,Nissan/March,2025-03-15 09:51:00,2025-03-15 16:52:00,0 days 07:01:00,0,1,7.016666666666667,3,9,Saturday,Sábado
15/03/2025,09:36,15:22,DFG3S87,Citroen/C4,2025-03-15 09:36:00,2025-03-15 15:22:00,0 days 05:46:00,0,1,5.766666666666667,3,9,Saturday,Sábado
15/03/2025,08:47,18:07,GHG5H21,Kia/Soul,2025-03-15 08:47:00,2025-03-15 18:07:00,0 days 09:20:00,0,1,9.333333333333334,3,8,Saturday,Sábado
17/03/2025,06:56,16:33,ALC1D23,Toyota/Corolla,2025-03-17 06:56:00,2025-03-17 16:33:00,0 days 09:37:00,0,1,9.616666666666667,3,6,Monday,Segunda
17/03/2025,06:11,15:21,JDL2M45,Chevrolet/Onix,2025-03-17 06:11:00,2025-03-17 15:21:00,0 days 09:10:00,0,1,9.166666666666666,3,6,Monday,Segunda
17/03/2025,06:04,17:09,QWE3R67,Volkswagen/Polo,2025-03-17 06:04:00,2025-03-17 17:09:00,0 days 11:05:00,0,1,11.083333333333334,3,6,Monday,Segunda
17/03/2025,06:43,15:49,RTY4U89,Hyundai/HB20,2025-03-17 06:43:00,2025-03-17 15:49:00,0 days 09:06:00,0,1,9.1,3,6,Monday,Segunda
17/03/2025,06:47,19:42,UIO5P10,Honda/Civic,2025-03-17 06:47:00,2025-03-17 19:42:00,0 days 12:55:00,0,1,12.916666666666666,3,6,Monday,Segunda
17/03/2025,06:27,18:20,ASD6F32,Nissan/Kicks,2025-03-17 06:27:00,2025-03-17 18:20:00,0 days 11:53:00,0,1,11.883333333333333,3,6,Monday,Segunda
17/03/2025,06:48,15:26,ZXC7V54,Fiat/Fastback,2025-03-17 06:48:00,2025-03-17 15:26:00,0 days 08:38:00,0,1,8.633333333333333,3,6,Monday,Segunda
17/03/2025,06:02,15:46,VBN8G76,Renault/Kwid,2025-03-17 06:02:00,2025-03-17 15:46:00,0 days 09:44:00,0,1,9.733333333333333,3,6,Monday,Segunda
17/03/2025,06:29,19:09,MNB9H98,Jeep/Compass,2025-03-17 06:29:00,2025-03-17 19:09:00,0 days 12:40:00,0,1,12.666666666666666,3,6,Monday,Segunda
17/03/2025,06:52,18:38,POI0J21,Peugeot/208,2025-03-17 06:52:00,2025-03-17 18:38:00,0 days 11:46:00,0,1,11.766666666666667,3,6,Monday,Segunda
17/03/2025,06:51,19:46,LKM1Z43,Citroen/C3,2025-03-17 06:51:00,2025-03-17 19:46:00,0 days 12:55:00,0,1,12.916666666666666,3,6,Monday,Segunda
17/03/2025,06:49,18:24,HGF2X65,BYD/Dolphin,2025-03-17 06:49:00,2025-03-17 18:24:00,0 days 11:35:00,0,1,11.583333333333334,3,6,Monday,Segunda
17/03/2025,06:55,19:37,QAZ3W87,Toyota/Etios,2025-03-17 06:55:00,2025-03-17 19:37:00,0 days 12:42:00,0,1,12.7,3,6,Monday,Segunda
17/03/2025,08:40,17:43,WSX4E09,Chevrolet/Cruze,2025-03-17 08:40:00,2025-03-17 17:43:00,0 days 09:03:00,0,1,9.05,3,8,Monday,Segunda
17/03/2025,08:17,17:07,EDC5R21,Volkswagen/Fox,2025-03-17 08:17:00,2025-03-17 17:07:00,0 days 08:50:00,0,1,8.833333333333334,3,8,Monday,Segunda
17/03/2025,08:57,15:05,RFV6T43,Hyundai/Tucson,2025-03-17 08:57:00,2025-03-17 15:05:00,0 days 06:08:00,0,1,6.133333333333334,3,8,Monday,Segunda
17/03/2025,09:06,15:17,TGB7Y65,Honda/Fit,2025-03-17 09:06:00,2025-03-17 15:17:00,0 days 06:11:00,0,1,6.183333333333334,3,9,Monday,Segunda
17/03/2025,08:35,18:08,YHN8U87,Nissan/March,2025-03-17 08:35:00,2025-03-17 18:08:00,0 days 09:33:00,0,1,9.55,3,8,Monday,Segunda
17/03/2025,08:14,16:42,UJM9I09,Fiat/Palio,2025-03-17 08:14:00,2025-03-17 16:42:00,0 days 08:28:00,0,1,8.466666666666667,3,8,Monday,Segunda
17/03/2025,09:08,16:57,IKL0O21,Renault/Sandero,2025-03-17 09:08:00,2025-03-17 16:57:00,0 days 07:49:00,0,1,7.816666666666666,3,9,Monday,Segunda
17/03/2025,08:39,17:34,OLP1P43,Jeep/Renegade,2025-03-17 08:39:00,2025-03-17 17:34:00,0 days 08:55:00,0,1,8.916666666666666,3,8,Monday,Segunda
17/03/2025,09:30,17:57,PAS2D65,Peugeot/308,2025-03-17 09:30:00,2025-03-17 17:57:00,0 days 08:27:00,0,1,8.45,3,9,Monday,Segunda
17/03/2025,09:56,17:43,DFG3S87,Citroen/C4,2025-03-17 09:56:00,2025-03-17 17:43:00,0 days 07:47:00,0,1,7.783333333333333,3,9,Monday,Segunda
17/03/2025,09:26,17:49,SDF4G09,Ford/Focus,2025-03-17 09:26:00,2025-03-17 17:49:00,0 days 08:23:00,0,1,8.383333333333333,3,9,Monday,Segunda
17/03/2025,08:07,15:27,GHG5H21,Kia/Soul,2025-03-17 08:07:00,2025-03-17 15:27:00,0 days 07:20:00,0,1,7.333333333333333,3,8,Monday,Segunda
17/03/2025,09:58,19:12,HJK6J43,Mitsubishi/ASX,2025-03-17 09:58:00,2025-03-17 19:12:00,0 days 09:14:00,0,1,9.233333333333333,3,9,Monday,Segunda
17/03/2025,09:43,18:25,JKL7K65,Suzuki/Swift,2025-03-17 09:43:00,2025-03-17 18:25:00,0 days 08:42:00,0,1,8.7,3,9,Monday,Segunda
17/03/2025,08:43,16:44,AJC7M65,Chevrolet/Celta,2025-03-17 08:43:00,2025-03-17 16:44:00,0 days 08:01:00,0,1,8.016666666666667,3,8,Monday,Segunda
17/03/2025,10:34,15:14,DEF7L65,Fiat/Uno,2025-03-17 10:34:00,2025-03-17 15:14:00,0 days 04:40:00,0,1,4.666666666666667,3,10,Monday,Segunda
17/03/2025,10:06,17:43,JBL7K65,Ford/Fiesta,2025-03-17 10:06:00,2025-03-17 17:43:00,0 days 07:37:00,0,1,7.616666666666666,3,10,Monday,Segunda
18/03/2025,06:01,16:14,ALC1D23,Toyota/Corolla,2025-03-18 06:01:00,2025-03-18 16:14:00,0 days 10:13:00,0,1,10.216666666666667,3,6,Tuesday,Terça
18/03/2025,06:58,18:16,JDL2M45,Chevrolet/Onix,2025-03-18 06:58:00,2025-03-18 18:16:00,0 days 11:18:00,0,1,11.3,3,6,Tuesday,Terça
18/03/2025,06:02,16:18,QWE3R67,Volkswagen/Polo,2025-03-18 06:02:00,2025-03-18 16:18:00,0 days 10:16:00,0,1,10.266666666666667,3,6,Tuesday,Terça
18/03/2025,06:34,19:56,RTY4U89,Hyundai/HB20,2025-03-18 06:34:00,2025-03-18 19:56:00,0 days 13:22:00,0,1,13.366666666666667,3,6,Tuesday,Terça
18/03/2025,06:18,15:40,UIO5P10,Honda/Civic,2025-03-18 06:18:00,2025-03-18 15:40:00,0 days 09:22:00,0,1,9.366666666666667,3,6,Tuesday,Terça
18/03/2025,06:55,18:40,ASD6F32,Nissan/Kicks,2025-03-18 06:55:00,2025-03-18 18:40:00,0 days 11:45:00,0,1,11.75,3,6,Tuesday,Terça
18/03/2025,06:11,18:28,ZXC7V54,Fiat/Fastback,2025-03-18 06:11:00,2025-03-18 18:28:00,0 days 12:17:00,0,1,12.283333333333333,3,6,Tuesday,Terça
18/03/2025,06:54,15:22,VBN8G76,Renault/Kwid,2025-03-18 06:54:00,2025-03-18 15:22:00,0 days 08:28:00,0,1,8.466666666666667,3,6,Tuesday,Terça
18/03/2025,06:22,15:55,MNB9H98,Jeep/Compass,2025-03-18 06:22:00,2025-03-18 15:55:00,0 days 09:33:00,0,1,9.55,3,6,Tuesday,Terça
18/03/2025,06:51,18:02,POI0J21,Peugeot/208,2025-03-18 06:51:00,2025-03-18 18:02:00,0 days 11:11:00,0,1,11.183333333333334,3,6,Tuesday,Terça
18/03/2025,06:33,15:19,LKM1Z43,Citroen/C3,2025-03-18 06:33:00,2025-03-18 15:19:00,0 days 08:46:00,0,1,8.766666666666667,3,6,Tuesday,Terça
18/03/2025,06:08,18:43,HGF2X65,BYD/Dolphin,2025-03-18 06:08:00,2025-03-18 18:43:00,0 days 12:35:00,0,1,12.583333333333334,3,6,Tuesday,Terça
18/03/2025,06:26,17:56,QAZ3W87,Toyota/Etios,2025-03-18 06:26:00,2025-03-18 17:56:00,0 days 11:30:00,0,1,11.5,3,6,Tuesday,Terça
18/03/2025,08:58,16:59,WSX4E09,Chevrolet/Cruze,2025-03-18 08:58:00,2025-03-18 16:59:00,0 days 08:01:00,0,1,8.016666666666667,3,8,Tuesday,Terça
18/03/2025,08:15,17:02,EDC5R21,Volkswagen/Fox,2025-03-18 08:15:00,2025-03-18 17:02:00,0 days 08:47:00,0,1,8.783333333333333,3,8,Tuesday,Terça
18/03/2025,09:30,16:11,RFV6T43,Hyundai/Tucson,2025-03-18 09:30:00,2025-03-18 16:11:00,0 days 06:41:00,0,1,6.683333333333334,3,9,Tuesday,Terça
18/03/2025,08:36,17:12,TGB7Y65,Honda/Fit,2025-03-18 08:36:00,2025-03-18 17:12:00,0 days 08:36:00,0,1,8.6,3,8,Tuesday,Terça
18/03/2025,08:15,15:17,YHN8U87,Nissan/March,2025-03-18 08:15:00,2025-03-18 15:17:00,0 days 07:02:00,0,1,7.033333333333333,3,8,Tuesday,Terça
18/03/2025,08:13,19:17,UJM9I09,Fiat/Palio,2025-03-18 08:13:00,2025-03-18 19:17:00,0 days 11:04:00,0,1,11.066666666666666,3,8,Tuesday,Terça
18/03/2025,09:42,18:15,IKL0O21,Renault/Sandero,2025-03-18 09:42:00,2025-03-18 18:15:00,0 days 08:33:00,0,1,8.55,3,9,Tuesday,Terça
18/03/2025,08:20,18:28,OLP1P43,Jeep/Renegade,2025-03-18 08:20:00,2025-03-18 18:28:00,0 days 10:08:00,0,1,10.133333333333333,3,8,Tuesday,Terça
18/03/2025,08:25,19:32,PAS2D65,Peugeot/308,2025-03-18 08:25:00,2025-03-18 19:32:00,0 days 11:07:00,0,1,11.116666666666667,3,8,Tuesday,Terça
18/03/2025,08:07,19:08,DFG3S87,Citroen/C4,2025-03-18 08:07:00,2025-03-18 19:08:00,0 days 11:01:00,0,1,11.016666666666667,3,8,Tuesday,Terça
18/03/2025,08:37,16:46,SDF4G09,Ford/Focus,2025-03-18 08:37:00,2025-03-18 16:46:00,0 days 08:09:00,0,1,8.15,3,8,Tuesday,Terça
18/03/2025,09:09,16:04,GHG5H21,Kia/Soul,2025-03-18 09:09:00,2025-03-18 16:04:00,0 days 06:55:00,0,1,6.916666666666667,3,9,Tuesday,Terça
18/03/2025,09:58,18:52,HJK6J43,Mitsubishi/ASX,2025-03-18 09:58:00,2025-03-18 18:52:00,0 days 08:54:00,0,1,8.9,3,9,Tuesday,Terça
18/03/2025,10:24,15:00,JKL7K65,Suzuki/Swift,2025-03-18 10:24:00,2025-03-18 15:00:00,0 days 04:36:00,0,1,4.6,3,10,Tuesday,Terça
18/03/2025,09:14,18:01,AJC7M65,Chevrolet/Celta,2025-03-18 09:14:00,2025-03-18 18:01:00,0 days 08:47:00,0,1,8.783333333333333,3,9,Tuesday,Terça
18/03/2025,09:46,18:01,DEF7L65,Fiat/Uno,2025-03-18 09:46:00,2025-03-18 18:01:00,0 days 08:15:00,0,1,8.25,3,9,Tuesday,Terça
18/03/2025,09:50,18:28,JBL7K65,Ford/Fiesta,2025-03-18 09:50:00,2025-03-18 18:28:00,0 days 08:38:00,0,1,8.633333333333333,3,9,Tuesday,Terça
19/03/2025,06:26,19:33,ALC1D23,Toyota/Corolla,2025-03-19 06:26:00,2025-03-19 19:33:00,0 days 13:07:00,0,1,13.116666666666667,3,6,Wednesday,Quarta
19/03/2025,06:34,19:14,JDL2M45,Chevrolet/Onix,2025-03-19 06:34:00,2025-03-19 19:14:00,0 days 12:40:00,0,1,12.666666666666666,3,6,Wednesday,Quarta
19/03/2025,06:24,18:29,QWE3R67,Volkswagen/Polo,2025-03-19 06:24:00,2025-03-19 18:29:00,0 days 12:05:00,0,1,12.083333333333334,3,6,Wednesday,Quarta
19/03/2025,06:40,16:02,RTY4U89,Hyundai/HB20,2025-03-19 06:40:00,2025-03-19 16:02:00,0 days 09:22:00,0,1,9.366666666666667,3,6,Wednesday,Quarta
19/03/2025,06:07,16:40,UIO5P10,Honda/Civic,2025-03-19 06:07:00,2025-03-19 16:40:00,0 days 10:33:00,0,1,10.55,3,6,Wednesday,Quarta
19/03/2025,06:56,19:41,ASD6F32,Nissan/Kicks,2025-03-19 06:56:00,2025-03-19 19:41:00,0 days 12:45:00,0,1,12.75,3,6,Wednesday,Quarta
19/03/2025,06:42,17:35,ZXC7V54,Fiat/Fastback,2025-03-19 06:42:00,2025-03-19 17:35:00,0 days 10:53:00,0,1,10.883333333333333,3,6,Wednesday,Quarta
19/03/2025,06:48,16:19,VBN8G76,Renault/Kwid,2025-03-19 06:48:00,2025-03-19 16:19:00,0 days 09:31:00,0,1,9.516666666666667,3,6,Wednesday,Quarta
19/03/2025,06:28,18:53,MNB9H98,Jeep/Compass,2025-03-19 06:28:00,2025-03-19 18:53:00,0 days 12:25:00,0,1,12.416666666666666,3,6,Wednesday,Quarta
19/03/2025,06:02,18:02,POI0J21,Peugeot/208,2025-03-19 06:02:00,2025-03-19 18:02:00,0 days 12:00:00,0,1,12.0,3,6,Wednesday,Quarta
19/03/2025,06:18,16:48,LKM1Z43,Citroen/C3,2025-03-19 06:18:00,2025-03-19 16:48:00,0 days 10:30:00,0,1,10.5,3,6,Wednesday,Quarta
19/03/2025,06:23,16:52,HGF2X65,BYD/Dolphin,2025-03-19 06:23:00,2025-03-19 16:52:00,0 days 10:29:00,0,1,10.483333333333333,3,6,Wednesday,Quarta
19/03/2025,06:27,15:01,QAZ3W87,Toyota/Etios,2025-03-19 06:27:00,2025-03-19 15:01:00,0 days 08:34:00,0,1,8.566666666666666,3,6,Wednesday,Quarta
19/03/2025,09:05,17:20,WSX4E09,Chevrolet/Cruze,2025-03-19 09:05:00,2025-03-19 17:20:00,0 days 08:15:00,0,1,8.25,3,9,Wednesday,Quarta
19/03/2025,09:07,19:40,EDC5R21,Volkswagen/Fox,2025-03-19 09:07:00,2025-03-19 19:40:00,0 days 10:33:00,0,1,10.55,3,9,Wednesday,Quarta
19/03/2025,08:27,16:07,RFV6T43,Hyundai/Tucson,2025-03-19 08:27:00,2025-03-19 16:07:00,0 days 07:40:00,0,1,7.666666666666667,3,8,Wednesday,Quarta
19/03/2025,08:01,16:26,TGB7Y65,Honda/Fit,2025-03-19 08:01:00,2025-03-19 16:26:00,0 days 08:25:00,0,1,8.416666666666666,3,8,Wednesday,Quarta
19/03/2025,09:07,19:43,YHN8U87,Nissan/March,2025-03-19 09:07:00,2025-03-19 19:43:00,0 days 10:36:00,0,1,10.6,3,9,Wednesday,Quarta
19/03/2025,08:50,19:35,UJM9I09,Fiat/Palio,2025-03-19 08:50:00,2025-03-19 19:35:00,0 days 10:45:00,0,1,10.75,3,8,Wednesday,Quarta
19/03/2025,08:38,19:19,IKL0O21,Renault/Sandero,2025-03-19 08:38:00,2025-03-19 19:19:00,0 days 10:41:00,0,1,10.683333333333334,3,8,Wednesday,Quarta
19/03/2025,08:39,16:25,OLP1P43,Jeep/Renegade,2025-03-19 08:39:00,2025-03-19 16:25:00,0 days 07:46:00,0,1,7.766666666666667,3,8,Wednesday,Quarta
19/03/2025,09:32,17:21,PAS2D65,Peugeot/308,2025-03-19 09:32:00,2025-03-19 17:21:00,0 days 07:49:00,0,1,7.816666666666666,3,9,Wednesday,Quarta
19/03/2025,08:44,15:07,DFG3S87,Citroen/C4,2025-03-19 08:44:00,2025-03-19 15:07:00,0 days 06:23:00,0,1,6.383333333333334,3,8,Wednesday,Quarta
19/03/2025,08:28,16:56,SDF4G09,Ford/Focus,2025-03-19 08:28:00,2025-03-19 16:56:00,0 days 08:28:00,0,1,8.466666666666667,3,8,Wednesday,Quarta
19/03/2025,09:43,16:18,GHG5H21,Kia/Soul,2025-03-19 09:43:00,2025-03-19 16:18:00,0 days 06:35:00,0,1,6.583333333333333,3,9,Wednesday,Quarta
19/03/2025,09:54,17:07,HJK6J43,Mitsubishi/ASX,2025-03-19 09:54:00,2025-03-19 17:07:00,0 days 07:13:00,0,1,7.216666666666667,3,9,Wednesday,Quarta
19/03/2025,09:54,17:00,JKL7K65,Suzuki/Swift,2025-03-19 09:54:00,2025-03-19 17:00:00,0 days 07:06:00,0,1,7.1,3,9,Wednesday,Quarta
19/03/2025,09:19,19:43,AJC7M65,Chevrolet/Celta,2025-03-19 09:19:00,2025-03-19 19:43:00,0 days 10:24:00,0,1,10.4,3,9,Wednesday,Quarta
19/03/2025,08:34,19:08,DEF7L65,Fiat/Uno,2025-03-19 08:34:00,2025-03-19 19:08:00,0 days 10:34:00,0,1,10.566666666666666,3,8,Wednesday,Quarta
19/03/2025,08:48,19:03,JBL7K65,Ford/Fiesta,2025-03-19 08:48:00,2025-03-19 19:03:00,0 days 10:15:00,0,1,10.25,3,8,Wednesday,Quarta
20/03/2025,06:44,19:43,ALC1D23,Toyota/Corolla,2025-03-20 06:44:00,2025-03-20 19:43:00,0 days 12:59:00,0,1,12.983333333333333,3,6,Thursday,Quinta
20/03/2025,06:51,18:10,JDL2M45,Chevrolet/Onix,2025-03-20 06:51:00,2025-03-20 18:10:00,0 days 11:19:00,0,1,11.316666666666666,3,6,Thursday,Quinta
20/03/2025,06:06,18:50,QWE3R67,Volkswagen/Polo,2025-03-20 06:06:00,2025-03-20 18:50:00,0 days 12:44:00,0,1,12.733333333333333,3,6,Thursday,Quinta
20/03/2025,06:43,15:51,RTY4U89,Hyundai/HB20,2025-03-20 06:43:00,2025-03-20 15:51:00,0 days 09:08:00,0,1,9.133333333333333,3,6,Thursday,Quinta
20/03/2025,06:20,19:37,UIO5P10,Honda/Civic,2025-03-20 06:20:00,2025-03-20 19:37:00,0 days 13:17:00,0,1,13.283333333333333,3,6,Thursday,Quinta
20/03/2025,06:10,19:11,ASD6F32,Nissan/Kicks,2025-03-20 06:10:00,2025-03-20 19:11:00,0 days 13:01:00,0,1,13.016666666666667,3,6,Thursday,Quinta
20/03/2025,06:38,17:06,ZXC7V54,Fiat/Fastback,2025-03-20 06:38:00,2025-03-20 17:06:00,0 days 10:28:00,0,1,10.466666666666667,3,6,Thursday,Quinta
20/03/2025,06:30,18:16,VBN8G76,Renault/Kwid,2025-03-20 06:30:00,2025-03-20 18:16:00,0 days 11:46:00,0,1,11.766666666666667,3,6,Thursday,Quinta
20/03/2025,06:54,15:10,MNB9H98,Jeep/Compass,2025-03-20 06:54:00,2025-03-20 15:10:00,0 days 08:16:00,0,1,8.266666666666667,3,6,Thursday,Quinta
20/03/2025,06:03,19:42,POI0J21,Peugeot/208,2025-03-20 06:03:00,2025-03-20 19:42:00,0 days 13:39:00,0,1,13.65,3,6,Thursday,Quinta
20/03/2025,06:44,15:01,LKM1Z43,Citroen/C3,2025-03-20 06:44:00,2025-03-20 15:01:00,0 days 08:17:00,0,1,8.283333333333333,3,6,Thursday,Quinta
20/03/2025,06:15,15:05,HGF2X65,BYD/Dolphin,2025-03-20 06:15:00,2025-03-20 15:05:00,0 days 08:50:00,0,1,8.833333333333334,3,6,Thursday,Quinta
20/03/2025,06:10,16:45,QAZ3W87,Toyota/Etios,2025-03-20 06:10:00,2025-03-20 16:45:00,0 days 10:35:00,0,1,10.583333333333334,3,6,Thursday,Quinta
20/03/2025,08:00,16:33,WSX4E09,Chevrolet/Cruze,2025-03-20 08:00:00,2025-03-20 16:33:00,0 days 08:33:00,0,1,8.55,3,8,Thursday,Quinta
20/03/2025,09:44,19:28,EDC5R21,Volkswagen/Fox,2025-03-20 09:44:00,2025-03-20 19:28:00,0 days 09:44:00,0,1,9.733333333333333,3,9,Thursday,Quinta
20/03/2025,09:08,16:42,RFV6T43,Hyundai/Tucson,2025-03-20 09:08:00,2025-03-20 16:42:00,0 days 07:34:00,0,1,7.566666666666666,3,9,Thursday,Quinta
20/03/2025,08:32,18:26,TGB7Y65,Honda/Fit,2025-03-20 08:32:00,2025-03-20 18:26:00,0 days 09:54:00,0,1,9.9,3,8,Thursday,Quinta
20/03/2025,09:46,16:27,YHN8U87,Nissan/March,2025-03-20 09:46:00,2025-03-20 16:27:00,0 days 06:41:00,0,1,6.683333333333334,3,9,Thursday,Quinta
20/03/2025,09:23,16:49,UJM9I09,Fiat/Palio,2025-03-20 09:23:00,2025-03-20 16:49:00,0 days 07:26:00,0,1,7.433333333333334,3,9,Thursday,Quinta
20/03/2025,09:51,18:42,IKL0O21,Renault/Sandero,2025-03-20 09:51:00,2025-03-20 18:42:00,0 days 08:51:00,0,1,8.85,3,9,Thursday,Quinta
20/03/2025,08:09,18:19,OLP1P43,Jeep/Renegade,2025-03-20 08:09:00,2025-03-20 18:19:00,0 days 10:10:00,0,1,10.166666666666666,3,8,Thursday,Quinta
20/03/2025,09:52,17:28,PAS2D65,Peugeot/308,2025-03-20 09:52:00,2025-03-20 17:28:00,0 days 07:36:00,0,1,7.6,3,9,Thursday,Quinta
20/03/2025,09:41,17:15,DFG3S87,Citroen/C4,2025-03-20 09:41:00,2025-03-20 17:15:00,0 days 07:34:00,0,1,7.566666666666666,3,9,Thursday,Quinta
20/03/2025,08:33,19:17,SDF4G09,Ford/Focus,2025-03-20 08:33:00,2025-03-20 19:17:00,0 days 10:44:00,0,1,10.733333333333333,3,8,Thursday,Quinta
20/03/2025,08:14,18:57,GHG5H21,Kia/Soul,2025-03-20 08:14:00,2025-03-20 18:57:00,0 days 10:43:00,0,1,10.716666666666667,3,8,Thursday,Quinta
20/03/2025,09:20,17:57,HJK6J43,Mitsubishi/ASX,2025-03-20 09:20:00,2025-03-20 17:57:00,0 days 08:37:00,0,1,8.616666666666667,3,9,Thursday,Quinta
20/03/2025,08:29,16:58,JKL7K65,Suzuki/Swift,2025-03-20 08:29:00,2025-03-20 16:58:00,0 days 08:29:00,0,1,8.483333333333333,3,8,Thursday,Quinta
20/03/2025,10:19,17:47,AJC7M65,Chevrolet/Celta,2025-03-20 10:19:00,2025-03-20 17:47:00,0 days 07:28:00,0,1,7.466666666666667,3,10,Thursday,Quinta
20/03/2025,08:03,18:57,DEF7L65,Fiat/Uno,2025-03-20 08:03:00,2025-03-20 18:57:00,0 days 10:54:00,0,1,10.9,3,8,Thursday,Quinta
20/03/2025,08:26,18:45,JBL7K65,Ford/Fiesta,2025-03-20 08:26:00,2025-03-20 18:45:00,0 days 10:19:00,0,1,10.316666666666666,3,8,Thursday,Quinta
21/03/2025,06:22,17:46,ALC1D23,Toyota/Corolla,2025-03-21 06:22:00,2025-03-21 17:46:00,0 days 11:24:00,0,1,11.4,3,6,Friday,Sexta
21/03/2025,06:46,15:16,JDL2M45,Chevrolet/Onix,2025-03-21 06:46:00,2025-03-21 15:16:00,0 days 08:30:00,0,1,8.5,3,6,Friday,Sexta
21/03/2025,06:22,15:49,QWE3R67,Volkswagen/Polo,2025-03-21 06:22:00,2025-03-21 15:49:00,0 days 09:27:00,0,1,9.45,3,6,Friday,Sexta
21/03/2025,06:27,18:23,RTY4U89,Hyundai/HB20,2025-03-21 06:27:00,2025-03-21 18:23:00,0 days 11:56:00,0,1,11.933333333333334,3,6,Friday,Sexta
21/03/2025,06:22,17:15,UIO5P10,Honda/Civic,2025-03-21 06:22:00,2025-03-21 17:15:00,0 days 10:53:00,0,1,10.883333333333333,3,6,Friday,Sexta
21/03/2025,06:12,17:59,ASD6F32,Nissan/Kicks,2025-03-21 06:12:00,2025-03-21 17:59:00,0 days 11:47:00,0,1,11.783333333333333,3,6,Friday,Sexta
21/03/2025,06:12,16:42,ZXC7V54,Fiat/Fastback,2025-03-21 06:12:00,2025-03-21 16:42:00,0 days 10:30:00,0,1,10.5,3,6,Friday,Sexta
21/03/2025,06:12,17:27,VBN8G76,Renault/Kwid,2025-03-21 06:12:00,2025-03-21 17:27:00,0 days 11:15:00,0,1,11.25,3,6,Friday,Sexta
21/03/2025,06:55,18:37,MNB9H98,Jeep/Compass,2025-03-21 06:55:00,2025-03-21 18:37:00,0 days 11:42:00,0,1,11.7,3,6,Friday,Sexta
21/03/2025,06:47,17:39,POI0J21,Peugeot/208,2025-03-21 06:47:00,2025-03-21 17:39:00,0 days 10:52:00,0,1,10.866666666666667,3,6,Friday,Sexta
21/03/2025,06:39,16:28,LKM1Z43,Citroen/C3,2025-03-21 06:39:00,2025-03-21 16:28:00,0 days 09:49:00,0,1,9.816666666666666,3,6,Friday,Sexta
21/03/2025,06:49,17:22,HGF2X65,BYD/Dolphin,2025-03-21 06:49:00,2025-03-21 17:22:00,0 days 10:33:00,0,1,10.55,3,6,Friday,Sexta
21/03/2025,06:36,19:47,QAZ3W87,Toyota/Etios,2025-03-21 06:36:00,2025-03-21 19:47:00,0 days 13:11:00,0,1,13.183333333333334,3,6,Friday,Sexta
21/03/2025,08:55,17:57,WSX4E09,Chevrolet/Cruze,2025-03-21 08:55:00,2025-03-21 17:57:00,0 days 09:02:00,0,1,9.033333333333333,3,8,Friday,Sexta
21/03/2025,09:19,15:21,EDC5R21,Volkswagen/Fox,2025-03-21 09:19:00,2025-03-21 15:21:00,0 days 06:02:00,0,1,6.033333333333333,3,9,Friday,Sexta
21/03/2025,09:33,15:53,RFV6T43,Hyundai/Tucson,2025-03-21 09:33:00,2025-03-21 15:53:00,0 days 06:20:00,0,1,6.333333333333333,3,9,Friday,Sexta
21/03/2025,08:41,15:46,TGB7Y65,Honda/Fit,2025-03-21 08:41:00,2025-03-21 15:46:00,0 days 07:05:00,0,1,7.083333333333333,3,8,Friday,Sexta
21/03/2025,09:52,18:26,YHN8U87,Nissan/March,2025-03-21 09:52:00,2025-03-21 18:26:00,0 days 08:34:00,0,1,8.566666666666666,3,9,Friday,Sexta
21/03/2025,08:27,15:38,UJM9I09,Fiat/Palio,2025-03-21 08:27:00,2025-03-21 15:38:00,0 days 07:11:00,0,1,7.183333333333334,3,8,Friday,Sexta
21/03/2025,09:11,17:12,IKL0O21,Renault/Sandero,2025-03-21 09:11:00,2025-03-21 17:12:00,0 days 08:01:00,0,1,8.016666666666667,3,9,Friday,Sexta
21/03/2025,09:50,15:24,OLP1P43,Jeep/Renegade,2025-03-21 09:50:00,2025-03-21 15:24:00,0 days 05:34:00,0,1,5.566666666666666,3,9,Friday,Sexta
21/03/2025,08:37,17:00,PAS2D65,Peugeot/308,2025-03-21 08:37:00,2025-03-21 17:00:00,0 days 08:23:00,0,1,8.383333333333333,3,8,Friday,Sexta
21/03/2025,08:08,15:31,DFG3S87,Citroen/C4,2025-03-21 08:08:00,2025-03-21 15:31:00,0 days 07:23:00,0,1,7.383333333333334,3,8,Friday,Sexta
21/03/2025,09:37,17:01,SDF4G09,Ford/Focus,2025-03-21 09:37:00,2025-03-21 17:01:00,0 days 07:24:00,0,1,7.4,3,9,Friday,Sexta
21/03/2025,08:36,16:29,GHG5H21,Kia/Soul,2025-03-21 08:36:00,2025-03-21 16:29:00,0 days 07:53:00,0,1,7.883333333333334,3,8,Friday,Sexta
21/03/2025,09:11,17:37,HJK6J43,Mitsubishi/ASX,2025-03-21 09:11:00,2025-03-21 17:37:00,0 days 08:26:00,0,1,8.433333333333334,3,9,Friday,Sexta
21/03/2025,10:30,17:02,JKL7K65,Suzuki/Swift,2025-03-21 10:30:00,2025-03-21 17:02:00,0 days 06:32:00,0,1,6.533333333333333,3,10,Friday,Sexta
21/03/2025,09:20,19:46,AJC7M65,Chevrolet/Celta,2025-03-21 09:20:00,2025-03-21 19:46:00,0 days 10:26:00,0,1,10.433333333333334,3,9,Friday,Sexta
21/03/2025,10:11,16:39,DEF7L65,Fiat/Uno,2025-03-21 10:11:00,2025-03-21 16:39:00,0 days 06:28:00,0,1,6.466666666666667,3,10,Friday,Sexta
21/03/2025,08:23,18:53,JBL7K65,Ford/Fiesta,2025-03-21 08:23:00,2025-03-21 18:53:00,0 days 10:30:00,0,1,10.5,3,8,Friday,Sexta
22/03/2025,09:20,19:33,WSX4E09,Chevrolet/Cruze,2025-03-22 09:20:00,2025-03-22 19:33:00,0 days 10:13:00,0,1,10.216666666666667,3,9,Saturday,Sábado
22/03/2025,09:49,18:43,EDC5R21,Volkswagen/Fox,2025-03-22 09:49:00,2025-03-22 18:43:00,0 days 08:54:00,0,1,8.9,3,9,Saturday,Sábado
22/03/2025,08:39,15:22,RFV6T43,Hyundai/Tucson,2025-03-22 08:39:00,2025-03-22 15:22:00,0 days 06:43:00,0,1,6.716666666666667,3,8,Saturday,Sábado
22/03/2025,09:31,16:15,TGB7Y65,Honda/Fit,2025-03-22 09:31:00,2025-03-22 16:15:00,0 days 06:44:00,0,1,6.733333333333333,3,9,Saturday,Sábado
22/03/2025,08:44,15:06,YHN8U87,Nissan/March,2025-03-22 08:44:00,2025-03-22 15:06:00,0 days 06:22:00,0,1,6.366666666666666,3,8,Saturday,Sábado
22/03/2025,09:51,19:45,UJM9I09,Fiat/Palio,2025-03-22 09:51:00,2025-03-22 19:45:00,0 days 09:54:00,0,1,9.9,3,9,Saturday,Sábado
22/03/2025,08:47,17:03,DFG3S87,Citroen/C4,2025-03-22 08:47:00,2025-03-22 17:03:00,0 days 08:16:00,0,1,8.266666666666667,3,8,Saturday,Sábado
22/03/2025,09:03,15:55,GHG5H21,Kia/Soul,2025-03-22 09:03:00,2025-03-22 15:55:00,0 days 06:52:00,0,1,6.866666666666666,3,9,Saturday,Sábado
22/03/2025,08:19,18:16,HJK6J43,Mitsubishi/ASX,2025-03-22 08:19:00,2025-03-22 18:16:00,0 days 09:57:00,0,1,9.95,3,8,Saturday,Sábado
24/03/2025,06:03,16:37,ALC1D23,Toyota/Corolla,2025-03-24 06:03:00,2025-03-24 16:37:00,0 days 10:34:00,0,1,10.566666666666666,3,6,Monday,Segunda
24/03/2025,06:46,19:52,JDL2M45,Chevrolet/Onix,2025-03-24 06:46:00,2025-03-24 19:52:00,0 days 13:06:00,0,1,13.1,3,6,Monday,Segunda
24/03/2025,06:58,18:54,QWE3R67,Volkswagen/Polo,2025-03-24 06:58:00,2025-03-24 18:54:00,0 days 11:56:00,0,1,11.933333333333334,3,6,Monday,Segunda
24/03/2025,06:52,16:49,RTY4U89,Hyundai/HB20,2025-03-24 06:52:00,2025-03-24 16:49:00,0 days 09:57:00,0,1,9.95,3,6,Monday,Segunda
24/03/2025,06:41,16:04,UIO5P10,Honda/Civic,2025-03-24 06:41:00,2025-03-24 16:04:00,0 days 09:23:00,0,1,9.383333333333333,3,6,Monday,Segunda
24/03/2025,06:07,15:01,ASD6F32,Nissan/Kicks,2025-03-24 06:07:00,2025-03-24 15:01:00,0 days 08:54:00,0,1,8.9,3,6,Monday,Segunda
24/03/2025,06:03,17:48,ZXC7V54,Fiat/Fastback,2025-03-24 06:03:00,2025-03-24 17:48:00,0 days 11:45:00,0,1,11.75,3,6,Monday,Segunda
24/03/2025,06:50,18:10,VBN8G76,Renault/Kwid,2025-03-24 06:50:00,2025-03-24 18:10:00,0 days 11:20:00,0,1,11.333333333333334,3,6,Monday,Segunda
24/03/2025,06:25,19:43,MNB9H98,Jeep/Compass,2025-03-24 06:25:00,2025-03-24 19:43:00,0 days 13:18:00,0,1,13.3,3,6,Monday,Segunda
24/03/2025,06:20,17:01,POI0J21,Peugeot/208,2025-03-24 06:20:00,2025-03-24 17:01:00,0 days 10:41:00,0,1,10.683333333333334,3,6,Monday,Segunda
24/03/2025,06:02,18:30,LKM1Z43,Citroen/C3,2025-03-24 06:02:00,2025-03-24 18:30:00,0 days 12:28:00,0,1,12.466666666666667,3,6,Monday,Segunda
24/03/2025,06:14,18:11,HGF2X65,BYD/Dolphin,2025-03-24 06:14:00,2025-03-24 18:11:00,0 days 11:57:00,0,1,11.95,3,6,Monday,Segunda
24/03/2025,06:09,16:08,QAZ3W87,Toyota/Etios,2025-03-24 06:09:00,2025-03-24 16:08:00,0 days 09:59:00,0,1,9.983333333333333,3,6,Monday,Segunda
24/03/2025,08:26,17:51,WSX4E09,Chevrolet/Cruze,2025-03-24 08:26:00,2025-03-24 17:51:00,0 days 09:25:00,0,1,9.416666666666666,3,8,Monday,Segunda
24/03/2025,08:29,15:47,EDC5R21,Volkswagen/Fox,2025-03-24 08:29:00,2025-03-24 15:47:00,0 days 07:18:00,0,1,7.3,3,8,Monday,Segunda
24/03/2025,08:47,18:14,RFV6T43,Hyundai/Tucson,2025-03-24 08:47:00,2025-03-24 18:14:00,0 days 09:27:00,0,1,9.45,3,8,Monday,Segunda
24/03/2025,08:53,16:28,TGB7Y65,Honda/Fit,2025-03-24 08:53:00,2025-03-24 16:28:00,0 days 07:35:00,0,1,7.583333333333333,3,8,Monday,Segunda
24/03/2025,08:14,15:23,YHN8U87,Nissan/March,2025-03-24 08:14:00,2025-03-24 15:23:00,0 days 07:09:00,0,1,7.15,3,8,Monday,Segunda
24/03/2025,09:42,18:44,UJM9I09,Fiat/Palio,2025-03-24 09:42:00,2025-03-24 18:44:00,0 days 09:02:00,0,1,9.033333333333333,3,9,Monday,Segunda
24/03/2025,09:43,15:37,IKL0O21,Renault/Sandero,2025-03-24 09:43:00,2025-03-24 15:37:00,0 days 05:54:00,0,1,5.9,3,9,Monday,Segunda
24/03/2025,09:33,15:51,OLP1P43,Jeep/Renegade,2025-03-24 09:33:00,2025-03-24 15:51:00,0 days 06:18:00,0,1,6.3,3,9,Monday,Segunda
24/03/2025,08:42,18:03,PAS2D65,Peugeot/308,2025-03-24 08:42:00,2025-03-24 18:03:00,0 days 09:21:00,0,1,9.35,3,8,Monday,Segunda
24/03/2025,09:13,16:05,DFG3S87,Citroen/C4,2025-03-24 09:13:00,2025-03-24 16:05:00,0 days 06:52:00,0,1,6.866666666666666,3,9,Monday,Segunda
24/03/2025,08:08,19:49,SDF4G09,Ford/Focus,2025-03-24 08:08:00,2025-03-24 19:49:00,0 days 11:41:00,0,1,11.683333333333334,3,8,Monday,Segunda
24/03/2025,08:54,17:46,GHG5H21,Kia/Soul,2025-03-24 08:54:00,2025-03-24 17:46:00,0 days 08:52:00,0,1,8.866666666666667,3,8,Monday,Segunda
24/03/2025,09:49,16:13,HJK6J43,Mitsubishi/ASX,2025-03-24 09:49:00,2025-03-24 16:13:00,0 days 06:24:00,0,1,6.4,3,9,Monday,Segunda
24/03/2025,08:44,17:47,JKL7K65,Suzuki/Swift,2025-03-24 08:44:00,2025-03-24 17:47:00,0 days 09:03:00,0,1,9.05,3,8,Monday,Segunda
24/03/2025,08:35,19:45,AJC7M65,Chevrolet/Celta,2025-03-24 08:35:00,2025-03-24 19:45:00,0 days 11:10:00,0,1,11.166666666666666,3,8,Monday,Segunda
24/03/2025,08:49,18:27,DEF7L65,Fiat/Uno,2025-03-24 08:49:00,2025-03-24 18:27:00,0 days 09:38:00,0,1,9.633333333333333,3,8,Monday,Segunda
24/03/2025,09:14,18:21,JBL7K65,Ford/Fiesta,2025-03-24 09:14:00,2025-03-24 18:21:00,0 days 09:07:00,0,1,9.116666666666667,3,9,Monday,Segunda
25/03/2025,06:30,17:22,ALC1D23,Toyota/Corolla,2025-03-25 06:30:00,2025-03-25 17:22:00,0 days 10:52:00,0,1,10.866666666666667,3,6,Tuesday,Terça
25/03/2025,06:17,19:50,JDL2M45,Chevrolet/Onix,2025-03-25 06:17:00,2025-03-25 19:50:00,0 days 13:33:00,0,1,13.55,3,6,Tuesday,Terça
25/03/2025,06:23,15:32,QWE3R67,Volkswagen/Polo,2025-03-25 06:23:00,2025-03-25 15:32:00,0 days 09:09:00,0,1,9.15,3,6,Tuesday,Terça
25/03/2025,06:46,19:06,RTY4U89,Hyundai/HB20,2025-03-25 06:46:00,2025-03-25 19:06:00,0 days 12:20:00,0,1,12.333333333333334,3,6,Tuesday,Terça
25/03/2025,06:33,19:30,UIO5P10,Honda/Civic,2025-03-25 06:33:00,2025-03-25 19:30:00,0 days 12:57:00,0,1,12.95,3,6,Tuesday,Terça
25/03/2025,06:11,18:17,ASD6F32,Nissan/Kicks,2025-03-25 06:11:00,2025-03-25 18:17:00,0 days 12:06:00,0,1,12.1,3,6,Tuesday,Terça
25/03/2025,06:07,15:51,ZXC7V54,Fiat/Fastback,2025-03-25 06:07:00,2025-03-25 15:51:00,0 days 09:44:00,0,1,9.733333333333333,3,6,Tuesday,Terça
25/03/2025,06:35,15:02,VBN8G76,Renault/Kwid,2025-03-25 06:35:00,2025-03-25 15:02:00,0 days 08:27:00,0,1,8.45,3,6,Tuesday,Terça
25/03/2025,06:23,16:12,MNB9H98,Jeep/Compass,2025-03-25 06:23:00,2025-03-25 16:12:00,0 days 09:49:00,0,1,9.816666666666666,3,6,Tuesday,Terça
25/03/2025,06:32,17:09,POI0J21,Peugeot/208,2025-03-25 06:32:00,2025-03-25 17:09:00,0 days 10:37:00,0,1,10.616666666666667,3,6,Tuesday,Terça
25/03/2025,06:17,17:03,LKM1Z43,Citroen/C3,2025-03-25 06:17:00,2025-03-25 17:03:00,0 days 10:46:00,0,1,10.766666666666667,3,6,Tuesday,Terça
25/03/2025,06:03,17:23,HGF2X65,BYD/Dolphin,2025-03-25 06:03:00,2025-03-25 17:23:00,0 days 11:20:00,0,1,11.333333333333334,3,6,Tuesday,Terça
25/03/2025,06:30,17:36,QAZ3W87,Toyota/Etios,2025-03-25 06:30:00,2025-03-25 17:36:00,0 days 11:06:00,0,1,11.1,3,6,Tuesday,Terça
25/03/2025,09:21,17:03,WSX4E09,Chevrolet/Cruze,2025-03-25 09:21:00,2025-03-25 17:03:00,0 days 07:42:00,0,1,7.7,3,9,Tuesday,Terça
25/03/2025,08:13,19:51,EDC5R21,Volkswagen/Fox,2025-03-25 08:13:00,2025-03-25 19:51:00,0 days 11:38:00,0,1,11.633333333333333,3,8,Tuesday,Terça
25/03/2025,09:34,19:21,RFV6T43,Hyundai/Tucson,2025-03-25 09:34:00,2025-03-25 19:21:00,0 days 09:47:00,0,1,9.783333333333333,3,9,Tuesday,Terça
25/03/2025,08:29,18:24,TGB7Y65,Honda/Fit,2025-03-25 08:29:00,2025-03-25 18:24:00,0 days 09:55:00,0,1,9.916666666666666,3,8,Tuesday,Terça
25/03/2025,09:21,18:09,YHN8U87,Nissan/March,2025-03-25 09:21:00,2025-03-25 18:09:00,0 days 08:48:00,0,1,8.8,3,9,Tuesday,Terça
25/03/2025,08:13,16:10,UJM9I09,Fiat/Palio,2025-03-25 08:13:00,2025-03-25 16:10:00,0 days 07:57:00,0,1,7.95,3,8,Tuesday,Terça
25/03/2025,08:49,19:15,IKL0O21,Renault/Sandero,2025-03-25 08:49:00,2025-03-25 19:15:00,0 days 10:26:00,0,1,10.433333333333334,3,8,Tuesday,Terça
25/03/2025,09:04,19:22,OLP1P43,Jeep/Renegade,2025-03-25 09:04:00,2025-03-25 19:22:00,0 days 10:18:00,0,1,10.3,3,9,Tuesday,Terça
25/03/2025,09:17,18:11,PAS2D65,Peugeot/308,2025-03-25 09:17:00,2025-03-25 18:11:00,0 days 08:54:00,0,1,8.9,3,9,Tuesday,Terça
25/03/2025,09:52,15:58,DFG3S87,Citroen/C4,2025-03-25 09:52:00,2025-03-25 15:58:00,0 days 06:06:00,0,1,6.1,3,9,Tuesday,Terça
25/03/2025,09:21,19:10,SDF4G09,Ford/Focus,2025-03-25 09:21:00,2025-03-25 19:10:00,0 days 09:49:00,0,1,9.816666666666666,3,9,Tuesday,Terça
25/03/2025,09:26,19:26,GHG5H21,Kia/Soul,2025-03-25 09:26:00,2025-03-25 19:26:00,0 days 10:00:00,0,1,10.0,3,9,Tuesday,Terça
25/03/2025,08:41,19:02,HJK6J43,Mitsubishi/ASX,2025-03-25 08:41:00,2025-03-25 19:02:00,0 days 10:21:00,0,1,10.35,3,8,Tuesday,Terça
25/03/2025,08:06,17:01,JKL7K65,Suzuki/Swift,2025-03-25 08:06:00,2025-03-25 17:01:00,0 days 08:55:00,0,1,8.916666666666666,3,8,Tuesday,Terça
25/03/2025,09:10,17:47,AJC7M65,Chevrolet/Celta,2025-03-25 09:10:00,2025-03-25 17:47:00,0 days 08:37:00,0,1,8.616666666666667,3,9,Tuesday,Terça
25/03/2025,08:43,16:32,DEF7L65,Fiat/Uno,2025-03-25 08:43:00,2025-03-25 16:32:00,0 days 07:49:00,0,1,7.816666666666666,3,8,Tuesday,Terça
25/03/2025,10:42,18:02,JBL7K65,Ford/Fiesta,2025-03-25 10:42:00,2025-03-25 18:02:00,0 days 07:20:00,0,1,7.333333333333333,3,10,Tuesday,Terça
26/03/2025,06:24,16:30,ALC1D23,Toyota/Corolla,2025-03-26 06:24:00,2025-03-26 16:30:00,0 days 10:06:00,0,1,10.1,3,6,Wednesday,Quarta
26/03/2025,06:10,16:29,JDL2M45,Chevrolet/Onix,2025-03-26 06:10:00,2025-03-26 16:29:00,0 days 10:19:00,0,1,10.316666666666666,3,6,Wednesday,Quarta
26/03/2025,06:41,16:29,QWE3R67,Volkswagen/Polo,2025-03-26 06:41:00,2025-03-26 16:29:00,0 days 09:48:00,0,1,9.8,3,6,Wednesday,Quarta
26/03/2025,06:09,17:44,RTY4U89,Hyundai/HB20,2025-03-26 06:09:00,2025-03-26 17:44:00,0 days 11:35:00,0,1,11.583333333333334,3,6,Wednesday,Quarta
26/03/2025,06:36,16:22,UIO5P10,Honda/Civic,2025-03-26 06:36:00,2025-03-26 16:22:00,0 days 09:46:00,0,1,9.766666666666667,3,6,Wednesday,Quarta
26/03/2025,06:14,18:11,ASD6F32,Nissan/Kicks,2025-03-26 06:14:00,2025-03-26 18:11:00,0 days 11:57:00,0,1,11.95,3,6,Wednesday,Quarta
26/03/2025,06:49,17:43,ZXC7V54,Fiat/Fastback,2025-03-26 06:49:00,2025-03-26 17:43:00,0 days 10:54:00,0,1,10.9,3,6,Wednesday,Quarta
26/03/2025,06:31,16:03,VBN8G76,Renault/Kwid,2025-03-26 06:31:00,2025-03-26 16:03:00,0 days 09:32:00,0,1,9.533333333333333,3,6,Wednesday,Quarta
26/03/2025,06:03,17:13,MNB9H98,Jeep/Compass,2025-03-26 06:03:00,2025-03-26 17:13:00,0 days 11:10:00,0,1,11.166666666666666,3,6,Wednesday,Quarta
26/03/2025,06:32,19:41,POI0J21,Peugeot/208,2025-03-26 06:32:00,2025-03-26 19:41:00,0 days 13:09:00,0,1,13.15,3,6,Wednesday,Quarta
26/03/2025,06:11,17:19,LKM1Z43,Citroen/C3,2025-03-26 06:11:00,2025-03-26 17:19:00,0 days 11:08:00,0,1,11.133333333333333,3,6,Wednesday,Quarta
26/03/2025,06:38,17:07,HGF2X65,BYD/Dolphin,2025-03-26 06:38:00,2025-03-26 17:07:00,0 days 10:29:00,0,1,10.483333333333333,3,6,Wednesday,Quarta
26/03/2025,06:55,19:08,QAZ3W87,Toyota/Etios,2025-03-26 06:55:00,2025-03-26 19:08:00,0 days 12:13:00,0,1,12.216666666666667,3,6,Wednesday,Quarta
26/03/2025,09:46,19:56,WSX4E09,Chevrolet/Cruze,2025-03-26 09:46:00,2025-03-26 19:56:00,0 days 10:10:00,0,1,10.166666666666666,3,9,Wednesday,Quarta
26/03/2025,09:24,15:20,EDC5R21,Volkswagen/Fox,2025-03-26 09:24:00,2025-03-26 15:20:00,0 days 05:56:00,0,1,5.933333333333334,3,9,Wednesday,Quarta
26/03/2025,09:47,15:20,RFV6T43,Hyundai/Tucson,2025-03-26 09:47:00,2025-03-26 15:20:00,0 days 05:33:00,0,1,5.55,3,9,Wednesday,Quarta
26/03/2025,08:19,17:00,TGB7Y65,Honda/Fit,2025-03-26 08:19:00,2025-03-26 17:00:00,0 days 08:41:00,0,1,8.683333333333334,3,8,Wednesday,Quarta
26/03/2025,09:11,16:30,YHN8U87,Nissan/March,2025-03-26 09:11:00,2025-03-26 16:30:00,0 days 07:19:00,0,1,7.316666666666666,3,9,Wednesday,Quarta
26/03/2025,09:14,17:53,UJM9I09,Fiat/Palio,2025-03-26 09:14:00,2025-03-26 17:53:00,0 days 08:39:00,0,1,8.65,3,9,Wednesday,Quarta
26/03/2025,08:51,16:58,IKL0O21,Renault/Sandero,2025-03-26 08:51:00,2025-03-26 16:58:00,0 days 08:07:00,0,1,8.116666666666667,3,8,Wednesday,Quarta
26/03/2025,09:17,15:01,OLP1P43,Jeep/Renegade,2025-03-26 09:17:00,2025-03-26 15:01:00,0 days 05:44:00,0,1,5.733333333333333,3,9,Wednesday,Quarta
26/03/2025,09:07,18:39,PAS2D65,Peugeot/308,2025-03-26 09:07:00,2025-03-26 18:39:00,0 days 09:32:00,0,1,9.533333333333333,3,9,Wednesday,Quarta
26/03/2025,09:45,15:06,DFG3S87,Citroen/C4,2025-03-26 09:45:00,2025-03-26 15:06:00,0 days 05:21:00,0,1,5.35,3,9,Wednesday,Quarta
26/03/2025,09:10,16:57,SDF4G09,Ford/Focus,2025-03-26 09:10:00,2025-03-26 16:57:00,0 days 07:47:00,0,1,7.783333333333333,3,9,Wednesday,Quarta
26/03/2025,09:02,15:26,GHG5H21,Kia/Soul,2025-03-26 09:02:00,2025-03-26 15:26:00,0 days 06:24:00,0,1,6.4,3,9,Wednesday,Quarta
26/03/2025,09:11,16:14,HJK6J43,Mitsubishi/ASX,2025-03-26 09:11:00,2025-03-26 16:14:00,0 days 07:03:00,0,1,7.05,3,9,Wednesday,Quarta
26/03/2025,08:51,17:58,JKL7K65,Suzuki/Swift,2025-03-26 08:51:00,2025-03-26 17:58:00,0 days 09:07:00,0,1,9.116666666666667,3,8,Wednesday,Quarta
26/03/2025,08:35,19:19,AJC7M65,Chevrolet/Celta,2025-03-26 08:35:00,2025-03-26 19:19:00,0 days 10:44:00,0,1,10.733333333333333,3,8,Wednesday,Quarta
26/03/2025,08:55,18:53,DEF7L65,Fiat/Uno,2025-03-26 08:55:00,2025-03-26 18:53:00,0 days 09:58:00,0,1,9.966666666666667,3,8,Wednesday,Quarta
26/03/2025,09:17,16:46,JBL7K65,Ford/Fiesta,2025-03-26 09:17:00,2025-03-26 16:46:00,0 days 07:29:00,0,1,7.483333333333333,3,9,Wednesday,Quarta
27/03/2025,06:12,15:53,ALC1D23,Toyota/Corolla,2025-03-27 06:12:00,2025-03-27 15:53:00,0 days 09:41:00,0,1,9.683333333333334,3,6,Thursday,Quinta
27/03/2025,06:04,18:28,JDL2M45,Chevrolet/Onix,2025-03-27 06:04:00,2025-03-27 18:28:00,0 days 12:24:00,0,1,12.4,3,6,Thursday,Quinta
27/03/2025,06:05,15:24,QWE3R67,Volkswagen/Polo,2025-03-27 06:05:00,2025-03-27 15:24:00,0 days 09:19:00,0,1,9.316666666666666,3,6,Thursday,Quinta
27/03/2025,06:09,17:05,RTY4U89,Hyundai/HB20,2025-03-27 06:09:00,2025-03-27 17:05:00,0 days 10:56:00,0,1,10.933333333333334,3,6,Thursday,Quinta
27/03/2025,06:50,17:54,UIO5P10,Honda/Civic,2025-03-27 06:50:00,2025-03-27 17:54:00,0 days 11:04:00,0,1,11.066666666666666,3,6,Thursday,Quinta
27/03/2025,06:29,18:18,ASD6F32,Nissan/Kicks,2025-03-27 06:29:00,2025-03-27 18:18:00,0 days 11:49:00,0,1,11.816666666666666,3,6,Thursday,Quinta
27/03/2025,06:06,19:56,ZXC7V54,Fiat/Fastback,2025-03-27 06:06:00,2025-03-27 19:56:00,0 days 13:50:00,0,1,13.833333333333334,3,6,Thursday,Quinta
27/03/2025,06:18,15:27,VBN8G76,Renault/Kwid,2025-03-27 06:18:00,2025-03-27 15:27:00,0 days 09:09:00,0,1,9.15,3,6,Thursday,Quinta
27/03/2025,06:33,19:05,MNB9H98,Jeep/Compass,2025-03-27 06:33:00,2025-03-27 19:05:00,0 days 12:32:00,0,1,12.533333333333333,3,6,Thursday,Quinta
27/03/2025,06:31,19:29,POI0J21,Peugeot/208,2025-03-27 06:31:00,2025-03-27 19:29:00,0 days 12:58:00,0,1,12.966666666666667,3,6,Thursday,Quinta
27/03/2025,06:45,15:39,LKM1Z43,Citroen/C3,2025-03-27 06:45:00,2025-03-27 15:39:00,0 days 08:54:00,0,1,8.9,3,6,Thursday,Quinta
27/03/2025,06:36,16:33,HGF2X65,BYD/Dolphin,2025-03-27 06:36:00,2025-03-27 16:33:00,0 days 09:57:00,0,1,9.95,3,6,Thursday,Quinta
27/03/2025,06:32,19:01,QAZ3W87,Toyota/Etios,2025-03-27 06:32:00,2025-03-27 19:01:00,0 days 12:29:00,0,1,12.483333333333333,3,6,Thursday,Quinta
27/03/2025,09:25,17:39,WSX4E09,Chevrolet/Cruze,2025-03-27 09:25:00,2025-03-27 17:39:00,0 days 08:14:00,0,1,8.233333333333333,3,9,Thursday,Quinta
27/03/2025,08:59,18:07,EDC5R21,Volkswagen/Fox,2025-03-27 08:59:00,2025-03-27 18:07:00,0 days 09:08:00,0,1,9.133333333333333,3,8,Thursday,Quinta
27/03/2025,09:38,18:22,RFV6T43,Hyundai/Tucson,2025-03-27 09:38:00,2025-03-27 18:22:00,0 days 08:44:00,0,1,8.733333333333333,3,9,Thursday,Quinta
27/03/2025,08:38,15:11,TGB7Y65,Honda/Fit,2025-03-27 08:38:00,2025-03-27 15:11:00,0 days 06:33:00,0,1,6.55,3,8,Thursday,Quinta
27/03/2025,08:37,16:22,YHN8U87,Nissan/March,2025-03-27 08:37:00,2025-03-27 16:22:00,0 days 07:45:00,0,1,7.75,3,8,Thursday,Quinta
27/03/2025,09:24,19:50,UJM9I09,Fiat/Palio,2025-03-27 09:24:00,2025-03-27 19:50:00,0 days 10:26:00,0,1,10.433333333333334,3,9,Thursday,Quinta
27/03/2025,08:20,19:50,IKL0O21,Renault/Sandero,2025-03-27 08:20:00,2025-03-27 19:50:00,0 days 11:30:00,0,1,11.5,3,8,Thursday,Quinta
27/03/2025,09:43,16:21,OLP1P43,Jeep/Renegade,2025-03-27 09:43:00,2025-03-27 16:21:00,0 days 06:38:00,0,1,6.633333333333334,3,9,Thursday,Quinta
27/03/2025,09:47,15:44,PAS2D65,Peugeot/308,2025-03-27 09:47:00,2025-03-27 15:44:00,0 days 05:57:00,0,1,5.95,3,9,Thursday,Quinta
27/03/2025,08:37,19:57,DFG3S87,Citroen/C4,2025-03-27 08:37:00,2025-03-27 19:57:00,0 days 11:20:00,0,1,11.333333333333334,3,8,Thursday,Quinta
27/03/2025,09:29,19:22,SDF4G09,Ford/Focus,2025-03-27 09:29:00,2025-03-27 19:22:00,0 days 09:53:00,0,1,9.883333333333333,3,9,Thursday,Quinta
27/03/2025,09:04,19:49,GHG5H21,Kia/Soul,2025-03-27 09:04:00,2025-03-27 19:49:00,0 days 10:45:00,0,1,10.75,3,9,Thursday,Quinta
27/03/2025,08:51,18:08,HJK6J43,Mitsubishi/ASX,2025-03-27 08:51:00,2025-03-27 18:08:00,0 days 09:17:00,0,1,9.283333333333333,3,8,Thursday,Quinta
27/03/2025,09:58,17:21,JKL7K65,Suzuki/Swift,2025-03-27 09:58:00,2025-03-27 17:21:00,0 days 07:23:00,0,1,7.383333333333334,3,9,Thursday,Quinta
27/03/2025,08:08,16:03,AJC7M65,Chevrolet/Celta,2025-03-27 08:08:00,2025-03-27 16:03:00,0 days 07:55:00,0,1,7.916666666666667,3,8,Thursday,Quinta
27/03/2025,08:58,17:50,DEF7L65,Fiat/Uno,2025-03-27 08:58:00,2025-03-27 17:50:00,0 days 08:52:00,0,1,8.866666666666667,3,8,Thursday,Quinta
27/03/2025,09:03,17:53,JBL7K65,Ford/Fiesta,2025-03-27 09:03:00,2025-03-27 17:53:00,0 days 08:50:00,0,1,8.833333333333334,3,9,Thursday,Quinta
28/03/2025,06:40,18:54,ALC1D23,Toyota/Corolla,2025-03-28 06:40:00,2025-03-28 18:54:00,0 days 12:14:00,0,1,12.233333333333333,3,6,Friday,Sexta
28/03/2025,06:30,18:24,JDL2M45,Chevrolet/Onix,2025-03-28 06:30:00,2025-03-28 18:24:00,0 days 11:54:00,0,1,11.9,3,6,Friday,Sexta
28/03/2025,06:30,15:52,QWE3R67,Volkswagen/Polo,2025-03-28 06:30:00,2025-03-28 15:52:00,0 days 09:22:00,0,1,9.366666666666667,3,6,Friday,Sexta
28/03/2025,06:54,16:49,RTY4U89,Hyundai/HB20,2025-03-28 06:54:00,2025-03-28 16:49:00,0 days 09:55:00,0,1,9.916666666666666,3,6,Friday,Sexta
28/03/2025,06:44,15:07,UIO5P10,Honda/Civic,2025-03-28 06:44:00,2025-03-28 15:07:00,0 days 08:23:00,0,1,8.383333333333333,3,6,Friday,Sexta
28/03/2025,06:57,15:35,ASD6F32,Nissan/Kicks,2025-03-28 06:57:00,2025-03-28 15:35:00,0 days 08:38:00,0,1,8.633333333333333,3,6,Friday,Sexta
28/03/2025,06:30,18:44,ZXC7V54,Fiat/Fastback,2025-03-28 06:30:00,2025-03-28 18:44:00,0 days 12:14:00,0,1,12.233333333333333,3,6,Friday,Sexta
28/03/2025,06:49,17:16,VBN8G76,Renault/Kwid,2025-03-28 06:49:00,2025-03-28 17:16:00,0 days 10:27:00,0,1,10.45,3,6,Friday,Sexta
28/03/2025,06:48,16:06,MNB9H98,Jeep/Compass,2025-03-28 06:48:00,2025-03-28 16:06:00,0 days 09:18:00,0,1,9.3,3,6,Friday,Sexta
28/03/2025,06:52,15:48,POI0J21,Peugeot/208,2025-03-28 06:52:00,2025-03-28 15:48:00,0 days 08:56:00,0,1,8.933333333333334,3,6,Friday,Sexta
28/03/2025,06:19,15:33,LKM1Z43,Citroen/C3,2025-03-28 06:19:00,2025-03-28 15:33:00,0 days 09:14:00,0,1,9.233333333333333,3,6,Friday,Sexta
28/03/2025,06:42,15:21,HGF2X65,BYD/Dolphin,2025-03-28 06:42:00,2025-03-28 15:21:00,0 days 08:39:00,0,1,8.65,3,6,Friday,Sexta
28/03/2025,06:41,15:18,QAZ3W87,Toyota/Etios,2025-03-28 06:41:00,2025-03-28 15:18:00,0 days 08:37:00,0,1,8.616666666666667,3,6,Friday,Sexta
28/03/2025,08:09,17:08,WSX4E09,Chevrolet/Cruze,2025-03-28 08:09:00,2025-03-28 17:08:00,0 days 08:59:00,0,1,8.983333333333333,3,8,Friday,Sexta
28/03/2025,09:10,18:34,EDC5R21,Volkswagen/Fox,2025-03-28 09:10:00,2025-03-28 18:34:00,0 days 09:24:00,0,1,9.4,3,9,Friday,Sexta
28/03/2025,08:54,18:25,RFV6T43,Hyundai/Tucson,2025-03-28 08:54:00,2025-03-28 18:25:00,0 days 09:31:00,0,1,9.516666666666667,3,8,Friday,Sexta
28/03/2025,08:58,16:17,TGB7Y65,Honda/Fit,2025-03-28 08:58:00,2025-03-28 16:17:00,0 days 07:19:00,0,1,7.316666666666666,3,8,Friday,Sexta
28/03/2025,09:30,18:04,YHN8U87,Nissan/March,2025-03-28 09:30:00,2025-03-28 18:04:00,0 days 08:34:00,0,1,8.566666666666666,3,9,Friday,Sexta
28/03/2025,09:32,18:53,UJM9I09,Fiat/Palio,2025-03-28 09:32:00,2025-03-28 18:53:00,0 days 09:21:00,0,1,9.35,3,9,Friday,Sexta
28/03/2025,09:21,19:05,IKL0O21,Renault/Sandero,2025-03-28 09:21:00,2025-03-28 19:05:00,0 days 09:44:00,0,1,9.733333333333333,3,9,Friday,Sexta
28/03/2025,09:57,19:52,OLP1P43,Jeep/Renegade,2025-03-28 09:57:00,2025-03-28 19:52:00,0 days 09:55:00,0,1,9.916666666666666,3,9,Friday,Sexta
28/03/2025,08:18,19:39,PAS2D65,Peugeot/308,2025-03-28 08:18:00,2025-03-28 19:39:00,0 days 11:21:00,0,1,11.35,3,8,Friday,Sexta
28/03/2025,08:20,15:19,DFG3S87,Citroen/C4,2025-03-28 08:20:00,2025-03-28 15:19:00,0 days 06:59:00,0,1,6.983333333333333,3,8,Friday,Sexta
28/03/2025,09:32,15:30,SDF4G09,Ford/Focus,2025-03-28 09:32:00,2025-03-28 15:30:00,0 days 05:58:00,0,1,5.966666666666667,3,9,Friday,Sexta
28/03/2025,08:56,19:28,GHG5H21,Kia/Soul,2025-03-28 08:56:00,2025-03-28 19:28:00,0 days 10:32:00,0,1,10.533333333333333,3,8,Friday,Sexta
28/03/2025,08:27,19:17,HJK6J43,Mitsubishi/ASX,2025-03-28 08:27:00,2025-03-28 19:17:00,0 days 10:50:00,0,1,10.833333333333334,3,8,Friday,Sexta
28/03/2025,08:54,19:08,JKL7K65,Suzuki/Swift,2025-03-28 08:54:00,2025-03-28 19:08:00,0 days 10:14:00,0,1,10.233333333333333,3,8,Friday,Sexta
28/03/2025,10:38,16:22,AJC7M65,Chevrolet/Celta,2025-03-28 10:38:00,2025-03-28 16:22:00,0 days 05:44:00,0,1,5.733333333333333,3,10,Friday,Sexta
28/03/2025,08:59,16:56,DEF7L65,Fiat/Uno,2025-03-28 08:59:00,2025-03-28 16:56:00,0 days 07:57:00,0,1,7.95,3,8,Friday,Sexta
28/03/2025,08:48,18:26,JBL7K65,Ford/Fiesta,2025-03-28 08:48:00,2025-03-28 18:26:00,0 days 09:38:00,0,1,9.633333333333333,3,8,Friday,Sexta
29/03/2025,09:52,16:54,WSX4E09,Chevrolet/Cruze,2025-03-29 09:52:00,2025-03-29 16:54:00,0 days 07:02:00,0,1,7.033333333333333,3,9,Saturday,Sábado
29/03/2025,09:27,16:38,EDC5R21,Volkswagen/Fox,2025-03-29 09:27:00,2025-03-29 16:38:00,0 days 07:11:00,0,1,7.183333333333334,3,9,Saturday,Sábado
29/03/2025,08:47,16:14,TGB7Y65,Honda/Fit,2025-03-29 08:47:00,2025-03-29 16:14:00,0 days 07:27:00,0,1,7.45,3,8,Saturday,Sábado
29/03/2025,08:45,16:53,IKL0O21,Renault/Sandero,2025-03-29 08:45:00,2025-03-29 16:53:00,0 days 08:08:00,0,1,8.133333333333333,3,8,Saturday,Sábado
29/03/2025,08:06,19:30,PAS2D65,Peugeot/308,2025-03-29 08:06:00,2025-03-29 19:30:00,0 days 11:24:00,0,1,11.4,3,8,Saturday,Sábado
29/03/2025,09:53,19:38,SDF4G09,Ford/Focus,2025-03-29 09:53:00,2025-03-29 19:38:00,0 days 09:45:00,0,1,9.75,3,9,Saturday,Sábado
29/03/2025,08:22,19:41,GHG5H21,Kia/Soul,2025-03-29 08:22:00,2025-03-29 19:41:00,0 days 11:19:00,0,1,11.316666666666666,3,8,Saturday,Sábado
29/03/2025,08:26,17:54,HJK6J43,Mitsubishi/ASX,2025-03-29 08:26:00,2025-03-29 17:54:00,0 days 09:28:00,0,1,9.466666666666667,3,8,Saturday,Sábado
31/03/2025,06:56,17:04,ALC1D23,Toyota/Corolla,2025-03-31 06:56:00,2025-03-31 17:04:00,0 days 10:08:00,0,1,10.133333333333333,3,6,Monday,Segunda
31/03/2025,06:40,15:03,JDL2M45,Chevrolet/Onix,2025-03-31 06:40:00,2025-03-31 15:03:00,0 days 08:23:00,0,1,8.383333333333333,3,6,Monday,Segunda
31/03/2025,06:10,18:47,QWE3R67,Volkswagen/Polo,2025-03-31 06:10:00,2025-03-31 18:47:00,0 days 12:37:00,0,1,12.616666666666667,3,6,Monday,Segunda
31/03/2025,06:36,16:46,RTY4U89,Hyundai/HB20,2025-03-31 06:36:00,2025-03-31 16:46:00,0 days 10:10:00,0,1,10.166666666666666,3,6,Monday,Segunda
31/03/2025,06:06,16:39,UIO5P10,Honda/Civic,2025-03-31 06:06:00,2025-03-31 16:39:00,0 days 10:33:00,0,1,10.55,3,6,Monday,Segunda
31/03/2025,06:58,18:28,ASD6F32,Nissan/Kicks,2025-03-31 06:58:00,2025-03-31 18:28:00,0 days 11:30:00,0,1,11.5,3,6,Monday,Segunda
31/03/2025,06:31,17:39,ZXC7V54,Fiat/Fastback,2025-03-31 06:31:00,2025-03-31 17:39:00,0 days 11:08:00,0,1,11.133333333333333,3,6,Monday,Segunda
31/03/2025,06:45,18:39,VBN8G76,Renault/Kwid,2025-03-31 06:45:00,2025-03-31 18:39:00,0 days 11:54:00,0,1,11.9,3,6,Monday,Segunda
31/03/2025,06:28,17:09,MNB9H98,Jeep/Compass,2025-03-31 06:28:00,2025-03-31 17:09:00,0 days 10:41:00,0,1,10.683333333333334,3,6,Monday,Segunda
31/03/2025,06:55,19:26,POI0J21,Peugeot/208,2025-03-31 06:55:00,2025-03-31 19:26:00,0 days 12:31:00,0,1,12.516666666666667,3,6,Monday,Segunda
31/03/2025,06:22,18:49,LKM1Z43,Citroen/C3,2025-03-31 06:22:00,2025-03-31 18:49:00,0 days 12:27:00,0,1,12.45,3,6,Monday,Segunda
31/03/2025,06:23,18:46,HGF2X65,BYD/Dolphin,2025-03-31 06:23:00,2025-03-31 18:46:00,0 days 12:23:00,0,1,12.383333333333333,3,6,Monday,Segunda
31/03/2025,06:38,19:21,QAZ3W87,Toyota/Etios,2025-03-31 06:38:00,2025-03-31 19:21:00,0 days 12:43:00,0,1,12.716666666666667,3,6,Monday,Segunda
31/03/2025,09:21,15:43,WSX4E09,Chevrolet/Cruze,2025-03-31 09:21:00,2025-03-31 15:43:00,0 days 06:22:00,0,1,6.366666666666666,3,9,Monday,Segunda
31/03/2025,08:53,19:09,EDC5R21,Volkswagen/Fox,2025-03-31 08:53:00,2025-03-31 19:09:00,0 days 10:16:00,0,1,10.266666666666667,3,8,Monday,Segunda
31/03/2025,09:34,17:56,RFV6T43,Hyundai/Tucson,2025-03-31 09:34:00,2025-03-31 17:56:00,0 days 08:22:00,0,1,8.366666666666667,3,9,Monday,Segunda
31/03/2025,08:22,16:58,TGB7Y65,Honda/Fit,2025-03-31 08:22:00,2025-03-31 16:58:00,0 days 08:36:00,0,1,8.6,3,8,Monday,Segunda
31/03/2025,09:58,17:54,YHN8U87,Nissan/March,2025-03-31 09:58:00,2025-03-31 17:54:00,0 days 07:56:00,0,1,7.933333333333334,3,9,Monday,Segunda
31/03/2025,09:06,18:24,UJM9I09,Fiat/Palio,2025-03-31 09:06:00,2025-03-31 18:24:00,0 days 09:18:00,0,1,9.3,3,9,Monday,Segunda
31/03/2025,08:14,16:34,IKL0O21,Renault/Sandero,2025-03-31 08:14:00,2025-03-31 16:34:00,0 days 08:20:00,0,1,8.333333333333334,3,8,Monday,Segunda
31/03/2025,08:09,16:38,OLP1P43,Jeep/Renegade,2025-03-31 08:09:00,2025-03-31 16:38:00,0 days 08:29:00,0,1,8.483333333333333,3,8,Monday,Segunda
31/03/2025,08:03,19:18,PAS2D65,Peugeot/308,2025-03-31 08:03:00,2025-03-31 19:18:00,0 days 11:15:00,0,1,11.25,3,8,Monday,Segunda
31/03/2025,08:49,18:33,DFG3S87,Citroen/C4,2025-03-31 08:49:00,2025-03-31 18:33:00,0 days 09:44:00,0,1,9.733333333333333,3,8,Monday,Segunda
31/03/2025,09:31,19:47,SDF4G09,Ford/Focus,2025-03-31 09:31:00,2025-03-31 19:47:00,0 days 10:16:00,0,1,10.266666666666667,3,9,Monday,Segunda
31/03/2025,08:41,17:43,GHG5H21,Kia/Soul,2025-03-31 08:41:00,2025-03-31 17:43:00,0 days 09:02:00,0,1,9.033333333333333,3,8,Monday,Segunda
31/03/2025,08:12,17:40,HJK6J43,Mitsubishi/ASX,2025-03-31 08:12:00,2025-03-31 17:40:00,0 days 09:28:00,0,1,9.466666666666667,3,8,Monday,Segunda
31/03/2025,08:33,18:18,JKL7K65,Suzuki/Swift,2025-03-31 08:33:00,2025-03-31 18:18:00,0 days 09:45:00,0,1,9.75,3,8,Monday,Segunda
31/03/2025,10:07,18:00,AJC7M65,Chevrolet/Celta,2025-03-31 10:07:00,2025-03-31 18:00:00,0 days 07:53:00,0,1,7.883333333333334,3,10,Monday,Segunda
31/03/2025,10:47,19:11,DEF7L65,Fiat/Uno,2025-03-31 10:47:00,2025-03-31 19:11:00,0 days 08:24:00,0,1,8.4,3,10,Monday,Segunda
31/03/2025,10:20,15:00,JBL7K65,Ford/Fiesta,2025-03-31 10:20:00,2025-03-31 15:00:00,0 days 04:40:00,0,1,4.666666666666667,3,10,Monday,Segunda
01/04/2025,06:41,19:16,ALC1D23,Toyota/Corolla,2025-04-01 06:41:00,2025-04-01 19:16:00,0 days 12:35:00,0,1,12.583333333333334,4,6,Tuesday,Terça
01/04/2025,06:11,15:24,JDL2M45,Chevrolet/Onix,2025-04-01 06:11:00,2025-04-01 15:24:00,0 days 09:13:00,0,1,9.216666666666667,4,6,Tuesday,Terça
01/04/2025,06:36,19:25,QWE3R67,Volkswagen/Polo,2025-04-01 06:36:00,2025-04-01 19:25:00,0 days 12:49:00,0,1,12.816666666666666,4,6,Tuesday,Terça
01/04/2025,06:51,15:48,RTY4U89,Hyundai/HB20,2025-04-01 06:51:00,2025-04-01 15:48:00,0 days 08:57:00,0,1,8.95,4,6,Tuesday,Terça
01/04/2025,06:47,16:42,UIO5P10,Honda/Civic,2025-04-01 06:47:00,2025-04-01 16:42:00,0 days 09:55:00,0,1,9.916666666666666,4,6,Tuesday,Terça
01/04/2025,06:00,15:38,ASD6F32,Nissan/Kicks,2025-04-01 06:00:00,2025-04-01 15:38:00,0 days 09:38:00,0,1,9.633333333333333,4,6,Tuesday,Terça
01/04/2025,06:33,16:56,ZXC7V54,Fiat/Fastback,2025-04-01 06:33:00,2025-04-01 16:56:00,0 days 10:23:00,0,1,10.383333333333333,4,6,Tuesday,Terça
01/04/2025,06:16,18:22,VBN8G76,Renault/Kwid,2025-04-01 06:16:00,2025-04-01 18:22:00,0 days 12:06:00,0,1,12.1,4,6,Tuesday,Terça
01/04/2025,06:07,16:16,MNB9H98,Jeep/Compass,2025-04-01 06:07:00,2025-04-01 16:16:00,0 days 10:09:00,0,1,10.15,4,6,Tuesday,Terça
01/04/2025,06:33,17:10,POI0J21,Peugeot/208,2025-04-01 06:33:00,2025-04-01 17:10:00,0 days 10:37:00,0,1,10.616666666666667,4,6,Tuesday,Terça
01/04/2025,06:09,15:29,LKM1Z43,Citroen/C3,2025-04-01 06:09:00,2025-04-01 15:29:00,0 days 09:20:00,0,1,9.333333333333334,4,6,Tuesday,Terça
01/04/2025,06:25,15:22,HGF2X65,BYD/Dolphin,2025-04-01 06:25:00,2025-04-01 15:22:00,0 days 08:57:00,0,1,8.95,4,6,Tuesday,Terça
01/04/2025,06:08,18:19,QAZ3W87,Toyota/Etios,2025-04-01 06:08:00,2025-04-01 18:19:00,0 days 12:11:00,0,1,12.183333333333334,4,6,Tuesday,Terça
01/04/2025,08:59,15:35,WSX4E09,Chevrolet/Cruze,2025-04-01 08:59:00,2025-04-01 15:35:00,0 days 06:36:00,0,1,6.6,4,8,Tuesday,Terça
01/04/2025,09:52,19:38,EDC5R21,Volkswagen/Fox,2025-04-01 09:52:00,2025-04-01 19:38:00,0 days 09:46:00,0,1,9.766666666666667,4,9,Tuesday,Terça
01/04/2025,08:26,15:11,RFV6T43,Hyundai/Tucson,2025-04-01 08:26:00,2025-04-01 15:11:00,0 days 06:45:00,0,1,6.75,4,8,Tuesday,Terça
01/04/2025,09:43,19:38,TGB7Y65,Honda/Fit,2025-04-01 09:43:00,2025-04-01 19:38:00,0 days 09:55:00,0,1,9.916666666666666,4,9,Tuesday,Terça
01/04/2025,08:13,17:13,YHN8U87,Nissan/March,2025-04-01 08:13:00,2025-04-01 17:13:00,0 days 09:00:00,0,1,9.0,4,8,Tuesday,Terça
01/04/2025,08:37,16:47,UJM9I09,Fiat/Palio,2025-04-01 08:37:00,2025-04-01 16:47:00,0 days 08:10:00,0,1,8.166666666666666,4,8,Tuesday,Terça
01/04/2025,09:29,19:36,IKL0O21,Renault/Sandero,2025-04-01 09:29:00,2025-04-01 19:36:00,0 days 10:07:00,0,1,10.116666666666667,4,9,Tuesday,Terça
01/04/2025,08:19,15:13,OLP1P43,Jeep/Renegade,2025-04-01 08:19:00,2025-04-01 15:13:00,0 days 06:54:00,0,1,6.9,4,8,Tuesday,Terça
01/04/2025,08:20,19:49,PAS2D65,Peugeot/308,2025-04-01 08:20:00,2025-04-01 19:49:00,0 days 11:29:00,0,1,11.483333333333333,4,8,Tuesday,Terça
01/04/2025,09:32,17:19,DFG3S87,Citroen/C4,2025-04-01 09:32:00,2025-04-01 17:19:00,0 days 07:47:00,0,1,7.783333333333333,4,9,Tuesday,Terça
01/04/2025,08:38,15:03,SDF4G09,Ford/Focus,2025-04-01 08:38:00,2025-04-01 15:03:00,0 days 06:25:00,0,1,6.416666666666667,4,8,Tuesday,Terça
01/04/2025,08:10,15:42,GHG5H21,Kia/Soul,2025-04-01 08:10:00,2025-04-01 15:42:00,0 days 07:32:00,0,1,7.533333333333333,4,8,Tuesday,Terça
01/04/2025,08:12,19:32,HJK6J43,Mitsubishi/ASX,2025-04-01 08:12:00,2025-04-01 19:32:00,0 days 11:20:00,0,1,11.333333333333334,4,8,Tuesday,Terça
01/04/2025,08:02,19:06,JKL7K65,Suzuki/Swift,2025-04-01 08:02:00,2025-04-01 19:06:00,0 days 11:04:00,0,1,11.066666666666666,4,8,Tuesday,Terça
01/04/2025,09:06,16:17,AJC7M65,Chevrolet/Celta,2025-04-01 09:06:00,2025-04-01 16:17:00,0 days 07:11:00,0,1,7.183333333333334,4,9,Tuesday,Terça
01/04/2025,10:23,15:18,DEF7L65,Fiat/Uno,2025-04-01 10:23:00,2025-04-01 15:18:00,0 days 04:55:00,0,1,4.916666666666667,4,10,Tuesday,Terça
01/04/2025,09:59,16:28,JBL7K65,Ford/Fiesta,2025-04-01 09:59:00,2025-04-01 16:28:00,0 days 06:29:00,0,1,6.483333333333333,4,9,Tuesday,Terça
02/04/2025,06:07,18:28,ALC1D23,Toyota/Corolla,2025-04-02 06:07:00,2025-04-02 18:28:00,0 days 12:21:00,0,1,12.35,4,6,Wednesday,Quarta
02/04/2025,06:57,17:48,JDL2M45,Chevrolet/Onix,2025-04-02 06:57:00,2025-04-02 17:48:00,0 days 10:51:00,0,1,10.85,4,6,Wednesday,Quarta
02/04/2025,06:22,17:54,QWE3R67,Volkswagen/Polo,2025-04-02 06:22:00,2025-04-02 17:54:00,0 days 11:32:00,0,1,11.533333333333333,4,6,Wednesday,Quarta
02/04/2025,06:00,18:51,RTY4U89,Hyundai/HB20,2025-04-02 06:00:00,2025-04-02 18:51:00,0 days 12:51:00,0,1,12.85,4,6,Wednesday,Quarta
02/04/2025,06:44,18:01,UIO5P10,Honda/Civic,2025-04-02 06:44:00,2025-04-02 18:01:00,0 days 11:17:00,0,1,11.283333333333333,4,6,Wednesday,Quarta
02/04/2025,06:12,18:25,ASD6F32,Nissan/Kicks,2025-04-02 06:12:00,2025-04-02 18:25:00,0 days 12:13:00,0,1,12.216666666666667,4,6,Wednesday,Quarta
02/04/2025,06:37,17:47,ZXC7V54,Fiat/Fastback,2025-04-02 06:37:00,2025-04-02 17:47:00,0 days 11:10:00,0,1,11.166666666666666,4,6,Wednesday,Quarta
02/04/2025,06:31,17:31,VBN8G76,Renault/Kwid,2025-04-02 06:31:00,2025-04-02 17:31:00,0 days 11:00:00,0,1,11.0,4,6,Wednesday,Quarta
02/04/2025,06:10,19:21,MNB9H98,Jeep/Compass,2025-04-02 06:10:00,2025-04-02 19:21:00,0 days 13:11:00,0,1,13.183333333333334,4,6,Wednesday,Quarta
02/04/2025,06:29,18:15,POI0J21,Peugeot/208,2025-04-02 06:29:00,2025-04-02 18:15:00,0 days 11:46:00,0,1,11.766666666666667,4,6,Wednesday,Quarta
02/04/2025,06:30,15:49,LKM1Z43,Citroen/C3,2025-04-02 06:30:00,2025-04-02 15:49:00,0 days 09:19:00,0,1,9.316666666666666,4,6,Wednesday,Quarta
02/04/2025,06:30,18:11,HGF2X65,BYD/Dolphin,2025-04-02 06:30:00,2025-04-02 18:11:00,0 days 11:41:00,0,1,11.683333333333334,4,6,Wednesday,Quarta
02/04/2025,06:55,15:59,QAZ3W87,Toyota/Etios,2025-04-02 06:55:00,2025-04-02 15:59:00,0 days 09:04:00,0,1,9.066666666666666,4,6,Wednesday,Quarta
02/04/2025,08:07,19:40,WSX4E09,Chevrolet/Cruze,2025-04-02 08:07:00,2025-04-02 19:40:00,0 days 11:33:00,0,1,11.55,4,8,Wednesday,Quarta
02/04/2025,09:42,19:40,EDC5R21,Volkswagen/Fox,2025-04-02 09:42:00,2025-04-02 19:40:00,0 days 09:58:00,0,1,9.966666666666667,4,9,Wednesday,Quarta
02/04/2025,09:11,15:19,RFV6T43,Hyundai/Tucson,2025-04-02 09:11:00,2025-04-02 15:19:00,0 days 06:08:00,0,1,6.133333333333334,4,9,Wednesday,Quarta
02/04/2025,09:51,19:14,TGB7Y65,Honda/Fit,2025-04-02 09:51:00,2025-04-02 19:14:00,0 days 09:23:00,0,1,9.383333333333333,4,9,Wednesday,Quarta
02/04/2025,09:32,17:09,YHN8U87,Nissan/March,2025-04-02 09:32:00,2025-04-02 17:09:00,0 days 07:37:00,0,1,7.616666666666666,4,9,Wednesday,Quarta
02/04/2025,09:06,18:01,UJM9I09,Fiat/Palio,2025-04-02 09:06:00,2025-04-02 18:01:00,0 days 08:55:00,0,1,8.916666666666666,4,9,Wednesday,Quarta
02/04/2025,09:28,18:32,IKL0O21,Renault/Sandero,2025-04-02 09:28:00,2025-04-02 18:32:00,0 days 09:04:00,0,1,9.066666666666666,4,9,Wednesday,Quarta
02/04/2025,09:03,16:49,OLP1P43,Jeep/Renegade,2025-04-02 09:03:00,2025-04-02 16:49:00,0 days 07:46:00,0,1,7.766666666666667,4,9,Wednesday,Quarta
02/04/2025,09:55,17:29,PAS2D65,Peugeot/308,2025-04-02 09:55:00,2025-04-02 17:29:00,0 days 07:34:00,0,1,7.566666666666666,4,9,Wednesday,Quarta
02/04/2025,08:21,18:22,DFG3S87,Citroen/C4,2025-04-02 08:21:00,2025-04-02 18:22:00,0 days 10:01:00,0,1,10.016666666666667,4,8,Wednesday,Quarta
02/04/2025,09:35,19:18,SDF4G09,Ford/Focus,2025-04-02 09:35:00,2025-04-02 19:18:00,0 days 09:43:00,0,1,9.716666666666667,4,9,Wednesday,Quarta
02/04/2025,09:14,18:39,GHG5H21,Kia/Soul,2025-04-02 09:14:00,2025-04-02 18:39:00,0 days 09:25:00,0,1,9.416666666666666,4,9,Wednesday,Quarta
02/04/2025,08:14,18:00,HJK6J43,Mitsubishi/ASX,2025-04-02 08:14:00,2025-04-02 18:00:00,0 days 09:46:00,0,1,9.766666666666667,4,8,Wednesday,Quarta
02/04/2025,08:01,18:15,JKL7K65,Suzuki/Swift,2025-04-02 08:01:00,2025-04-02 18:15:00,0 days 10:14:00,0,1,10.233333333333333,4,8,Wednesday,Quarta
02/04/2025,10:44,15:44,AJC7M65,Chevrolet/Celta,2025-04-02 10:44:00,2025-04-02 15:44:00,0 days 05:00:00,0,1,5.0,4,10,Wednesday,Quarta
02/04/2025,09:56,16:32,DEF7L65,Fiat/Uno,2025-04-02 09:56:00,2025-04-02 16:32:00,0 days 06:36:00,0,1,6.6,4,9,Wednesday,Quarta
02/04/2025,10:04,16:10,JBL7K65,Ford/Fiesta,2025-04-02 10:04:00,2025-04-02 16:10:00,0 days 06:06:00,0,1,6.1,4,10,Wednesday,Quarta
03/04/2025,06:55,17:03,ALC1D23,Toyota/Corolla,2025-04-03 06:55:00,2025-04-03 17:03:00,0 days 10:08:00,0,1,10.133333333333333,4,6,Thursday,Quinta
03/04/2025,06:28,18:38,JDL2M45,Chevrolet/Onix,2025-04-03 06:28:00,2025-04-03 18:38:00,0 days 12:10:00,0,1,12.166666666666666,4,6,Thursday,Quinta
03/04/2025,06:27,18:57,QWE3R67,Volkswagen/Polo,2025-04-03 06:27:00,2025-04-03 18:57:00,0 days 12:30:00,0,1,12.5,4,6,Thursday,Quinta
03/04/2025,06:22,17:51,RTY4U89,Hyundai/HB20,2025-04-03 06:22:00,2025-04-03 17:51:00,0 days 11:29:00,0,1,11.483333333333333,4,6,Thursday,Quinta
03/04/2025,06:46,15:16,UIO5P10,Honda/Civic,2025-04-03 06:46:00,2025-04-03 15:16:00,0 days 08:30:00,0,1,8.5,4,6,Thursday,Quinta
03/04/2025,06:25,18:44,ASD6F32,Nissan/Kicks,2025-04-03 06:25:00,2025-04-03 18:44:00,0 days 12:19:00,0,1,12.316666666666666,4,6,Thursday,Quinta
03/04/2025,06:37,17:53,ZXC7V54,Fiat/Fastback,2025-04-03 06:37:00,2025-04-03 17:53:00,0 days 11:16:00,0,1,11.266666666666667,4,6,Thursday,Quinta
03/04/2025,06:24,19:07,VBN8G76,Renault/Kwid,2025-04-03 06:24:00,2025-04-03 19:07:00,0 days 12:43:00,0,1,12.716666666666667,4,6,Thursday,Quinta
03/04/2025,06:15,19:00,MNB9H98,Jeep/Compass,2025-04-03 06:15:00,2025-04-03 19:00:00,0 days 12:45:00,0,1,12.75,4,6,Thursday,Quinta
03/04/2025,06:00,19:13,POI0J21,Peugeot/208,2025-04-03 06:00:00,2025-04-03 19:13:00,0 days 13:13:00,0,1,13.216666666666667,4,6,Thursday,Quinta
03/04/2025,06:23,15:40,LKM1Z43,Citroen/C3,2025-04-03 06:23:00,2025-04-03 15:40:00,0 days 09:17:00,0,1,9.283333333333333,4,6,Thursday,Quinta
03/04/2025,06:47,19:42,HGF2X65,BYD/Dolphin,2025-04-03 06:47:00,2025-04-03 19:42:00,0 days 12:55:00,0,1,12.916666666666666,4,6,Thursday,Quinta
03/04/2025,06:17,18:45,QAZ3W87,Toyota/Etios,2025-04-03 06:17:00,2025-04-03 18:45:00,0 days 12:28:00,0,1,12.466666666666667,4,6,Thursday,Quinta
03/04/2025,09:36,16:45,WSX4E09,Chevrolet/Cruze,2025-04-03 09:36:00,2025-04-03 16:45:00,0 days 07:09:00,0,1,7.15,4,9,Thursday,Quinta
03/04/2025,09:49,17:16,EDC5R21,Volkswagen/Fox,2025-04-03 09:49:00,2025-04-03 17:16:00,0 days 07:27:00,0,1,7.45,4,9,Thursday,Quinta
03/04/2025,08:40,15:23,RFV6T43,Hyundai/Tucson,2025-04-03 08:40:00,2025-04-03 15:23:00,0 days 06:43:00,0,1,6.716666666666667,4,8,Thursday,Quinta
03/04/2025,08:21,19:11,TGB7Y65,Honda/Fit,2025-04-03 08:21:00,2025-04-03 19:11:00,0 days 10:50:00,0,1,10.833333333333334,4,8,Thursday,Quinta
03/04/2025,08:32,19:03,YHN8U87,Nissan/March,2025-04-03 08:32:00,2025-04-03 19:03:00,0 days 10:31:00,0,1,10.516666666666667,4,8,Thursday,Quinta
03/04/2025,08:31,19:38,UJM9I09,Fiat/Palio,2025-04-03 08:31:00,2025-04-03 19:38:00,0 days 11:07:00,0,1,11.116666666666667,4,8,Thursday,Quinta
03/04/2025,08:41,17:48,IKL0O21,Renault/Sandero,2025-04-03 08:41:00,2025-04-03 17:48:00,0 days 09:07:00,0,1,9.116666666666667,4,8,Thursday,Quinta
03/04/2025,09:08,17:08,OLP1P43,Jeep/Renegade,2025-04-03 09:08:00,2025-04-03 17:08:00,0 days 08:00:00,0,1,8.0,4,9,Thursday,Quinta
03/04/2025,08:12,19:44,PAS2D65,Peugeot/308,2025-04-03 08:12:00,2025-04-03 19:44:00,0 days 11:32:00,0,1,11.533333333333333,4,8,Thursday,Quinta
03/04/2025,08:33,19:42,DFG3S87,Citroen/C4,2025-04-03 08:33:00,2025-04-03 19:42:00,0 days 11:09:00,0,1,11.15,4,8,Thursday,Quinta
03/04/2025,09:03,15:12,SDF4G09,Ford/Focus,2025-04-03 09:03:00,2025-04-03 15:12:00,0 days 06:09:00,0,1,6.15,4,9,Thursday,Quinta
03/04/2025,09:52,16:33,GHG5H21,Kia/Soul,2025-04-03 09:52:00,2025-04-03 16:33:00,0 days 06:41:00,0,1,6.683333333333334,4,9,Thursday,Quinta
03/04/2025,08:04,16:44,HJK6J43,Mitsubishi/ASX,2025-04-03 08:04:00,2025-04-03 16:44:00,0 days 08:40:00,0,1,8.666666666666666,4,8,Thursday,Quinta
03/04/2025,09:24,15:12,JKL7K65,Suzuki/Swift,2025-04-03 09:24:00,2025-04-03 15:12:00,0 days 05:48:00,0,1,5.8,4,9,Thursday,Quinta
03/04/2025,08:22,19:33,AJC7M65,Chevrolet/Celta,2025-04-03 08:22:00,2025-04-03 19:33:00,0 days 11:11:00,0,1,11.183333333333334,4,8,Thursday,Quinta
03/04/2025,09:08,18:45,DEF7L65,Fiat/Uno,2025-04-03 09:08:00,2025-04-03 18:45:00,0 days 09:37:00,0,1,9.616666666666667,4,9,Thursday,Quinta
03/04/2025,09:04,17:37,JBL7K65,Ford/Fiesta,2025-04-03 09:04:00,2025-04-03 17:37:00,0 days 08:33:00,0,1,8.55,4,9,Thursday,Quinta
04/04/2025,06:47,17:32,ALC1D23,Toyota/Corolla,2025-04-04 06:47:00,2025-04-04 17:32:00,0 days 10:45:00,0,1,10.75,4,6,Friday,Sexta
04/04/2025,06:50,19:33,JDL2M45,Chevrolet/Onix,2025-04-04 06:50:00,2025-04-04 19:33:00,0 days 12:43:00,0,1,12.716666666666667,4,6,Friday,Sexta
04/04/2025,06:21,15:22,QWE3R67,Volkswagen/Polo,2025-04-04 06:21:00,2025-04-04 15:22:00,0 days 09:01:00,0,1,9.016666666666667,4,6,Friday,Sexta
04/04/2025,06:43,15:57,RTY4U89,Hyundai/HB20,2025-04-04 06:43:00,2025-04-04 15:57:00,0 days 09:14:00,0,1,9.233333333333333,4,6,Friday,Sexta
04/04/2025,06:04,19:00,UIO5P10,Honda/Civic,2025-04-04 06:04:00,2025-04-04 19:00:00,0 days 12:56:00,0,1,12.933333333333334,4,6,Friday,Sexta
04/04/2025,06:26,17:14,ASD6F32,Nissan/Kicks,2025-04-04 06:26:00,2025-04-04 17:14:00,0 days 10:48:00,0,1,10.8,4,6,Friday,Sexta
04/04/2025,06:47,15:53,ZXC7V54,Fiat/Fastback,2025-04-04 06:47:00,2025-04-04 15:53:00,0 days 09:06:00,0,1,9.1,4,6,Friday,Sexta
04/04/2025,06:59,19:45,VBN8G76,Renault/Kwid,2025-04-04 06:59:00,2025-04-04 19:45:00,0 days 12:46:00,0,1,12.766666666666667,4,6,Friday,Sexta
04/04/2025,06:31,16:29,MNB9H98,Jeep/Compass,2025-04-04 06:31:00,2025-04-04 16:29:00,0 days 09:58:00,0,1,9.966666666666667,4,6,Friday,Sexta
04/04/2025,06:48,19:27,POI0J21,Peugeot/208,2025-04-04 06:48:00,2025-04-04 19:27:00,0 days 12:39:00,0,1,12.65,4,6,Friday,Sexta
04/04/2025,06:22,18:59,LKM1Z43,Citroen/C3,2025-04-04 06:22:00,2025-04-04 18:59:00,0 days 12:37:00,0,1,12.616666666666667,4,6,Friday,Sexta
04/04/2025,06:39,19:06,HGF2X65,BYD/Dolphin,2025-04-04 06:39:00,2025-04-04 19:06:00,0 days 12:27:00,0,1,12.45,4,6,Friday,Sexta
04/04/2025,06:45,16:46,QAZ3W87,Toyota/Etios,2025-04-04 06:45:00,2025-04-04 16:46:00,0 days 10:01:00,0,1,10.016666666666667,4,6,Friday,Sexta
04/04/2025,08:07,17:32,WSX4E09,Chevrolet/Cruze,2025-04-04 08:07:00,2025-04-04 17:32:00,0 days 09:25:00,0,1,9.416666666666666,4,8,Friday,Sexta
04/04/2025,09:52,16:22,EDC5R21,Volkswagen/Fox,2025-04-04 09:52:00,2025-04-04 16:22:00,0 days 06:30:00,0,1,6.5,4,9,Friday,Sexta
04/04/2025,09:59,15:14,RFV6T43,Hyundai/Tucson,2025-04-04 09:59:00,2025-04-04 15:14:00,0 days 05:15:00,0,1,5.25,4,9,Friday,Sexta
04/04/2025,09:38,16:01,TGB7Y65,Honda/Fit,2025-04-04 09:38:00,2025-04-04 16:01:00,0 days 06:23:00,0,1,6.383333333333334,4,9,Friday,Sexta
04/04/2025,09:36,15:36,YHN8U87,Nissan/March,2025-04-04 09:36:00,2025-04-04 15:36:00,0 days 06:00:00,0,1,6.0,4,9,Friday,Sexta
04/04/2025,08:44,18:29,UJM9I09,Fiat/Palio,2025-04-04 08:44:00,2025-04-04 18:29:00,0 days 09:45:00,0,1,9.75,4,8,Friday,Sexta
04/04/2025,09:29,18:26,IKL0O21,Renault/Sandero,2025-04-04 09:29:00,2025-04-04 18:26:00,0 days 08:57:00,0,1,8.95,4,9,Friday,Sexta
04/04/2025,09:50,15:38,OLP1P43,Jeep/Renegade,2025-04-04 09:50:00,2025-04-04 15:38:00,0 days 05:48:00,0,1,5.8,4,9,Friday,Sexta
04/04/2025,08:07,16:26,PAS2D65,Peugeot/308,2025-04-04 08:07:00,2025-04-04 16:26:00,0 days 08:19:00,0,1,8.316666666666666,4,8,Friday,Sexta
04/04/2025,08:23,19:54,DFG3S87,Citroen/C4,2025-04-04 08:23:00,2025-04-04 19:54:00,0 days 11:31:00,0,1,11.516666666666667,4,8,Friday,Sexta
04/04/2025,09:32,17:50,SDF4G09,Ford/Focus,2025-04-04 09:32:00,2025-04-04 17:50:00,0 days 08:18:00,0,1,8.3,4,9,Friday,Sexta
04/04/2025,08:52,15:17,GHG5H21,Kia/Soul,2025-04-04 08:52:00,2025-04-04 15:17:00,0 days 06:25:00,0,1,6.416666666666667,4,8,Friday,Sexta
04/04/2025,08:53,19:10,HJK6J43,Mitsubishi/ASX,2025-04-04 08:53:00,2025-04-04 19:10:00,0 days 10:17:00,0,1,10.283333333333333,4,8,Friday,Sexta
04/04/2025,09:10,18:33,JKL7K65,Suzuki/Swift,2025-04-04 09:10:00,2025-04-04 18:33:00,0 days 09:23:00,0,1,9.383333333333333,4,9,Friday,Sexta
04/04/2025,08:28,16:53,AJC7M65,Chevrolet/Celta,2025-04-04 08:28:00,2025-04-04 16:53:00,0 days 08:25:00,0,1,8.416666666666666,4,8,Friday,Sexta
04/04/2025,09:33,17:56,DEF7L65,Fiat/Uno,2025-04-04 09:33:00,2025-04-04 17:56:00,0 days 08:23:00,0,1,8.383333333333333,4,9,Friday,Sexta
04/04/2025,09:33,18:06,JBL7K65,Ford/Fiesta,2025-04-04 09:33:00,2025-04-04 18:06:00,0 days 08:33:00,0,1,8.55,4,9,Friday,Sexta
05/04/2025,08:32,15:40,WSX4E09,Chevrolet/Cruze,2025-04-05 08:32:00,2025-04-05 15:40:00,0 days 07:08:00,0,1,7.133333333333334,4,8,Saturday,Sábado
05/04/2025,09:38,16:01,TGB7Y65,Honda/Fit,2025-04-05 09:38:00,2025-04-05 16:01:00,0 days 06:23:00,0,1,6.383333333333334,4,9,Saturday,Sábado
05/04/2025,09:23,18:02,YHN8U87,Nissan/March,2025-04-05 09:23:00,2025-04-05 18:02:00,0 days 08:39:00,0,1,8.65,4,9,Saturday,Sábado
05/04/2025,09:11,16:09,IKL0O21,Renault/Sandero,2025-04-05 09:11:00,2025-04-05 16:09:00,0 days 06:58:00,0,1,6.966666666666667,4,9,Saturday,Sábado
05/04/2025,09:17,15:51,OLP1P43,Jeep/Renegade,2025-04-05 09:17:00,2025-04-05 15:51:00,0 days 06:34:00,0,1,6.566666666666666,4,9,Saturday,Sábado
05/04/2025,08:29,18:01,PAS2D65,Peugeot/308,2025-04-05 08:29:00,2025-04-05 18:01:00,0 days 09:32:00,0,1,9.533333333333333,4,8,Saturday,Sábado
05/04/2025,08:52,16:56,DFG3S87,Citroen/C4,2025-04-05 08:52:00,2025-04-05 16:56:00,0 days 08:04:00,0,1,8.066666666666666,4,8,Saturday,Sábado
05/04/2025,09:37,19:26,GHG5H21,Kia/Soul,2025-04-05 09:37:00,2025-04-05 19:26:00,0 days 09:49:00,0,1,9.816666666666666,4,9,Saturday,Sábado
07/04/2025,06:30,19:24,ALC1D23,Toyota/Corolla,2025-04-07 06:30:00,2025-04-07 19:24:00,0 days 12:54:00,0,1,12.9,4,6,Monday,Segunda
07/04/2025,06:59,18:35,JDL2M45,Chevrolet/Onix,2025-04-07 06:59:00,2025-04-07 18:35:00,0 days 11:36:00,0,1,11.6,4,6,Monday,Segunda
07/04/2025,06:34,18:53,QWE3R67,Volkswagen/Polo,2025-04-07 06:34:00,2025-04-07 18:53:00,0 days 12:19:00,0,1,12.316666666666666,4,6,Monday,Segunda
07/04/2025,06:17,18:09,RTY4U89,Hyundai/HB20,2025-04-07 06:17:00,2025-04-07 18:09:00,0 days 11:52:00,0,1,11.866666666666667,4,6,Monday,Segunda
07/04/2025,06:32,16:22,UIO5P10,Honda/Civic,2025-04-07 06:32:00,2025-04-07 16:22:00,0 days 09:50:00,0,1,9.833333333333334,4,6,Monday,Segunda
07/04/2025,06:40,19:33,ASD6F32,Nissan/Kicks,2025-04-07 06:40:00,2025-04-07 19:33:00,0 days 12:53:00,0,1,12.883333333333333,4,6,Monday,Segunda
07/04/2025,06:41,16:17,ZXC7V54,Fiat/Fastback,2025-04-07 06:41:00,2025-04-07 16:17:00,0 days 09:36:00,0,1,9.6,4,6,Monday,Segunda
07/04/2025,06:05,18:03,VBN8G76,Renault/Kwid,2025-04-07 06:05:00,2025-04-07 18:03:00,0 days 11:58:00,0,1,11.966666666666667,4,6,Monday,Segunda
07/04/2025,06:50,17:11,MNB9H98,Jeep/Compass,2025-04-07 06:50:00,2025-04-07 17:11:00,0 days 10:21:00,0,1,10.35,4,6,Monday,Segunda
07/04/2025,06:06,15:03,POI0J21,Peugeot/208,2025-04-07 06:06:00,2025-04-07 15:03:00,0 days 08:57:00,0,1,8.95,4,6,Monday,Segunda
07/04/2025,06:22,16:31,LKM1Z43,Citroen/C3,2025-04-07 06:22:00,2025-04-07 16:31:00,0 days 10:09:00,0,1,10.15,4,6,Monday,Segunda
07/04/2025,06:11,17:07,HGF2X65,BYD/Dolphin,2025-04-07 06:11:00,2025-04-07 17:07:00,0 days 10:56:00,0,1,10.933333333333334,4,6,Monday,Segunda
07/04/2025,06:13,15:43,QAZ3W87,Toyota/Etios,2025-04-07 06:13:00,2025-04-07 15:43:00,0 days 09:30:00,0,1,9.5,4,6,Monday,Segunda
07/04/2025,09:15,18:51,WSX4E09,Chevrolet/Cruze,2025-04-07 09:15:00,2025-04-07 18:51:00,0 days 09:36:00,0,1,9.6,4,9,Monday,Segunda
07/04/2025,09:52,17:06,EDC5R21,Volkswagen/Fox,2025-04-07 09:52:00,2025-04-07 17:06:00,0 days 07:14:00,0,1,7.233333333333333,4,9,Monday,Segunda
07/04/2025,08:07,16:37,RFV6T43,Hyundai/Tucson,2025-04-07 08:07:00,2025-04-07 16:37:00,0 days 08:30:00,0,1,8.5,4,8,Monday,Segunda
07/04/2025,08:31,19:41,TGB7Y65,Honda/Fit,2025-04-07 08:31:00,2025-04-07 19:41:00,0 days 11:10:00,0,1,11.166666666666666,4,8,Monday,Segunda
07/04/2025,08:58,17:01,YHN8U87,Nissan/March,2025-04-07 08:58:00,2025-04-07 17:01:00,0 days 08:03:00,0,1,8.05,4,8,Monday,Segunda
07/04/2025,09:46,17:59,UJM9I09,Fiat/Palio,2025-04-07 09:46:00,2025-04-07 17:59:00,0 days 08:13:00,0,1,8.216666666666667,4,9,Monday,Segunda
07/04/2025,08:12,16:39,IKL0O21,Renault/Sandero,2025-04-07 08:12:00,2025-04-07 16:39:00,0 days 08:27:00,0,1,8.45,4,8,Monday,Segunda
07/04/2025,08:56,18:28,OLP1P43,Jeep/Renegade,2025-04-07 08:56:00,2025-04-07 18:28:00,0 days 09:32:00,0,1,9.533333333333333,4,8,Monday,Segunda
07/04/2025,09:53,15:35,PAS2D65,Peugeot/308,2025-04-07 09:53:00,2025-04-07 15:35:00,0 days 05:42:00,0,1,5.7,4,9,Monday,Segunda
07/04/2025,09:42,19:21,DFG3S87,Citroen/C4,2025-04-07 09:42:00,2025-04-07 19:21:00,0 days 09:39:00,0,1,9.65,4,9,Monday,Segunda
07/04/2025,08:55,16:53,SDF4G09,Ford/Focus,2025-04-07 08:55:00,2025-04-07 16:53:00,0 days 07:58:00,0,1,7.966666666666667,4,8,Monday,Segunda
07/04/2025,08:01,15:56,GHG5H21,Kia/Soul,2025-04-07 08:01:00,2025-04-07 15:56:00,0 days 07:55:00,0,1,7.916666666666667,4,8,Monday,Segunda
07/04/2025,08:25,16:18,HJK6J43,Mitsubishi/ASX,2025-04-07 08:25:00,2025-04-07 16:18:00,0 days 07:53:00,0,1,7.883333333333334,4,8,Monday,Segunda
07/04/2025,10:14,17:52,JKL7K65,Suzuki/Swift,2025-04-07 10:14:00,2025-04-07 17:52:00,0 days 07:38:00,0,1,7.633333333333334,4,10,Monday,Segunda
07/04/2025,08:40,16:12,AJC7M65,Chevrolet/Celta,2025-04-07 08:40:00,2025-04-07 16:12:00,0 days 07:32:00,0,1,7.533333333333333,4,8,Monday,Segunda
07/04/2025,08:12,17:03,DEF7L65,Fiat/Uno,2025-04-07 08:12:00,2025-04-07 17:03:00,0 days 08:51:00,0,1,8.85,4,8,Monday,Segunda
07/04/2025,10:56,17:13,JBL7K65,Ford/Fiesta,2025-04-07 10:56:00,2025-04-07 17:13:00,0 days 06:17:00,0,1,6.283333333333333,4,10,Monday,Segunda
08/04/2025,06:25,17:17,ALC1D23,Toyota/Corolla,2025-04-08 06:25:00,2025-04-08 17:17:00,0 days 10:52:00,0,1,10.866666666666667,4,6,Tuesday,Terça
08/04/2025,06:08,18:12,JDL2M45,Chevrolet/Onix,2025-04-08 06:08:00,2025-04-08 18:12:00,0 days 12:04:00,0,1,12.066666666666666,4,6,Tuesday,Terça
08/04/2025,06:59,16:32,QWE3R67,Volkswagen/Polo,2025-04-08 06:59:00,2025-04-08 16:32:00,0 days 09:33:00,0,1,9.55,4,6,Tuesday,Terça
08/04/2025,06:25,18:22,RTY4U89,Hyundai/HB20,2025-04-08 06:25:00,2025-04-08 18:22:00,0 days 11:57:00,0,1,11.95,4,6,Tuesday,Terça
08/04/2025,06:21,18:51,UIO5P10,Honda/Civic,2025-04-08 06:21:00,2025-04-08 18:51:00,0 days 12:30:00,0,1,12.5,4,6,Tuesday,Terça
08/04/2025,06:56,17:15,ASD6F32,Nissan/Kicks,2025-04-08 06:56:00,2025-04-08 17:15:00,0 days 10:19:00,0,1,10.316666666666666,4,6,Tuesday,Terça
08/04/2025,06:23,18:30,ZXC7V54,Fiat/Fastback,2025-04-08 06:23:00,2025-04-08 18:30:00,0 days 12:07:00,0,1,12.116666666666667,4,6,Tuesday,Terça
08/04/2025,06:44,18:47,VBN8G76,Renault/Kwid,2025-04-08 06:44:00,2025-04-08 18:47:00,0 days 12:03:00,0,1,12.05,4,6,Tuesday,Terça
08/04/2025,06:41,17:57,MNB9H98,Jeep/Compass,2025-04-08 06:41:00,2025-04-08 17:57:00,0 days 11:16:00,0,1,11.266666666666667,4,6,Tuesday,Terça
08/04/2025,06:13,17:43,POI0J21,Peugeot/208,2025-04-08 06:13:00,2025-04-08 17:43:00,0 days 11:30:00,0,1,11.5,4,6,Tuesday,Terça
08/04/2025,06:20,15:54,LKM1Z43,Citroen/C3,2025-04-08 06:20:00,2025-04-08 15:54:00,0 days 09:34:00,0,1,9.566666666666666,4,6,Tuesday,Terça
08/04/2025,06:34,16:57,HGF2X65,BYD/Dolphin,2025-04-08 06:34:00,2025-04-08 16:57:00,0 days 10:23:00,0,1,10.383333333333333,4,6,Tuesday,Terça
08/04/2025,06:56,15:23,QAZ3W87,Toyota/Etios,2025-04-08 06:56:00,2025-04-08 15:23:00,0 days 08:27:00,0,1,8.45,4,6,Tuesday,Terça
08/04/2025,09:34,16:56,WSX4E09,Chevrolet/Cruze,2025-04-08 09:34:00,2025-04-08 16:56:00,0 days 07:22:00,0,1,7.366666666666666,4,9,Tuesday,Terça
08/04/2025,09:16,19:42,EDC5R21,Volkswagen/Fox,2025-04-08 09:16:00,2025-04-08 19:42:00,0 days 10:26:00,0,1,10.433333333333334,4,9,Tuesday,Terça
08/04/2025,08:51,17:32,RFV6T43,Hyundai/Tucson,2025-04-08 08:51:00,2025-04-08 17:32:00,0 days 08:41:00,0,1,8.683333333333334,4,8,Tuesday,Terça
08/04/2025,09:14,16:21,TGB7Y65,Honda/Fit,2025-04-08 09:14:00,2025-04-08 16:21:00,0 days 07:07:00,0,1,7.116666666666666,4,9,Tuesday,Terça
08/04/2025,08:39,15:30,YHN8U87,Nissan/March,2025-04-08 08:39:00,2025-04-08 15:30:00,0 days 06:51:00,0,1,6.85,4,8,Tuesday,Terça
08/04/2025,09:33,17:16,UJM9I09,Fiat/Palio,2025-04-08 09:33:00,2025-04-08 17:16:00,0 days 07:43:00,0,1,7.716666666666667,4,9,Tuesday,Terça
08/04/2025,09:31,17:49,IKL0O21,Renault/Sandero,2025-04-08 09:31:00,2025-04-08 17:49:00,0 days 08:18:00,0,1,8.3,4,9,Tuesday,Terça
08/04/2025,09:23,18:24,OLP1P43,Jeep/Renegade,2025-04-08 09:23:00,2025-04-08 18:24:00,0 days 09:01:00,0,1,9.016666666666667,4,9,Tuesday,Terça
08/04/2025,08:15,17:02,PAS2D65,Peugeot/308,2025-04-08 08:15:00,2025-04-08 17:02:00,0 days 08:47:00,0,1,8.783333333333333,4,8,Tuesday,Terça
08/04/2025,08:11,17:04,DFG3S87,Citroen/C4,2025-04-08 08:11:00,2025-04-08 17:04:00,0 days 08:53:00,0,1,8.883333333333333,4,8,Tuesday,Terça
08/04/2025,09:47,16:31,SDF4G09,Ford/Focus,2025-04-08 09:47:00,2025-04-08 16:31:00,0 days 06:44:00,0,1,6.733333333333333,4,9,Tuesday,Terça
08/04/2025,08:05,17:50,GHG5H21,Kia/Soul,2025-04-08 08:05:00,2025-04-08 17:50:00,0 days 09:45:00,0,1,9.75,4,8,Tuesday,Terça
08/04/2025,09:22,19:21,HJK6J43,Mitsubishi/ASX,2025-04-08 09:22:00,2025-04-08 19:21:00,0 days 09:59:00,0,1,9.983333333333333,4,9,Tuesday,Terça
08/04/2025,08:52,16:54,JKL7K65,Suzuki/Swift,2025-04-08 08:52:00,2025-04-08 16:54:00,0 days 08:02:00,0,1,8.033333333333333,4,8,Tuesday,Terça
08/04/2025,09:49,19:30,AJC7M65,Chevrolet/Celta,2025-04-08 09:49:00,2025-04-08 19:30:00,0 days 09:41:00,0,1,9.683333333333334,4,9,Tuesday,Terça
08/04/2025,08:22,18:58,DEF7L65,Fiat/Uno,2025-04-08 08:22:00,2025-04-08 18:58:00,0 days 10:36:00,0,1,10.6,4,8,Tuesday,Terça
08/04/2025,08:08,19:47,JBL7K65,Ford/Fiesta,2025-04-08 08:08:00,2025-04-08 19:47:00,0 days 11:39:00,0,1,11.65,4,8,Tuesday,Terça
09/04/2025,06:02,19:25,ALC1D23,Toyota/Corolla,2025-04-09 06:02:00,2025-04-09 19:25:00,0 days 13:23:00,0,1,13.383333333333333,4,6,Wednesday,Quarta
09/04/2025,06:15,17:23,JDL2M45,Chevrolet/Onix,2025-04-09 06:15:00,2025-04-09 17:23:00,0 days 11:08:00,0,1,11.133333333333333,4,6,Wednesday,Quarta
09/04/2025,06:18,16:31,QWE3R67,Volkswagen/Polo,2025-04-09 06:18:00,2025-04-09 16:31:00,0 days 10:13:00,0,1,10.216666666666667,4,6,Wednesday,Quarta
09/04/2025,06:06,16:26,RTY4U89,Hyundai/HB20,2025-04-09 06:06:00,2025-04-09 16:26:00,0 days 10:20:00,0,1,10.333333333333334,4,6,Wednesday,Quarta
09/04/2025,06:09,19:07,UIO5P10,Honda/Civic,2025-04-09 06:09:00,2025-04-09 19:07:00,0 days 12:58:00,0,1,12.966666666666667,4,6,Wednesday,Quarta
09/04/2025,06:29,16:08,ASD6F32,Nissan/Kicks,2025-04-09 06:29:00,2025-04-09 16:08:00,0 days 09:39:00,0,1,9.65,4,6,Wednesday,Quarta
09/04/2025,06:06,18:19,ZXC7V54,Fiat/Fastback,2025-04-09 06:06:00,2025-04-09 18:19:00,0 days 12:13:00,0,1,12.216666666666667,4,6,Wednesday,Quarta
09/04/2025,06:43,16:21,VBN8G76,Renault/Kwid,2025-04-09 06:43:00,2025-04-09 16:21:00,0 days 09:38:00,0,1,9.633333333333333,4,6,Wednesday,Quarta
09/04/2025,06:40,18:16,MNB9H98,Jeep/Compass,2025-04-09 06:40:00,2025-04-09 18:16:00,0 days 11:36:00,0,1,11.6,4,6,Wednesday,Quarta
09/04/2025,06:28,18:02,POI0J21,Peugeot/208,2025-04-09 06:28:00,2025-04-09 18:02:00,0 days 11:34:00,0,1,11.566666666666666,4,6,Wednesday,Quarta
09/04/2025,06:52,16:03,LKM1Z43,Citroen/C3,2025-04-09 06:52:00,2025-04-09 16:03:00,0 days 09:11:00,0,1,9.183333333333334,4,6,Wednesday,Quarta
09/04/2025,06:59,19:32,HGF2X65,BYD/Dolphin,2025-04-09 06:59:00,2025-04-09 19:32:00,0 days 12:33:00,0,1,12.55,4,6,Wednesday,Quarta
09/04/2025,06:28,15:56,QAZ3W87,Toyota/Etios,2025-04-09 06:28:00,2025-04-09 15:56:00,0 days 09:28:00,0,1,9.466666666666667,4,6,Wednesday,Quarta
09/04/2025,09:19,19:38,WSX4E09,Chevrolet/Cruze,2025-04-09 09:19:00,2025-04-09 19:38:00,0 days 10:19:00,0,1,10.316666666666666,4,9,Wednesday,Quarta
09/04/2025,09:11,16:46,EDC5R21,Volkswagen/Fox,2025-04-09 09:11:00,2025-04-09 16:46:00,0 days 07:35:00,0,1,7.583333333333333,4,9,Wednesday,Quarta
09/04/2025,09:59,16:09,RFV6T43,Hyundai/Tucson,2025-04-09 09:59:00,2025-04-09 16:09:00,0 days 06:10:00,0,1,6.166666666666667,4,9,Wednesday,Quarta
09/04/2025,08:54,15:41,TGB7Y65,Honda/Fit,2025-04-09 08:54:00,2025-04-09 15:41:00,0 days 06:47:00,0,1,6.783333333333333,4,8,Wednesday,Quarta
09/04/2025,08:49,17:28,YHN8U87,Nissan/March,2025-04-09 08:49:00,2025-04-09 17:28:00,0 days 08:39:00,0,1,8.65,4,8,Wednesday,Quarta
09/04/2025,09:55,15:46,UJM9I09,Fiat/Palio,2025-04-09 09:55:00,2025-04-09 15:46:00,0 days 05:51:00,0,1,5.85,4,9,Wednesday,Quarta
09/04/2025,09:21,19:30,IKL0O21,Renault/Sandero,2025-04-09 09:21:00,2025-04-09 19:30:00,0 days 10:09:00,0,1,10.15,4,9,Wednesday,Quarta
09/04/2025,08:08,17:56,OLP1P43,Jeep/Renegade,2025-04-09 08:08:00,2025-04-09 17:56:00,0 days 09:48:00,0,1,9.8,4,8,Wednesday,Quarta
09/04/2025,08:40,15:49,PAS2D65,Peugeot/308,2025-04-09 08:40:00,2025-04-09 15:49:00,0 days 07:09:00,0,1,7.15,4,8,Wednesday,Quarta
09/04/2025,08:51,15:17,DFG3S87,Citroen/C4,2025-04-09 08:51:00,2025-04-09 15:17:00,0 days 06:26:00,0,1,6.433333333333334,4,8,Wednesday,Quarta
09/04/2025,09:00,16:09,SDF4G09,Ford/Focus,2025-04-09 09:00:00,2025-04-09 16:09:00,0 days 07:09:00,0,1,7.15,4,9,Wednesday,Quarta
09/04/2025,09:46,19:24,GHG5H21,Kia/Soul,2025-04-09 09:46:00,2025-04-09 19:24:00,0 days 09:38:00,0,1,9.633333333333333,4,9,Wednesday,Quarta
09/04/2025,08:31,18:02,HJK6J43,Mitsubishi/ASX,2025-04-09 08:31:00,2025-04-09 18:02:00,0 days 09:31:00,0,1,9.516666666666667,4,8,Wednesday,Quarta
09/04/2025,09:19,18:12,JKL7K65,Suzuki/Swift,2025-04-09 09:19:00,2025-04-09 18:12:00,0 days 08:53:00,0,1,8.883333333333333,4,9,Wednesday,Quarta
09/04/2025,10:07,16:36,AJC7M65,Chevrolet/Celta,2025-04-09 10:07:00,2025-04-09 16:36:00,0 days 06:29:00,0,1,6.483333333333333,4,10,Wednesday,Quarta
09/04/2025,10:35,19:34,DEF7L65,Fiat/Uno,2025-04-09 10:35:00,2025-04-09 19:34:00,0 days 08:59:00,0,1,8.983333333333333,4,10,Wednesday,Quarta
09/04/2025,10:45,16:11,JBL7K65,Ford/Fiesta,2025-04-09 10:45:00,2025-04-09 16:11:00,0 days 05:26:00,0,1,5.433333333333334,4,10,Wednesday,Quarta
10/04/2025,06:18,18:09,ALC1D23,Toyota/Corolla,2025-04-10 06:18:00,2025-04-10 18:09:00,0 days 11:51:00,0,1,11.85,4,6,Thursday,Quinta
10/04/2025,06:23,17:32,JDL2M45,Chevrolet/Onix,2025-04-10 06:23:00,2025-04-10 17:32:00,0 days 11:09:00,0,1,11.15,4,6,Thursday,Quinta
10/04/2025,06:28,15:39,QWE3R67,Volkswagen/Polo,2025-04-10 06:28:00,2025-04-10 15:39:00,0 days 09:11:00,0,1,9.183333333333334,4,6,Thursday,Quinta
10/04/2025,06:09,15:47,RTY4U89,Hyundai/HB20,2025-04-10 06:09:00,2025-04-10 15:47:00,0 days 09:38:00,0,1,9.633333333333333,4,6,Thursday,Quinta
10/04/2025,06:59,16:38,UIO5P10,Honda/Civic,2025-04-10 06:59:00,2025-04-10 16:38:00,0 days 09:39:00,0,1,9.65,4,6,Thursday,Quinta
10/04/2025,06:50,19:50,ASD6F32,Nissan/Kicks,2025-04-10 06:50:00,2025-04-10 19:50:00,0 days 13:00:00,0,1,13.0,4,6,Thursday,Quinta
10/04/2025,06:36,15:59,ZXC7V54,Fiat/Fastback,2025-04-10 06:36:00,2025-04-10 15:59:00,0 days 09:23:00,0,1,9.383333333333333,4,6,Thursday,Quinta
10/04/2025,06:16,17:16,VBN8G76,Renault/Kwid,2025-04-10 06:16:00,2025-04-10 17:16:00,0 days 11:00:00,0,1,11.0,4,6,Thursday,Quinta
10/04/2025,06:30,16:13,MNB9H98,Jeep/Compass,2025-04-10 06:30:00,2025-04-10 16:13:00,0 days 09:43:00,0,1,9.716666666666667,4,6,Thursday,Quinta
10/04/2025,06:07,15:23,POI0J21,Peugeot/208,2025-04-10 06:07:00,2025-04-10 15:23:00,0 days 09:16:00,0,1,9.266666666666667,4,6,Thursday,Quinta
10/04/2025,06:05,15:07,LKM1Z43,Citroen/C3,2025-04-10 06:05:00,2025-04-10 15:07:00,0 days 09:02:00,0,1,9.033333333333333,4,6,Thursday,Quinta
10/04/2025,06:17,19:49,HGF2X65,BYD/Dolphin,2025-04-10 06:17:00,2025-04-10 19:49:00,0 days 13:32:00,0,1,13.533333333333333,4,6,Thursday,Quinta
10/04/2025,06:16,17:57,QAZ3W87,Toyota/Etios,2025-04-10 06:16:00,2025-04-10 17:57:00,0 days 11:41:00,0,1,11.683333333333334,4,6,Thursday,Quinta
10/04/2025,09:31,17:31,WSX4E09,Chevrolet/Cruze,2025-04-10 09:31:00,2025-04-10 17:31:00,0 days 08:00:00,0,1,8.0,4,9,Thursday,Quinta
10/04/2025,09:25,15:42,EDC5R21,Volkswagen/Fox,2025-04-10 09:25:00,2025-04-10 15:42:00,0 days 06:17:00,0,1,6.283333333333333,4,9,Thursday,Quinta
10/04/2025,09:08,18:35,RFV6T43,Hyundai/Tucson,2025-04-10 09:08:00,2025-04-10 18:35:00,0 days 09:27:00,0,1,9.45,4,9,Thursday,Quinta
10/04/2025,08:06,17:51,TGB7Y65,Honda/Fit,2025-04-10 08:06:00,2025-04-10 17:51:00,0 days 09:45:00,0,1,9.75,4,8,Thursday,Quinta
10/04/2025,08:56,15:09,YHN8U87,Nissan/March,2025-04-10 08:56:00,2025-04-10 15:09:00,0 days 06:13:00,0,1,6.216666666666667,4,8,Thursday,Quinta
10/04/2025,08:14,16:25,UJM9I09,Fiat/Palio,2025-04-10 08:14:00,2025-04-10 16:25:00,0 days 08:11:00,0,1,8.183333333333334,4,8,Thursday,Quinta
10/04/2025,09:10,19:48,IKL0O21,Renault/Sandero,2025-04-10 09:10:00,2025-04-10 19:48:00,0 days 10:38:00,0,1,10.633333333333333,4,9,Thursday,Quinta
10/04/2025,08:35,18:01,OLP1P43,Jeep/Renegade,2025-04-10 08:35:00,2025-04-10 18:01:00,0 days 09:26:00,0,1,9.433333333333334,4,8,Thursday,Quinta
10/04/2025,09:06,19:18,PAS2D65,Peugeot/308,2025-04-10 09:06:00,2025-04-10 19:18:00,0 days 10:12:00,0,1,10.2,4,9,Thursday,Quinta
10/04/2025,09:31,16:23,DFG3S87,Citroen/C4,2025-04-10 09:31:00,2025-04-10 16:23:00,0 days 06:52:00,0,1,6.866666666666666,4,9,Thursday,Quinta
10/04/2025,09:50,17:02,SDF4G09,Ford/Focus,2025-04-10 09:50:00,2025-04-10 17:02:00,0 days 07:12:00,0,1,7.2,4,9,Thursday,Quinta
10/04/2025,09:49,16:05,GHG5H21,Kia/Soul,2025-04-10 09:49:00,2025-04-10 16:05:00,0 days 06:16:00,0,1,6.266666666666667,4,9,Thursday,Quinta
10/04/2025,08:43,16:59,HJK6J43,Mitsubishi/ASX,2025-04-10 08:43:00,2025-04-10 16:59:00,0 days 08:16:00,0,1,8.266666666666667,4,8,Thursday,Quinta
10/04/2025,09:12,18:53,JKL7K65,Suzuki/Swift,2025-04-10 09:12:00,2025-04-10 18:53:00,0 days 09:41:00,0,1,9.683333333333334,4,9,Thursday,Quinta
10/04/2025,10:16,19:35,AJC7M65,Chevrolet/Celta,2025-04-10 10:16:00,2025-04-10 19:35:00,0 days 09:19:00,0,1,9.316666666666666,4,10,Thursday,Quinta
10/04/2025,09:11,17:22,DEF7L65,Fiat/Uno,2025-04-10 09:11:00,2025-04-10 17:22:00,0 days 08:11:00,0,1,8.183333333333334,4,9,Thursday,Quinta
10/04/2025,09:13,19:12,JBL7K65,Ford/Fiesta,2025-04-10 09:13:00,2025-04-10 19:12:00,0 days 09:59:00,0,1,9.983333333333333,4,9,Thursday,Quinta
11/04/2025,06:12,18:33,ALC1D23,Toyota/Corolla,2025-04-11 06:12:00,2025-04-11 18:33:00,0 days 12:21:00,0,1,12.35,4,6,Friday,Sexta
11/04/2025,06:31,15:21,JDL2M45,Chevrolet/Onix,2025-04-11 06:31:00,2025-04-11 15:21:00,0 days 08:50:00,0,1,8.833333333333334,4,6,Friday,Sexta
11/04/2025,06:41,18:01,QWE3R67,Volkswagen/Polo,2025-04-11 06:41:00,2025-04-11 18:01:00,0 days 11:20:00,0,1,11.333333333333334,4,6,Friday,Sexta
11/04/2025,06:23,18:19,RTY4U89,Hyundai/HB20,2025-04-11 06:23:00,2025-04-11 18:19:00,0 days 11:56:00,0,1,11.933333333333334,4,6,Friday,Sexta
11/04/2025,06:42,16:49,UIO5P10,Honda/Civic,2025-04-11 06:42:00,2025-04-11 16:49:00,0 days 10:07:00,0,1,10.116666666666667,4,6,Friday,Sexta
11/04/2025,06:39,15:17,ASD6F32,Nissan/Kicks,2025-04-11 06:39:00,2025-04-11 15:17:00,0 days 08:38:00,0,1,8.633333333333333,4,6,Friday,Sexta
11/04/2025,06:03,18:24,ZXC7V54,Fiat/Fastback,2025-04-11 06:03:00,2025-04-11 18:24:00,0 days 12:21:00,0,1,12.35,4,6,Friday,Sexta
11/04/2025,06:59,16:49,VBN8G76,Renault/Kwid,2025-04-11 06:59:00,2025-04-11 16:49:00,0 days 09:50:00,0,1,9.833333333333334,4,6,Friday,Sexta
11/04/2025,06:29,18:06,MNB9H98,Jeep/Compass,2025-04-11 06:29:00,2025-04-11 18:06:00,0 days 11:37:00,0,1,11.616666666666667,4,6,Friday,Sexta
11/04/2025,06:24,19:10,POI0J21,Peugeot/208,2025-04-11 06:24:00,2025-04-11 19:10:00,0 days 12:46:00,0,1,12.766666666666667,4,6,Friday,Sexta
11/04/2025,06:26,17:22,LKM1Z43,Citroen/C3,2025-04-11 06:26:00,2025-04-11 17:22:00,0 days 10:56:00,0,1,10.933333333333334,4,6,Friday,Sexta
11/04/2025,06:38,15:59,HGF2X65,BYD/Dolphin,2025-04-11 06:38:00,2025-04-11 15:59:00,0 days 09:21:00,0,1,9.35,4,6,Friday,Sexta
11/04/2025,06:38,15:24,QAZ3W87,Toyota/Etios,2025-04-11 06:38:00,2025-04-11 15:24:00,0 days 08:46:00,0,1,8.766666666666667,4,6,Friday,Sexta
11/04/2025,08:37,15:24,WSX4E09,Chevrolet/Cruze,2025-04-11 08:37:00,2025-04-11 15:24:00,0 days 06:47:00,0,1,6.783333333333333,4,8,Friday,Sexta
11/04/2025,09:03,15:15,EDC5R21,Volkswagen/Fox,2025-04-11 09:03:00,2025-04-11 15:15:00,0 days 06:12:00,0,1,6.2,4,9,Friday,Sexta
11/04/2025,09:28,16:26,RFV6T43,Hyundai/Tucson,2025-04-11 09:28:00,2025-04-11 16:26:00,0 days 06:58:00,0,1,6.966666666666667,4,9,Friday,Sexta
11/04/2025,08:09,19:42,TGB7Y65,Honda/Fit,2025-04-11 08:09:00,2025-04-11 19:42:00,0 days 11:33:00,0,1,11.55,4,8,Friday,Sexta
11/04/2025,09:44,19:52,YHN8U87,Nissan/March,2025-04-11 09:44:00,2025-04-11 19:52:00,0 days 10:08:00,0,1,10.133333333333333,4,9,Friday,Sexta
11/04/2025,08:50,16:42,UJM9I09,Fiat/Palio,2025-04-11 08:50:00,2025-04-11 16:42:00,0 days 07:52:00,0,1,7.866666666666666,4,8,Friday,Sexta
11/04/2025,08:27,18:03,IKL0O21,Renault/Sandero,2025-04-11 08:27:00,2025-04-11 18:03:00,0 days 09:36:00,0,1,9.6,4,8,Friday,Sexta
11/04/2025,08:11,15:01,OLP1P43,Jeep/Renegade,2025-04-11 08:11:00,2025-04-11 15:01:00,0 days 06:50:00,0,1,6.833333333333333,4,8,Friday,Sexta
11/04/2025,09:45,19:42,PAS2D65,Peugeot/308,2025-04-11 09:45:00,2025-04-11 19:42:00,0 days 09:57:00,0,1,9.95,4,9,Friday,Sexta
11/04/2025,09:11,19:02,DFG3S87,Citroen/C4,2025-04-11 09:11:00,2025-04-11 19:02:00,0 days 09:51:00,0,1,9.85,4,9,Friday,Sexta
11/04/2025,09:54,19:04,SDF4G09,Ford/Focus,2025-04-11 09:54:00,2025-04-11 19:04:00,0 days 09:10:00,0,1,9.166666666666666,4,9,Friday,Sexta
11/04/2025,08:05,17:07,GHG5H21,Kia/Soul,2025-04-11 08:05:00,2025-04-11 17:07:00,0 days 09:02:00,0,1,9.033333333333333,4,8,Friday,Sexta
11/04/2025,08:17,17:03,HJK6J43,Mitsubishi/ASX,2025-04-11 08:17:00,2025-04-11 17:03:00,0 days 08:46:00,0,1,8.766666666666667,4,8,Friday,Sexta
11/04/2025,09:00,19:18,JKL7K65,Suzuki/Swift,2025-04-11 09:00:00,2025-04-11 19:18:00,0 days 10:18:00,0,1,10.3,4,9,Friday,Sexta
11/04/2025,08:47,15:56,AJC7M65,Chevrolet/Celta,2025-04-11 08:47:00,2025-04-11 15:56:00,0 days 07:09:00,0,1,7.15,4,8,Friday,Sexta
11/04/2025,09:22,19:35,DEF7L65,Fiat/Uno,2025-04-11 09:22:00,2025-04-11 19:35:00,0 days 10:13:00,0,1,10.216666666666667,4,9,Friday,Sexta
11/04/2025,10:51,15:22,JBL7K65,Ford/Fiesta,2025-04-11 10:51:00,2025-04-11 15:22:00,0 days 04:31:00,0,1,4.516666666666667,4,10,Friday,Sexta
12/04/2025,09:11,15:19,WSX4E09,Chevrolet/Cruze,2025-04-12 09:11:00,2025-04-12 15:19:00,0 days 06:08:00,0,1,6.133333333333334,4,9,Saturday,Sábado
12/04/2025,09:37,18:04,UJM9I09,Fiat/Palio,2025-04-12 09:37:00,2025-04-12 18:04:00,0 days 08:27:00,0,1,8.45,4,9,Saturday,Sábado
12/04/2025,08:46,15:17,IKL0O21,Renault/Sandero,2025-04-12 08:46:00,2025-04-12 15:17:00,0 days 06:31:00,0,1,6.516666666666667,4,8,Saturday,Sábado
12/04/2025,08:32,19:43,PAS2D65,Peugeot/308,2025-04-12 08:32:00,2025-04-12 19:43:00,0 days 11:11:00,0,1,11.183333333333334,4,8,Saturday,Sábado
12/04/2025,08:38,19:00,DFG3S87,Citroen/C4,2025-04-12 08:38:00,2025-04-12 19:00:00,0 days 10:22:00,0,1,10.366666666666667,4,8,Saturday,Sábado
12/04/2025,08:19,18:58,GHG5H21,Kia/Soul,2025-04-12 08:19:00,2025-04-12 18:58:00,0 days 10:39:00,0,1,10.65,4,8,Saturday,Sábado
12/04/2025,09:31,17:14,HJK6J43,Mitsubishi/ASX,2025-04-12 09:31:00,2025-04-12 17:14:00,0 days 07:43:00,0,1,7.716666666666667,4,9,Saturday,Sábado
14/04/2025,06:49,16:56,ALC1D23,Toyota/Corolla,2025-04-14 06:49:00,2025-04-14 16:56:00,0 days 10:07:00,0,1,10.116666666666667,4,6,Monday,Segunda
14/04/2025,06:11,18:18,JDL2M45,Chevrolet/Onix,2025-04-14 06:11:00,2025-04-14 18:18:00,0 days 12:07:00,0,1,12.116666666666667,4,6,Monday,Segunda
14/04/2025,06:25,16:59,QWE3R67,Volkswagen/Polo,2025-04-14 06:25:00,2025-04-14 16:59:00,0 days 10:34:00,0,1,10.566666666666666,4,6,Monday,Segunda
14/04/2025,06:03,19:26,RTY4U89,Hyundai/HB20,2025-04-14 06:03:00,2025-04-14 19:26:00,0 days 13:23:00,0,1,13.383333333333333,4,6,Monday,Segunda
14/04/2025,06:57,15:22,UIO5P10,Honda/Civic,2025-04-14 06:57:00,2025-04-14 15:22:00,0 days 08:25:00,0,1,8.416666666666666,4,6,Monday,Segunda
14/04/2025,06:13,15:16,ASD6F32,Nissan/Kicks,2025-04-14 06:13:00,2025-04-14 15:16:00,0 days 09:03:00,0,1,9.05,4,6,Monday,Segunda
14/04/2025,06:05,16:12,ZXC7V54,Fiat/Fastback,2025-04-14 06:05:00,2025-04-14 16:12:00,0 days 10:07:00,0,1,10.116666666666667,4,6,Monday,Segunda
14/04/2025,06:15,16:44,VBN8G76,Renault/Kwid,2025-04-14 06:15:00,2025-04-14 16:44:00,0 days 10:29:00,0,1,10.483333333333333,4,6,Monday,Segunda
14/04/2025,06:03,16:45,MNB9H98,Jeep/Compass,2025-04-14 06:03:00,2025-04-14 16:45:00,0 days 10:42:00,0,1,10.7,4,6,Monday,Segunda
14/04/2025,06:14,19:23,POI0J21,Peugeot/208,2025-04-14 06:14:00,2025-04-14 19:23:00,0 days 13:09:00,0,1,13.15,4,6,Monday,Segunda
14/04/2025,06:07,16:22,LKM1Z43,Citroen/C3,2025-04-14 06:07:00,2025-04-14 16:22:00,0 days 10:15:00,0,1,10.25,4,6,Monday,Segunda
14/04/2025,06:49,19:52,HGF2X65,BYD/Dolphin,2025-04-14 06:49:00,2025-04-14 19:52:00,0 days 13:03:00,0,1,13.05,4,6,Monday,Segunda
14/04/2025,06:38,17:48,QAZ3W87,Toyota/Etios,2025-04-14 06:38:00,2025-04-14 17:48:00,0 days 11:10:00,0,1,11.166666666666666,4,6,Monday,Segunda
14/04/2025,08:03,19:37,WSX4E09,Chevrolet/Cruze,2025-04-14 08:03:00,2025-04-14 19:37:00,0 days 11:34:00,0,1,11.566666666666666,4,8,Monday,Segunda
14/04/2025,09:04,19:15,EDC5R21,Volkswagen/Fox,2025-04-14 09:04:00,2025-04-14 19:15:00,0 days 10:11:00,0,1,10.183333333333334,4,9,Monday,Segunda
14/04/2025,09:15,15:39,RFV6T43,Hyundai/Tucson,2025-04-14 09:15:00,2025-04-14 15:39:00,0 days 06:24:00,0,1,6.4,4,9,Monday,Segunda
14/04/2025,09:58,18:18,TGB7Y65,Honda/Fit,2025-04-14 09:58:00,2025-04-14 18:18:00,0 days 08:20:00,0,1,8.333333333333334,4,9,Monday,Segunda
14/04/2025,09:58,15:41,YHN8U87,Nissan/March,2025-04-14 09:58:00,2025-04-14 15:41:00,0 days 05:43:00,0,1,5.716666666666667,4,9,Monday,Segunda
14/04/2025,08:08,19:53,UJM9I09,Fiat/Palio,2025-04-14 08:08:00,2025-04-14 19:53:00,0 days 11:45:00,0,1,11.75,4,8,Monday,Segunda
14/04/2025,08:27,16:57,IKL0O21,Renault/Sandero,2025-04-14 08:27:00,2025-04-14 16:57:00,0 days 08:30:00,0,1,8.5,4,8,Monday,Segunda
14/04/2025,09:47,19:42,OLP1P43,Jeep/Renegade,2025-04-14 09:47:00,2025-04-14 19:42:00,0 days 09:55:00,0,1,9.916666666666666,4,9,Monday,Segunda
14/04/2025,08:54,18:07,PAS2D65,Peugeot/308,2025-04-14 08:54:00,2025-04-14 18:07:00,0 days 09:13:00,0,1,9.216666666666667,4,8,Monday,Segunda
14/04/2025,08:24,19:35,DFG3S87,Citroen/C4,2025-04-14 08:24:00,2025-04-14 19:35:00,0 days 11:11:00,0,1,11.183333333333334,4,8,Monday,Segunda
14/04/2025,09:11,16:14,SDF4G09,Ford/Focus,2025-04-14 09:11:00,2025-04-14 16:14:00,0 days 07:03:00,0,1,7.05,4,9,Monday,Segunda
14/04/2025,09:23,19:32,GHG5H21,Kia/Soul,2025-04-14 09:23:00,2025-04-14 19:32:00,0 days 10:09:00,0,1,10.15,4,9,Monday,Segunda
14/04/2025,09:51,18:57,HJK6J43,Mitsubishi/ASX,2025-04-14 09:51:00,2025-04-14 18:57:00,0 days 09:06:00,0,1,9.1,4,9,Monday,Segunda
14/04/2025,10:20,18:28,JKL7K65,Suzuki/Swift,2025-04-14 10:20:00,2025-04-14 18:28:00,0 days 08:08:00,0,1,8.133333333333333,4,10,Monday,Segunda
14/04/2025,09:51,18:00,AJC7M65,Chevrolet/Celta,2025-04-14 09:51:00,2025-04-14 18:00:00,0 days 08:09:00,0,1,8.15,4,9,Monday,Segunda
14/04/2025,10:36,17:20,DEF7L65,Fiat/Uno,2025-04-14 10:36:00,2025-04-14 17:20:00,0 days 06:44:00,0,1,6.733333333333333,4,10,Monday,Segunda
14/04/2025,09:42,16:58,JBL7K65,Ford/Fiesta,2025-04-14 09:42:00,2025-04-14 16:58:00,0 days 07:16:00,0,1,7.266666666666667,4,9,Monday,Segunda
15/04/2025,06:48,17:48,ALC1D23,Toyota/Corolla,2025-04-15 06:48:00,2025-04-15 17:48:00,0 days 11:00:00,0,1,11.0,4,6,Tuesday,Terça
15/04/2025,06:46,19:37,JDL2M45,Chevrolet/Onix,2025-04-15 06:46:00,2025-04-15 19:37:00,0 days 12:51:00,0,1,12.85,4,6,Tuesday,Terça
15/04/2025,06:40,19:50,QWE3R67,Volkswagen/Polo,2025-04-15 06:40:00,2025-04-15 19:50:00,0 days 13:10:00,0,1,13.166666666666666,4,6,Tuesday,Terça
15/04/2025,06:08,17:36,RTY4U89,Hyundai/HB20,2025-04-15 06:08:00,2025-04-15 17:36:00,0 days 11:28:00,0,1,11.466666666666667,4,6,Tuesday,Terça
15/04/2025,06:00,17:40,UIO5P10,Honda/Civic,2025-04-15 06:00:00,2025-04-15 17:40:00,0 days 11:40:00,0,1,11.666666666666666,4,6,Tuesday,Terça
15/04/2025,06:18,16:19,ASD6F32,Nissan/Kicks,2025-04-15 06:18:00,2025-04-15 16:19:00,0 days 10:01:00,0,1,10.016666666666667,4,6,Tuesday,Terça
15/04/2025,06:47,17:42,ZXC7V54,Fiat/Fastback,2025-04-15 06:47:00,2025-04-15 17:42:00,0 days 10:55:00,0,1,10.916666666666666,4,6,Tuesday,Terça
15/04/2025,06:55,15:31,VBN8G76,Renault/Kwid,2025-04-15 06:55:00,2025-04-15 15:31:00,0 days 08:36:00,0,1,8.6,4,6,Tuesday,Terça
15/04/2025,06:21,19:57,MNB9H98,Jeep/Compass,2025-04-15 06:21:00,2025-04-15 19:57:00,0 days 13:36:00,0,1,13.6,4,6,Tuesday,Terça
15/04/2025,06:30,18:09,POI0J21,Peugeot/208,2025-04-15 06:30:00,2025-04-15 18:09:00,0 days 11:39:00,0,1,11.65,4,6,Tuesday,Terça
15/04/2025,06:38,18:03,LKM1Z43,Citroen/C3,2025-04-15 06:38:00,2025-04-15 18:03:00,0 days 11:25:00,0,1,11.416666666666666,4,6,Tuesday,Terça
15/04/2025,06:52,19:44,HGF2X65,BYD/Dolphin,2025-04-15 06:52:00,2025-04-15 19:44:00,0 days 12:52:00,0,1,12.866666666666667,4,6,Tuesday,Terça
15/04/2025,06:38,17:43,QAZ3W87,Toyota/Etios,2025-04-15 06:38:00,2025-04-15 17:43:00,0 days 11:05:00,0,1,11.083333333333334,4,6,Tuesday,Terça
15/04/2025,08:43,16:21,WSX4E09,Chevrolet/Cruze,2025-04-15 08:43:00,2025-04-15 16:21:00,0 days 07:38:00,0,1,7.633333333333334,4,8,Tuesday,Terça
15/04/2025,09:36,17:01,EDC5R21,Volkswagen/Fox,2025-04-15 09:36:00,2025-04-15 17:01:00,0 days 07:25:00,0,1,7.416666666666667,4,9,Tuesday,Terça
15/04/2025,09:13,19:25,RFV6T43,Hyundai/Tucson,2025-04-15 09:13:00,2025-04-15 19:25:00,0 days 10:12:00,0,1,10.2,4,9,Tuesday,Terça
15/04/2025,08:42,16:26,TGB7Y65,Honda/Fit,2025-04-15 08:42:00,2025-04-15 16:26:00,0 days 07:44:00,0,1,7.733333333333333,4,8,Tuesday,Terça
15/04/2025,08:28,17:35,YHN8U87,Nissan/March,2025-04-15 08:28:00,2025-04-15 17:35:00,0 days 09:07:00,0,1,9.116666666666667,4,8,Tuesday,Terça
15/04/2025,08:08,19:30,UJM9I09,Fiat/Palio,2025-04-15 08:08:00,2025-04-15 19:30:00,0 days 11:22:00,0,1,11.366666666666667,4,8,Tuesday,Terça
15/04/2025,08:42,15:04,IKL0O21,Renault/Sandero,2025-04-15 08:42:00,2025-04-15 15:04:00,0 days 06:22:00,0,1,6.366666666666666,4,8,Tuesday,Terça
15/04/2025,09:57,19:44,OLP1P43,Jeep/Renegade,2025-04-15 09:57:00,2025-04-15 19:44:00,0 days 09:47:00,0,1,9.783333333333333,4,9,Tuesday,Terça
15/04/2025,08:28,15:00,PAS2D65,Peugeot/308,2025-04-15 08:28:00,2025-04-15 15:00:00,0 days 06:32:00,0,1,6.533333333333333,4,8,Tuesday,Terça
15/04/2025,08:06,16:06,DFG3S87,Citroen/C4,2025-04-15 08:06:00,2025-04-15 16:06:00,0 days 08:00:00,0,1,8.0,4,8,Tuesday,Terça
15/04/2025,08:37,15:12,SDF4G09,Ford/Focus,2025-04-15 08:37:00,2025-04-15 15:12:00,0 days 06:35:00,0,1,6.583333333333333,4,8,Tuesday,Terça
15/04/2025,09:05,19:20,GHG5H21,Kia/Soul,2025-04-15 09:05:00,2025-04-15 19:20:00,0 days 10:15:00,0,1,10.25,4,9,Tuesday,Terça
15/04/2025,08:03,19:37,HJK6J43,Mitsubishi/ASX,2025-04-15 08:03:00,2025-04-15 19:37:00,0 days 11:34:00,0,1,11.566666666666666,4,8,Tuesday,Terça
15/04/2025,08:03,16:18,JKL7K65,Suzuki/Swift,2025-04-15 08:03:00,2025-04-15 16:18:00,0 days 08:15:00,0,1,8.25,4,8,Tuesday,Terça
15/04/2025,09:06,16:23,AJC7M65,Chevrolet/Celta,2025-04-15 09:06:00,2025-04-15 16:23:00,0 days 07:17:00,0,1,7.283333333333333,4,9,Tuesday,Terça
15/04/2025,09:09,15:48,DEF7L65,Fiat/Uno,2025-04-15 09:09:00,2025-04-15 15:48:00,0 days 06:39:00,0,1,6.65,4,9,Tuesday,Terça
15/04/2025,08:28,16:15,JBL7K65,Ford/Fiesta,2025-04-15 08:28:00,2025-04-15 16:15:00,0 days 07:47:00,0,1,7.783333333333333,4,8,Tuesday,Terça
16/04/2025,06:44,15:56,ALC1D23,Toyota/Corolla,2025-04-16 06:44:00,2025-04-16 15:56:00,0 days 09:12:00,0,1,9.2,4,6,Wednesday,Quarta
16/04/2025,06:55,18:36,JDL2M45,Chevrolet/Onix,2025-04-16 06:55:00,2025-04-16 18:36:00,0 days 11:41:00,0,1,11.683333333333334,4,6,Wednesday,Quarta
16/04/2025,06:00,16:49,QWE3R67,Volkswagen/Polo,2025-04-16 06:00:00,2025-04-16 16:49:00,0 days 10:49:00,0,1,10.816666666666666,4,6,Wednesday,Quarta
16/04/2025,06:24,18:22,RTY4U89,Hyundai/HB20,2025-04-16 06:24:00,2025-04-16 18:22:00,0 days 11:58:00,0,1,11.966666666666667,4,6,Wednesday,Quarta
16/04/2025,06:15,16:54,UIO5P10,Honda/Civic,2025-04-16 06:15:00,2025-04-16 16:54:00,0 days 10:39:00,0,1,10.65,4,6,Wednesday,Quarta
16/04/2025,06:55,15:22,ASD6F32,Nissan/Kicks,2025-04-16 06:55:00,2025-04-16 15:22:00,0 days 08:27:00,0,1,8.45,4,6,Wednesday,Quarta
16/04/2025,06:32,15:07,ZXC7V54,Fiat/Fastback,2025-04-16 06:32:00,2025-04-16 15:07:00,0 days 08:35:00,0,1,8.583333333333334,4,6,Wednesday,Quarta
16/04/2025,06:50,15:20,VBN8G76,Renault/Kwid,2025-04-16 06:50:00,2025-04-16 15:20:00,0 days 08:30:00,0,1,8.5,4,6,Wednesday,Quarta
16/04/2025,06:43,15:26,MNB9H98,Jeep/Compass,2025-04-16 06:43:00,2025-04-16 15:26:00,0 days 08:43:00,0,1,8.716666666666667,4,6,Wednesday,Quarta
16/04/2025,06:01,16:26,POI0J21,Peugeot/208,2025-04-16 06:01:00,2025-04-16 16:26:00,0 days 10:25:00,0,1,10.416666666666666,4,6,Wednesday,Quarta
16/04/2025,06:09,19:51,LKM1Z43,Citroen/C3,2025-04-16 06:09:00,2025-04-16 19:51:00,0 days 13:42:00,0,1,13.7,4,6,Wednesday,Quarta
16/04/2025,06:14,18:22,HGF2X65,BYD/Dolphin,2025-04-16 06:14:00,2025-04-16 18:22:00,0 days 12:08:00,0,1,12.133333333333333,4,6,Wednesday,Quarta
16/04/2025,06:35,16:50,QAZ3W87,Toyota/Etios,2025-04-16 06:35:00,2025-04-16 16:50:00,0 days 10:15:00,0,1,10.25,4,6,Wednesday,Quarta
16/04/2025,09:30,18:21,WSX4E09,Chevrolet/Cruze,2025-04-16 09:30:00,2025-04-16 18:21:00,0 days 08:51:00,0,1,8.85,4,9,Wednesday,Quarta
16/04/2025,09:13,18:59,EDC5R21,Volkswagen/Fox,2025-04-16 09:13:00,2025-04-16 18:59:00,0 days 09:46:00,0,1,9.766666666666667,4,9,Wednesday,Quarta
16/04/2025,09:16,18:25,RFV6T43,Hyundai/Tucson,2025-04-16 09:16:00,2025-04-16 18:25:00,0 days 09:09:00,0,1,9.15,4,9,Wednesday,Quarta
16/04/2025,08:45,17:05,TGB7Y65,Honda/Fit,2025-04-16 08:45:00,2025-04-16 17:05:00,0 days 08:20:00,0,1,8.333333333333334,4,8,Wednesday,Quarta
16/04/2025,08:57,19:02,YHN8U87,Nissan/March,2025-04-16 08:57:00,2025-04-16 19:02:00,0 days 10:05:00,0,1,10.083333333333334,4,8,Wednesday,Quarta
16/04/2025,09:36,18:37,UJM9I09,Fiat/Palio,2025-04-16 09:36:00,2025-04-16 18:37:00,0 days 09:01:00,0,1,9.016666666666667,4,9,Wednesday,Quarta
16/04/2025,08:28,15:47,IKL0O21,Renault/Sandero,2025-04-16 08:28:00,2025-04-16 15:47:00,0 days 07:19:00,0,1,7.316666666666666,4,8,Wednesday,Quarta
16/04/2025,08:11,17:38,OLP1P43,Jeep/Renegade,2025-04-16 08:11:00,2025-04-16 17:38:00,0 days 09:27:00,0,1,9.45,4,8,Wednesday,Quarta
16/04/2025,09:44,17:08,PAS2D65,Peugeot/308,2025-04-16 09:44:00,2025-04-16 17:08:00,0 days 07:24:00,0,1,7.4,4,9,Wednesday,Quarta
16/04/2025,08:52,16:37,DFG3S87,Citroen/C4,2025-04-16 08:52:00,2025-04-16 16:37:00,0 days 07:45:00,0,1,7.75,4,8,Wednesday,Quarta
16/04/2025,08:32,16:13,SDF4G09,Ford/Focus,2025-04-16 08:32:00,2025-04-16 16:13:00,0 days 07:41:00,0,1,7.683333333333334,4,8,Wednesday,Quarta
16/04/2025,09:54,18:29,GHG5H21,Kia/Soul,2025-04-16 09:54:00,2025-04-16 18:29:00,0 days 08:35:00,0,1,8.583333333333334,4,9,Wednesday,Quarta
16/04/2025,09:09,17:33,HJK6J43,Mitsubishi/ASX,2025-04-16 09:09:00,2025-04-16 17:33:00,0 days 08:24:00,0,1,8.4,4,9,Wednesday,Quarta
16/04/2025,10:40,18:10,JKL7K65,Suzuki/Swift,2025-04-16 10:40:00,2025-04-16 18:10:00,0 days 07:30:00,0,1,7.5,4,10,Wednesday,Quarta
16/04/2025,08:27,18:51,AJC7M65,Chevrolet/Celta,2025-04-16 08:27:00,2025-04-16 18:51:00,0 days 10:24:00,0,1,10.4,4,8,Wednesday,Quarta
16/04/2025,08:26,17:32,DEF7L65,Fiat/Uno,2025-04-16 08:26:00,2025-04-16 17:32:00,0 days 09:06:00,0,1,9.1,4,8,Wednesday,Quarta
16/04/2025,10:32,17:26,JBL7K65,Ford/Fiesta,2025-04-16 10:32:00,2025-04-16 17:26:00,0 days 06:54:00,0,1,6.9,4,10,Wednesday,Quarta
17/04/2025,06:48,17:48,ALC1D23,Toyota/Corolla,2025-04-17 06:48:00,2025-04-17 17:48:00,0 days 11:00:00,0,1,11.0,4,6,Thursday,Quinta
17/04/2025,06:51,16:02,JDL2M45,Chevrolet/Onix,2025-04-17 06:51:00,2025-04-17 16:02:00,0 days 09:11:00,0,1,9.183333333333334,4,6,Thursday,Quinta
17/04/2025,06:59,18:54,QWE3R67,Volkswagen/Polo,2025-04-17 06:59:00,2025-04-17 18:54:00,0 days 11:55:00,0,1,11.916666666666666,4,6,Thursday,Quinta
17/04/2025,06:52,15:58,RTY4U89,Hyundai/HB20,2025-04-17 06:52:00,2025-04-17 15:58:00,0 days 09:06:00,0,1,9.1,4,6,Thursday,Quinta
17/04/2025,06:41,17:44,UIO5P10,Honda/Civic,2025-04-17 06:41:00,2025-04-17 17:44:00,0 days 11:03:00,0,1,11.05,4,6,Thursday,Quinta
17/04/2025,06:50,16:34,ASD6F32,Nissan/Kicks,2025-04-17 06:50:00,2025-04-17 16:34:00,0 days 09:44:00,0,1,9.733333333333333,4,6,Thursday,Quinta
17/04/2025,06:06,17:39,ZXC7V54,Fiat/Fastback,2025-04-17 06:06:00,2025-04-17 17:39:00,0 days 11:33:00,0,1,11.55,4,6,Thursday,Quinta
17/04/2025,06:56,18:18,VBN8G76,Renault/Kwid,2025-04-17 06:56:00,2025-04-17 18:18:00,0 days 11:22:00,0,1,11.366666666666667,4,6,Thursday,Quinta
17/04/2025,06:55,19:34,MNB9H98,Jeep/Compass,2025-04-17 06:55:00,2025-04-17 19:34:00,0 days 12:39:00,0,1,12.65,4,6,Thursday,Quinta
17/04/2025,06:35,19:34,POI0J21,Peugeot/208,2025-04-17 06:35:00,2025-04-17 19:34:00,0 days 12:59:00,0,1,12.983333333333333,4,6,Thursday,Quinta
17/04/2025,06:13,16:30,LKM1Z43,Citroen/C3,2025-04-17 06:13:00,2025-04-17 16:30:00,0 days 10:17:00,0,1,10.283333333333333,4,6,Thursday,Quinta
17/04/2025,06:16,17:04,HGF2X65,BYD/Dolphin,2025-04-17 06:16:00,2025-04-17 17:04:00,0 days 10:48:00,0,1,10.8,4,6,Thursday,Quinta
17/04/2025,06:08,16:10,QAZ3W87,Toyota/Etios,2025-04-17 06:08:00,2025-04-17 16:10:00,0 days 10:02:00,0,1,10.033333333333333,4,6,Thursday,Quinta
17/04/2025,09:45,19:26,WSX4E09,Chevrolet/Cruze,2025-04-17 09:45:00,2025-04-17 19:26:00,0 days 09:41:00,0,1,9.683333333333334,4,9,Thursday,Quinta
17/04/2025,09:15,16:53,EDC5R21,Volkswagen/Fox,2025-04-17 09:15:00,2025-04-17 16:53:00,0 days 07:38:00,0,1,7.633333333333334,4,9,Thursday,Quinta
17/04/2025,09:54,15:30,RFV6T43,Hyundai/Tucson,2025-04-17 09:54:00,2025-04-17 15:30:00,0 days 05:36:00,0,1,5.6,4,9,Thursday,Quinta
17/04/2025,08:49,15:50,TGB7Y65,Honda/Fit,2025-04-17 08:49:00,2025-04-17 15:50:00,0 days 07:01:00,0,1,7.016666666666667,4,8,Thursday,Quinta
17/04/2025,09:16,17:07,YHN8U87,Nissan/March,2025-04-17 09:16:00,2025-04-17 17:07:00,0 days 07:51:00,0,1,7.85,4,9,Thursday,Quinta
17/04/2025,08:13,17:56,UJM9I09,Fiat/Palio,2025-04-17 08:13:00,2025-04-17 17:56:00,0 days 09:43:00,0,1,9.716666666666667,4,8,Thursday,Quinta
17/04/2025,09:36,19:59,IKL0O21,Renault/Sandero,2025-04-17 09:36:00,2025-04-17 19:59:00,0 days 10:23:00,0,1,10.383333333333333,4,9,Thursday,Quinta
17/04/2025,08:11,19:49,OLP1P43,Jeep/Renegade,2025-04-17 08:11:00,2025-04-17 19:49:00,0 days 11:38:00,0,1,11.633333333333333,4,8,Thursday,Quinta
17/04/2025,09:18,16:14,PAS2D65,Peugeot/308,2025-04-17 09:18:00,2025-04-17 16:14:00,0 days 06:56:00,0,1,6.933333333333334,4,9,Thursday,Quinta
17/04/2025,08:05,16:13,DFG3S87,Citroen/C4,2025-04-17 08:05:00,2025-04-17 16:13:00,0 days 08:08:00,0,1,8.133333333333333,4,8,Thursday,Quinta
17/04/2025,09:28,19:44,SDF4G09,Ford/Focus,2025-04-17 09:28:00,2025-04-17 19:44:00,0 days 10:16:00,0,1,10.266666666666667,4,9,Thursday,Quinta
17/04/2025,09:35,17:09,GHG5H21,Kia/Soul,2025-04-17 09:35:00,2025-04-17 17:09:00,0 days 07:34:00,0,1,7.566666666666666,4,9,Thursday,Quinta
17/04/2025,09:44,19:38,HJK6J43,Mitsubishi/ASX,2025-04-17 09:44:00,2025-04-17 19:38:00,0 days 09:54:00,0,1,9.9,4,9,Thursday,Quinta
17/04/2025,09:46,17:56,JKL7K65,Suzuki/Swift,2025-04-17 09:46:00,2025-04-17 17:56:00,0 days 08:10:00,0,1,8.166666666666666,4,9,Thursday,Quinta
17/04/2025,08:17,17:15,AJC7M65,Chevrolet/Celta,2025-04-17 08:17:00,2025-04-17 17:15:00,0 days 08:58:00,0,1,8.966666666666667,4,8,Thursday,Quinta
17/04/2025,09:32,18:02,DEF7L65,Fiat/Uno,2025-04-17 09:32:00,2025-04-17 18:02:00,0 days 08:30:00,0,1,8.5,4,9,Thursday,Quinta
17/04/2025,08:54,16:08,JBL7K65,Ford/Fiesta,2025-04-17 08:54:00,2025-04-17 16:08:00,0 days 07:14:00,0,1,7.233333333333333,4,8,Thursday,Quinta
18/04/2025,06:47,16:23,ALC1D23,Toyota/Corolla,2025-04-18 06:47:00,2025-04-18 16:23:00,0 days 09:36:00,0,1,9.6,4,6,Friday,Sexta
18/04/2025,06:54,16:54,JDL2M45,Chevrolet/Onix,2025-04-18 06:54:00,2025-04-18 16:54:00,0 days 10:00:00,0,1,10.0,4,6,Friday,Sexta
18/04/2025,06:20,18:13,QWE3R67,Volkswagen/Polo,2025-04-18 06:20:00,2025-04-18 18:13:00,0 days 11:53:00,0,1,11.883333333333333,4,6,Friday,Sexta
18/04/2025,06:40,16:32,RTY4U89,Hyundai/HB20,2025-04-18 06:40:00,2025-04-18 16:32:00,0 days 09:52:00,0,1,9.866666666666667,4,6,Friday,Sexta
18/04/2025,06:55,15:29,UIO5P10,Honda/Civic,2025-04-18 06:55:00,2025-04-18 15:29:00,0 days 08:34:00,0,1,8.566666666666666,4,6,Friday,Sexta
18/04/2025,06:17,17:06,ASD6F32,Nissan/Kicks,2025-04-18 06:17:00,2025-04-18 17:06:00,0 days 10:49:00,0,1,10.816666666666666,4,6,Friday,Sexta
18/04/2025,06:03,16:27,ZXC7V54,Fiat/Fastback,2025-04-18 06:03:00,2025-04-18 16:27:00,0 days 10:24:00,0,1,10.4,4,6,Friday,Sexta
18/04/2025,06:35,15:06,VBN8G76,Renault/Kwid,2025-04-18 06:35:00,2025-04-18 15:06:00,0 days 08:31:00,0,1,8.516666666666667,4,6,Friday,Sexta
18/04/2025,06:51,19:05,MNB9H98,Jeep/Compass,2025-04-18 06:51:00,2025-04-18 19:05:00,0 days 12:14:00,0,1,12.233333333333333,4,6,Friday,Sexta
18/04/2025,06:10,18:49,POI0J21,Peugeot/208,2025-04-18 06:10:00,2025-04-18 18:49:00,0 days 12:39:00,0,1,12.65,4,6,Friday,Sexta
18/04/2025,06:30,17:04,LKM1Z43,Citroen/C3,2025-04-18 06:30:00,2025-04-18 17:04:00,0 days 10:34:00,0,1,10.566666666666666,4,6,Friday,Sexta
18/04/2025,06:42,15:53,HGF2X65,BYD/Dolphin,2025-04-18 06:42:00,2025-04-18 15:53:00,0 days 09:11:00,0,1,9.183333333333334,4,6,Friday,Sexta
18/04/2025,06:23,17:35,QAZ3W87,Toyota/Etios,2025-04-18 06:23:00,2025-04-18 17:35:00,0 days 11:12:00,0,1,11.2,4,6,Friday,Sexta
18/04/2025,08:34,16:41,WSX4E09,Chevrolet/Cruze,2025-04-18 08:34:00,2025-04-18 16:41:00,0 days 08:07:00,0,1,8.116666666666667,4,8,Friday,Sexta
18/04/2025,08:19,19:00,EDC5R21,Volkswagen/Fox,2025-04-18 08:19:00,2025-04-18 19:00:00,0 days 10:41:00,0,1,10.683333333333334,4,8,Friday,Sexta
18/04/2025,08:31,18:10,RFV6T43,Hyundai/Tucson,2025-04-18 08:31:00,2025-04-18 18:10:00,0 days 09:39:00,0,1,9.65,4,8,Friday,Sexta
18/04/2025,08:52,16:45,TGB7Y65,Honda/Fit,2025-04-18 08:52:00,2025-04-18 16:45:00,0 days 07:53:00,0,1,7.883333333333334,4,8,Friday,Sexta
18/04/2025,09:00,16:53,YHN8U87,Nissan/March,2025-04-18 09:00:00,2025-04-18 16:53:00,0 days 07:53:00,0,1,7.883333333333334,4,9,Friday,Sexta
18/04/2025,08:29,16:21,UJM9I09,Fiat/Palio,2025-04-18 08:29:00,2025-04-18 16:21:00,0 days 07:52:00,0,1,7.866666666666666,4,8,Friday,Sexta
18/04/2025,09:41,16:10,IKL0O21,Renault/Sandero,2025-04-18 09:41:00,2025-04-18 16:10:00,0 days 06:29:00,0,1,6.483333333333333,4,9,Friday,Sexta
18/04/2025,08:51,18:40,OLP1P43,Jeep/Renegade,2025-04-18 08:51:00,2025-04-18 18:40:00,0 days 09:49:00,0,1,9.816666666666666,4,8,Friday,Sexta
18/04/2025,09:35,17:06,PAS2D65,Peugeot/308,2025-04-18 09:35:00,2025-04-18 17:06:00,0 days 07:31:00,0,1,7.516666666666667,4,9,Friday,Sexta
18/04/2025,09:49,16:55,DFG3S87,Citroen/C4,2025-04-18 09:49:00,2025-04-18 16:55:00,0 days 07:06:00,0,1,7.1,4,9,Friday,Sexta
18/04/2025,09:25,16:27,SDF4G09,Ford/Focus,2025-04-18 09:25:00,2025-04-18 16:27:00,0 days 07:02:00,0,1,7.033333333333333,4,9,Friday,Sexta
18/04/2025,08:29,15:32,GHG5H21,Kia/Soul,2025-04-18 08:29:00,2025-04-18 15:32:00,0 days 07:03:00,0,1,7.05,4,8,Friday,Sexta
18/04/2025,08:45,18:05,HJK6J43,Mitsubishi/ASX,2025-04-18 08:45:00,2025-04-18 18:05:00,0 days 09:20:00,0,1,9.333333333333334,4,8,Friday,Sexta
18/04/2025,10:51,18:52,JKL7K65,Suzuki/Swift,2025-04-18 10:51:00,2025-04-18 18:52:00,0 days 08:01:00,0,1,8.016666666666667,4,10,Friday,Sexta
18/04/2025,08:21,15:13,AJC7M65,Chevrolet/Celta,2025-04-18 08:21:00,2025-04-18 15:13:00,0 days 06:52:00,0,1,6.866666666666666,4,8,Friday,Sexta
18/04/2025,10:42,16:45,DEF7L65,Fiat/Uno,2025-04-18 10:42:00,2025-04-18 16:45:00,0 days 06:03:00,0,1,6.05,4,10,Friday,Sexta
18/04/2025,10:42,15:48,JBL7K65,Ford/Fiesta,2025-04-18 10:42:00,2025-04-18 15:48:00,0 days 05:06:00,0,1,5.1,4,10,Friday,Sexta
19/04/2025,08:52,18:51,WSX4E09,Chevrolet/Cruze,2025-04-19 08:52:00,2025-04-19 18:51:00,0 days 09:59:00,0,1,9.983333333333333,4,8,Saturday,Sábado
19/04/2025,09:15,19:40,EDC5R21,Volkswagen/Fox,2025-04-19 09:15:00,2025-04-19 19:40:00,0 days 10:25:00,0,1,10.416666666666666,4,9,Saturday,Sábado
19/04/2025,08:14,18:41,TGB7Y65,Honda/Fit,2025-04-19 08:14:00,2025-04-19 18:41:00,0 days 10:27:00,0,1,10.45,4,8,Saturday,Sábado
19/04/2025,09:53,17:45,IKL0O21,Renault/Sandero,2025-04-19 09:53:00,2025-04-19 17:45:00,0 days 07:52:00,0,1,7.866666666666666,4,9,Saturday,Sábado
19/04/2025,08:00,16:43,OLP1P43,Jeep/Renegade,2025-04-19 08:00:00,2025-04-19 16:43:00,0 days 08:43:00,0,1,8.716666666666667,4,8,Saturday,Sábado
19/04/2025,09:01,16:16,DFG3S87,Citroen/C4,2025-04-19 09:01:00,2025-04-19 16:16:00,0 days 07:15:00,0,1,7.25,4,9,Saturday,Sábado
19/04/2025,08:13,17:10,SDF4G09,Ford/Focus,2025-04-19 08:13:00,2025-04-19 17:10:00,0 days 08:57:00,0,1,8.95,4,8,Saturday,Sábado
19/04/2025,08:34,17:34,HJK6J43,Mitsubishi/ASX,2025-04-19 08:34:00,2025-04-19 17:34:00,0 days 09:00:00,0,1,9.0,4,8,Saturday,Sábado
21/04/2025,06:36,18:25,ALC1D23,Toyota/Corolla,2025-04-21 06:36:00,2025-04-21 18:25:00,0 days 11:49:00,0,1,11.816666666666666,4,6,Monday,Segunda
21/04/2025,06:48,18:21,JDL2M45,Chevrolet/Onix,2025-04-21 06:48:00,2025-04-21 18:21:00,0 days 11:33:00,0,1,11.55,4,6,Monday,Segunda
21/04/2025,06:38,16:43,QWE3R67,Volkswagen/Polo,2025-04-21 06:38:00,2025-04-21 16:43:00,0 days 10:05:00,0,1,10.083333333333334,4,6,Monday,Segunda
21/04/2025,06:22,19:58,RTY4U89,Hyundai/HB20,2025-04-21 06:22:00,2025-04-21 19:58:00,0 days 13:36:00,0,1,13.6,4,6,Monday,Segunda
21/04/2025,06:06,18:58,UIO5P10,Honda/Civic,2025-04-21 06:06:00,2025-04-21 18:58:00,0 days 12:52:00,0,1,12.866666666666667,4,6,Monday,Segunda
21/04/2025,06:13,16:58,ASD6F32,Nissan/Kicks,2025-04-21 06:13:00,2025-04-21 16:58:00,0 days 10:45:00,0,1,10.75,4,6,Monday,Segunda
21/04/2025,06:33,17:04,ZXC7V54,Fiat/Fastback,2025-04-21 06:33:00,2025-04-21 17:04:00,0 days 10:31:00,0,1,10.516666666666667,4,6,Monday,Segunda
21/04/2025,06:32,15:04,VBN8G76,Renault/Kwid,2025-04-21 06:32:00,2025-04-21 15:04:00,0 days 08:32:00,0,1,8.533333333333333,4,6,Monday,Segunda
21/04/2025,06:43,19:01,MNB9H98,Jeep/Compass,2025-04-21 06:43:00,2025-04-21 19:01:00,0 days 12:18:00,0,1,12.3,4,6,Monday,Segunda
21/04/2025,06:51,17:55,POI0J21,Peugeot/208,2025-04-21 06:51:00,2025-04-21 17:55:00,0 days 11:04:00,0,1,11.066666666666666,4,6,Monday,Segunda
21/04/2025,06:57,16:37,LKM1Z43,Citroen/C3,2025-04-21 06:57:00,2025-04-21 16:37:00,0 days 09:40:00,0,1,9.666666666666666,4,6,Monday,Segunda
21/04/2025,06:46,18:44,HGF2X65,BYD/Dolphin,2025-04-21 06:46:00,2025-04-21 18:44:00,0 days 11:58:00,0,1,11.966666666666667,4,6,Monday,Segunda
21/04/2025,06:57,18:19,QAZ3W87,Toyota/Etios,2025-04-21 06:57:00,2025-04-21 18:19:00,0 days 11:22:00,0,1,11.366666666666667,4,6,Monday,Segunda
21/04/2025,08:54,17:26,WSX4E09,Chevrolet/Cruze,2025-04-21 08:54:00,2025-04-21 17:26:00,0 days 08:32:00,0,1,8.533333333333333,4,8,Monday,Segunda
21/04/2025,08:06,18:02,EDC5R21,Volkswagen/Fox,2025-04-21 08:06:00,2025-04-21 18:02:00,0 days 09:56:00,0,1,9.933333333333334,4,8,Monday,Segunda
21/04/2025,09:06,16:14,RFV6T43,Hyundai/Tucson,2025-04-21 09:06:00,2025-04-21 16:14:00,0 days 07:08:00,0,1,7.133333333333334,4,9,Monday,Segunda
21/04/2025,09:43,19:05,TGB7Y65,Honda/Fit,2025-04-21 09:43:00,2025-04-21 19:05:00,0 days 09:22:00,0,1,9.366666666666667,4,9,Monday,Segunda
21/04/2025,09:59,16:01,YHN8U87,Nissan/March,2025-04-21 09:59:00,2025-04-21 16:01:00,0 days 06:02:00,0,1,6.033333333333333,4,9,Monday,Segunda
21/04/2025,08:38,16:22,UJM9I09,Fiat/Palio,2025-04-21 08:38:00,2025-04-21 16:22:00,0 days 07:44:00,0,1,7.733333333333333,4,8,Monday,Segunda
21/04/2025,08:19,19:18,IKL0O21,Renault/Sandero,2025-04-21 08:19:00,2025-04-21 19:18:00,0 days 10:59:00,0,1,10.983333333333333,4,8,Monday,Segunda
21/04/2025,09:46,18:27,OLP1P43,Jeep/Renegade,2025-04-21 09:46:00,2025-04-21 18:27:00,0 days 08:41:00,0,1,8.683333333333334,4,9,Monday,Segunda
21/04/2025,09:28,18:39,PAS2D65,Peugeot/308,2025-04-21 09:28:00,2025-04-21 18:39:00,0 days 09:11:00,0,1,9.183333333333334,4,9,Monday,Segunda
21/04/2025,08:28,18:49,DFG3S87,Citroen/C4,2025-04-21 08:28:00,2025-04-21 18:49:00,0 days 10:21:00,0,1,10.35,4,8,Monday,Segunda
21/04/2025,09:58,15:46,SDF4G09,Ford/Focus,2025-04-21 09:58:00,2025-04-21 15:46:00,0 days 05:48:00,0,1,5.8,4,9,Monday,Segunda
21/04/2025,08:20,19:45,GHG5H21,Kia/Soul,2025-04-21 08:20:00,2025-04-21 19:45:00,0 days 11:25:00,0,1,11.416666666666666,4,8,Monday,Segunda
21/04/2025,09:42,19:06,HJK6J43,Mitsubishi/ASX,2025-04-21 09:42:00,2025-04-21 19:06:00,0 days 09:24:00,0,1,9.4,4,9,Monday,Segunda
21/04/2025,09:01,17:39,JKL7K65,Suzuki/Swift,2025-04-21 09:01:00,2025-04-21 17:39:00,0 days 08:38:00,0,1,8.633333333333333,4,9,Monday,Segunda
21/04/2025,10:33,17:18,AJC7M65,Chevrolet/Celta,2025-04-21 10:33:00,2025-04-21 17:18:00,0 days 06:45:00,0,1,6.75,4,10,Monday,Segunda
21/04/2025,08:18,18:11,DEF7L65,Fiat/Uno,2025-04-21 08:18:00,2025-04-21 18:11:00,0 days 09:53:00,0,1,9.883333333333333,4,8,Monday,Segunda
21/04/2025,10:17,19:20,JBL7K65,Ford/Fiesta,2025-04-21 10:17:00,2025-04-21 19:20:00,0 days 09:03:00,0,1,9.05,4,10,Monday,Segunda
22/04/2025,06:53,16:10,ALC1D23,Toyota/Corolla,2025-04-22 06:53:00,2025-04-22 16:10:00,0 days 09:17:00,0,1,9.283333333333333,4,6,Tuesday,Terça
22/04/2025,06:44,18:38,JDL2M45,Chevrolet/Onix,2025-04-22 06:44:00,2025-04-22 18:38:00,0 days 11:54:00,0,1,11.9,4,6,Tuesday,Terça
22/04/2025,06:43,19:02,QWE3R67,Volkswagen/Polo,2025-04-22 06:43:00,2025-04-22 19:02:00,0 days 12:19:00,0,1,12.316666666666666,4,6,Tuesday,Terça
22/04/2025,06:01,15:09,RTY4U89,Hyundai/HB20,2025-04-22 06:01:00,2025-04-22 15:09:00,0 days 09:08:00,0,1,9.133333333333333,4,6,Tuesday,Terça
22/04/2025,06:44,17:10,UIO5P10,Honda/Civic,2025-04-22 06:44:00,2025-04-22 17:10:00,0 days 10:26:00,0,1,10.433333333333334,4,6,Tuesday,Terça
22/04/2025,06:17,19:02,ASD6F32,Nissan/Kicks,2025-04-22 06:17:00,2025-04-22 19:02:00,0 days 12:45:00,0,1,12.75,4,6,Tuesday,Terça
22/04/2025,06:28,17:20,ZXC7V54,Fiat/Fastback,2025-04-22 06:28:00,2025-04-22 17:20:00,0 days 10:52:00,0,1,10.866666666666667,4,6,Tuesday,Terça
22/04/2025,06:16,16:59,VBN8G76,Renault/Kwid,2025-04-22 06:16:00,2025-04-22 16:59:00,0 days 10:43:00,0,1,10.716666666666667,4,6,Tuesday,Terça
22/04/2025,06:01,16:45,MNB9H98,Jeep/Compass,2025-04-22 06:01:00,2025-04-22 16:45:00,0 days 10:44:00,0,1,10.733333333333333,4,6,Tuesday,Terça
22/04/2025,06:15,17:44,POI0J21,Peugeot/208,2025-04-22 06:15:00,2025-04-22 17:44:00,0 days 11:29:00,0,1,11.483333333333333,4,6,Tuesday,Terça
22/04/2025,06:25,16:22,LKM1Z43,Citroen/C3,2025-04-22 06:25:00,2025-04-22 16:22:00,0 days 09:57:00,0,1,9.95,4,6,Tuesday,Terça
22/04/2025,06:12,15:33,HGF2X65,BYD/Dolphin,2025-04-22 06:12:00,2025-04-22 15:33:00,0 days 09:21:00,0,1,9.35,4,6,Tuesday,Terça
22/04/2025,06:39,18:29,QAZ3W87,Toyota/Etios,2025-04-22 06:39:00,2025-04-22 18:29:00,0 days 11:50:00,0,1,11.833333333333334,4,6,Tuesday,Terça
22/04/2025,08:11,15:02,WSX4E09,Chevrolet/Cruze,2025-04-22 08:11:00,2025-04-22 15:02:00,0 days 06:51:00,0,1,6.85,4,8,Tuesday,Terça
22/04/2025,08:57,18:45,EDC5R21,Volkswagen/Fox,2025-04-22 08:57:00,2025-04-22 18:45:00,0 days 09:48:00,0,1,9.8,4,8,Tuesday,Terça
22/04/2025,08:03,17:20,RFV6T43,Hyundai/Tucson,2025-04-22 08:03:00,2025-04-22 17:20:00,0 days 09:17:00,0,1,9.283333333333333,4,8,Tuesday,Terça
22/04/2025,09:56,16:03,TGB7Y65,Honda/Fit,2025-04-22 09:56:00,2025-04-22 16:03:00,0 days 06:07:00,0,1,6.116666666666666,4,9,Tuesday,Terça
22/04/2025,09:56,15:20,YHN8U87,Nissan/March,2025-04-22 09:56:00,2025-04-22 15:20:00,0 days 05:24:00,0,1,5.4,4,9,Tuesday,Terça
22/04/2025,09:02,19:47,UJM9I09,Fiat/Palio,2025-04-22 09:02:00,2025-04-22 19:47:00,0 days 10:45:00,0,1,10.75,4,9,Tuesday,Terça
22/04/2025,08:16,15:36,IKL0O21,Renault/Sandero,2025-04-22 08:16:00,2025-04-22 15:36:00,0 days 07:20:00,0,1,7.333333333333333,4,8,Tuesday,Terça
22/04/2025,08:30,19:09,OLP1P43,Jeep/Renegade,2025-04-22 08:30:00,2025-04-22 19:09:00,0 days 10:39:00,0,1,10.65,4,8,Tuesday,Terça
22/04/2025,08:34,19:13,PAS2D65,Peugeot/308,2025-04-22 08:34:00,2025-04-22 19:13:00,0 days 10:39:00,0,1,10.65,4,8,Tuesday,Terça
22/04/2025,09:21,18:18,DFG3S87,Citroen/C4,2025-04-22 09:21:00,2025-04-22 18:18:00,0 days 08:57:00,0,1,8.95,4,9,Tuesday,Terça
22/04/2025,09:10,16:56,SDF4G09,Ford/Focus,2025-04-22 09:10:00,2025-04-22 16:56:00,0 days 07:46:00,0,1,7.766666666666667,4,9,Tuesday,Terça
22/04/2025,09:25,19:46,GHG5H21,Kia/Soul,2025-04-22 09:25:00,2025-04-22 19:46:00,0 days 10:21:00,0,1,10.35,4,9,Tuesday,Terça
22/04/2025,08:02,16:25,HJK6J43,Mitsubishi/ASX,2025-04-22 08:02:00,2025-04-22 16:25:00,0 days 08:23:00,0,1,8.383333333333333,4,8,Tuesday,Terça
22/04/2025,10:33,15:02,JKL7K65,Suzuki/Swift,2025-04-22 10:33:00,2025-04-22 15:02:00,0 days 04:29:00,0,1,4.483333333333333,4,10,Tuesday,Terça
22/04/2025,10:29,15:29,AJC7M65,Chevrolet/Celta,2025-04-22 10:29:00,2025-04-22 15:29:00,0 days 05:00:00,0,1,5.0,4,10,Tuesday,Terça
22/04/2025,08:22,19:37,DEF7L65,Fiat/Uno,2025-04-22 08:22:00,2025-04-22 19:37:00,0 days 11:15:00,0,1,11.25,4,8,Tuesday,Terça
22/04/2025,09:58,15:10,JBL7K65,Ford/Fiesta,2025-04-22 09:58:00,2025-04-22 15:10:00,0 days 05:12:00,0,1,5.2,4,9,Tuesday,Terça
23/04/2025,06:42,19:26,ALC1D23,Toyota/Corolla,2025-04-23 06:42:00,2025-04-23 19:26:00,0 days 12:44:00,0,1,12.733333333333333,4,6,Wednesday,Quarta
23/04/2025,06:32,16:59,JDL2M45,Chevrolet/Onix,2025-04-23 06:32:00,2025-04-23 16:59:00,0 days 10:27:00,0,1,10.45,4,6,Wednesday,Quarta
23/04/2025,06:38,15:09,QWE3R67,Volkswagen/Polo,2025-04-23 06:38:00,2025-04-23 15:09:00,0 days 08:31:00,0,1,8.516666666666667,4,6,Wednesday,Quarta
23/04/2025,06:07,18:34,RTY4U89,Hyundai/HB20,2025-04-23 06:07:00,2025-04-23 18:34:00,0 days 12:27:00,0,1,12.45,4,6,Wednesday,Quarta
23/04/2025,06:52,17:03,UIO5P10,Honda/Civic,2025-04-23 06:52:00,2025-04-23 17:03:00,0 days 10:11:00,0,1,10.183333333333334,4,6,Wednesday,Quarta
23/04/2025,06:38,19:10,ASD6F32,Nissan/Kicks,2025-04-23 06:38:00,2025-04-23 19:10:00,0 days 12:32:00,0,1,12.533333333333333,4,6,Wednesday,Quarta
23/04/2025,06:46,19:30,ZXC7V54,Fiat/Fastback,2025-04-23 06:46:00,2025-04-23 19:30:00,0 days 12:44:00,0,1,12.733333333333333,4,6,Wednesday,Quarta
23/04/2025,06:26,19:03,VBN8G76,Renault/Kwid,2025-04-23 06:26:00,2025-04-23 19:03:00,0 days 12:37:00,0,1,12.616666666666667,4,6,Wednesday,Quarta
23/04/2025,06:02,15:57,MNB9H98,Jeep/Compass,2025-04-23 06:02:00,2025-04-23 15:57:00,0 days 09:55:00,0,1,9.916666666666666,4,6,Wednesday,Quarta
23/04/2025,06:36,16:37,POI0J21,Peugeot/208,2025-04-23 06:36:00,2025-04-23 16:37:00,0 days 10:01:00,0,1,10.016666666666667,4,6,Wednesday,Quarta
23/04/2025,06:55,16:13,LKM1Z43,Citroen/C3,2025-04-23 06:55:00,2025-04-23 16:13:00,0 days 09:18:00,0,1,9.3,4,6,Wednesday,Quarta
23/04/2025,06:21,15:40,HGF2X65,BYD/Dolphin,2025-04-23 06:21:00,2025-04-23 15:40:00,0 days 09:19:00,0,1,9.316666666666666,4,6,Wednesday,Quarta
23/04/2025,06:17,16:49,QAZ3W87,Toyota/Etios,2025-04-23 06:17:00,2025-04-23 16:49:00,0 days 10:32:00,0,1,10.533333333333333,4,6,Wednesday,Quarta
23/04/2025,08:15,18:27,WSX4E09,Chevrolet/Cruze,2025-04-23 08:15:00,2025-04-23 18:27:00,0 days 10:12:00,0,1,10.2,4,8,Wednesday,Quarta
23/04/2025,08:36,19:29,EDC5R21,Volkswagen/Fox,2025-04-23 08:36:00,2025-04-23 19:29:00,0 days 10:53:00,0,1,10.883333333333333,4,8,Wednesday,Quarta
23/04/2025,09:01,16:25,RFV6T43,Hyundai/Tucson,2025-04-23 09:01:00,2025-04-23 16:25:00,0 days 07:24:00,0,1,7.4,4,9,Wednesday,Quarta
23/04/2025,08:52,15:29,TGB7Y65,Honda/Fit,2025-04-23 08:52:00,2025-04-23 15:29:00,0 days 06:37:00,0,1,6.616666666666666,4,8,Wednesday,Quarta
23/04/2025,08:18,18:55,YHN8U87,Nissan/March,2025-04-23 08:18:00,2025-04-23 18:55:00,0 days 10:37:00,0,1,10.616666666666667,4,8,Wednesday,Quarta
23/04/2025,09:51,15:10,UJM9I09,Fiat/Palio,2025-04-23 09:51:00,2025-04-23 15:10:00,0 days 05:19:00,0,1,5.316666666666666,4,9,Wednesday,Quarta
23/04/2025,08:11,18:33,IKL0O21,Renault/Sandero,2025-04-23 08:11:00,2025-04-23 18:33:00,0 days 10:22:00,0,1,10.366666666666667,4,8,Wednesday,Quarta
23/04/2025,08:16,17:56,OLP1P43,Jeep/Renegade,2025-04-23 08:16:00,2025-04-23 17:56:00,0 days 09:40:00,0,1,9.666666666666666,4,8,Wednesday,Quarta
23/04/2025,09:38,17:15,PAS2D65,Peugeot/308,2025-04-23 09:38:00,2025-04-23 17:15:00,0 days 07:37:00,0,1,7.616666666666666,4,9,Wednesday,Quarta
23/04/2025,08:24,16:13,DFG3S87,Citroen/C4,2025-04-23 08:24:00,2025-04-23 16:13:00,0 days 07:49:00,0,1,7.816666666666666,4,8,Wednesday,Quarta
23/04/2025,09:53,16:41,SDF4G09,Ford/Focus,2025-04-23 09:53:00,2025-04-23 16:41:00,0 days 06:48:00,0,1,6.8,4,9,Wednesday,Quarta
23/04/2025,08:54,15:06,GHG5H21,Kia/Soul,2025-04-23 08:54:00,2025-04-23 15:06:00,0 days 06:12:00,0,1,6.2,4,8,Wednesday,Quarta
23/04/2025,09:49,18:25,HJK6J43,Mitsubishi/ASX,2025-04-23 09:49:00,2025-04-23 18:25:00,0 days 08:36:00,0,1,8.6,4,9,Wednesday,Quarta
23/04/2025,09:53,16:21,JKL7K65,Suzuki/Swift,2025-04-23 09:53:00,2025-04-23 16:21:00,0 days 06:28:00,0,1,6.466666666666667,4,9,Wednesday,Quarta
23/04/2025,08:14,18:01,AJC7M65,Chevrolet/Celta,2025-04-23 08:14:00,2025-04-23 18:01:00,0 days 09:47:00,0,1,9.783333333333333,4,8,Wednesday,Quarta
23/04/2025,10:19,19:57,DEF7L65,Fiat/Uno,2025-04-23 10:19:00,2025-04-23 19:57:00,0 days 09:38:00,0,1,9.633333333333333,4,10,Wednesday,Quarta
23/04/2025,09:32,15:13,JBL7K65,Ford/Fiesta,2025-04-23 09:32:00,2025-04-23 15:13:00,0 days 05:41:00,0,1,5.683333333333334,4,9,Wednesday,Quarta
24/04/2025,06:15,16:20,ALC1D23,Toyota/Corolla,2025-04-24 06:15:00,2025-04-24 16:20:00,0 days 10:05:00,0,1,10.083333333333334,4,6,Thursday,Quinta
24/04/2025,06:53,15:58,JDL2M45,Chevrolet/Onix,2025-04-24 06:53:00,2025-04-24 15:58:00,0 days 09:05:00,0,1,9.083333333333334,4,6,Thursday,Quinta
24/04/2025,06:44,19:31,QWE3R67,Volkswagen/Polo,2025-04-24 06:44:00,2025-04-24 19:31:00,0 days 12:47:00,0,1,12.783333333333333,4,6,Thursday,Quinta
24/04/2025,06:12,19:31,RTY4U89,Hyundai/HB20,2025-04-24 06:12:00,2025-04-24 19:31:00,0 days 13:19:00,0,1,13.316666666666666,4,6,Thursday,Quinta
24/04/2025,06:39,16:54,UIO5P10,Honda/Civic,2025-04-24 06:39:00,2025-04-24 16:54:00,0 days 10:15:00,0,1,10.25,4,6,Thursday,Quinta
24/04/2025,06:46,19:23,ASD6F32,Nissan/Kicks,2025-04-24 06:46:00,2025-04-24 19:23:00,0 days 12:37:00,0,1,12.616666666666667,4,6,Thursday,Quinta
24/04/2025,06:25,18:53,ZXC7V54,Fiat/Fastback,2025-04-24 06:25:00,2025-04-24 18:53:00,0 days 12:28:00,0,1,12.466666666666667,4,6,Thursday,Quinta
24/04/2025,06:58,15:43,VBN8G76,Renault/Kwid,2025-04-24 06:58:00,2025-04-24 15:43:00,0 days 08:45:00,0,1,8.75,4,6,Thursday,Quinta
24/04/2025,06:40,18:22,MNB9H98,Jeep/Compass,2025-04-24 06:40:00,2025-04-24 18:22:00,0 days 11:42:00,0,1,11.7,4,6,Thursday,Quinta
24/04/2025,06:49,15:20,POI0J21,Peugeot/208,2025-04-24 06:49:00,2025-04-24 15:20:00,0 days 08:31:00,0,1,8.516666666666667,4,6,Thursday,Quinta
24/04/2025,06:06,19:20,LKM1Z43,Citroen/C3,2025-04-24 06:06:00,2025-04-24 19:20:00,0 days 13:14:00,0,1,13.233333333333333,4,6,Thursday,Quinta
24/04/2025,06:33,19:19,HGF2X65,BYD/Dolphin,2025-04-24 06:33:00,2025-04-24 19:19:00,0 days 12:46:00,0,1,12.766666666666667,4,6,Thursday,Quinta
24/04/2025,06:53,17:45,QAZ3W87,Toyota/Etios,2025-04-24 06:53:00,2025-04-24 17:45:00,0 days 10:52:00,0,1,10.866666666666667,4,6,Thursday,Quinta
24/04/2025,08:42,19:41,WSX4E09,Chevrolet/Cruze,2025-04-24 08:42:00,2025-04-24 19:41:00,0 days 10:59:00,0,1,10.983333333333333,4,8,Thursday,Quinta
24/04/2025,08:04,18:44,EDC5R21,Volkswagen/Fox,2025-04-24 08:04:00,2025-04-24 18:44:00,0 days 10:40:00,0,1,10.666666666666666,4,8,Thursday,Quinta
24/04/2025,09:07,17:06,RFV6T43,Hyundai/Tucson,2025-04-24 09:07:00,2025-04-24 17:06:00,0 days 07:59:00,0,1,7.983333333333333,4,9,Thursday,Quinta
24/04/2025,08:18,15:57,TGB7Y65,Honda/Fit,2025-04-24 08:18:00,2025-04-24 15:57:00,0 days 07:39:00,0,1,7.65,4,8,Thursday,Quinta
24/04/2025,08:17,19:00,YHN8U87,Nissan/March,2025-04-24 08:17:00,2025-04-24 19:00:00,0 days 10:43:00,0,1,10.716666666666667,4,8,Thursday,Quinta
24/04/2025,09:47,15:56,UJM9I09,Fiat/Palio,2025-04-24 09:47:00,2025-04-24 15:56:00,0 days 06:09:00,0,1,6.15,4,9,Thursday,Quinta
24/04/2025,08:05,18:26,IKL0O21,Renault/Sandero,2025-04-24 08:05:00,2025-04-24 18:26:00,0 days 10:21:00,0,1,10.35,4,8,Thursday,Quinta
24/04/2025,08:55,16:41,OLP1P43,Jeep/Renegade,2025-04-24 08:55:00,2025-04-24 16:41:00,0 days 07:46:00,0,1,7.766666666666667,4,8,Thursday,Quinta
24/04/2025,09:48,17:03,PAS2D65,Peugeot/308,2025-04-24 09:48:00,2025-04-24 17:03:00,0 days 07:15:00,0,1,7.25,4,9,Thursday,Quinta
24/04/2025,09:29,17:03,DFG3S87,Citroen/C4,2025-04-24 09:29:00,2025-04-24 17:03:00,0 days 07:34:00,0,1,7.566666666666666,4,9,Thursday,Quinta
24/04/2025,09:22,18:28,SDF4G09,Ford/Focus,2025-04-24 09:22:00,2025-04-24 18:28:00,0 days 09:06:00,0,1,9.1,4,9,Thursday,Quinta
24/04/2025,08:47,18:24,GHG5H21,Kia/Soul,2025-04-24 08:47:00,2025-04-24 18:24:00,0 days 09:37:00,0,1,9.616666666666667,4,8,Thursday,Quinta
24/04/2025,08:56,18:43,HJK6J43,Mitsubishi/ASX,2025-04-24 08:56:00,2025-04-24 18:43:00,0 days 09:47:00,0,1,9.783333333333333,4,8,Thursday,Quinta
24/04/2025,09:34,17:04,JKL7K65,Suzuki/Swift,2025-04-24 09:34:00,2025-04-24 17:04:00,0 days 07:30:00,0,1,7.5,4,9,Thursday,Quinta
24/04/2025,08:12,16:01,AJC7M65,Chevrolet/Celta,2025-04-24 08:12:00,2025-04-24 16:01:00,0 days 07:49:00,0,1,7.816666666666666,4,8,Thursday,Quinta
24/04/2025,08:04,15:42,DEF7L65,Fiat/Uno,2025-04-24 08:04:00,2025-04-24 15:42:00,0 days 07:38:00,0,1,7.633333333333334,4,8,Thursday,Quinta
24/04/2025,09:22,19:29,JBL7K65,Ford/Fiesta,2025-04-24 09:22:00,2025-04-24 19:29:00,0 days 10:07:00,0,1,10.116666666666667,4,9,Thursday,Quinta
25/04/2025,06:59,19:28,ALC1D23,Toyota/Corolla,2025-04-25 06:59:00,2025-04-25 19:28:00,0 days 12:29:00,0,1,12.483333333333333,4,6,Friday,Sexta
25/04/2025,06:27,17:31,JDL2M45,Chevrolet/Onix,2025-04-25 06:27:00,2025-04-25 17:31:00,0 days 11:04:00,0,1,11.066666666666666,4,6,Friday,Sexta
25/04/2025,06:31,15:25,QWE3R67,Volkswagen/Polo,2025-04-25 06:31:00,2025-04-25 15:25:00,0 days 08:54:00,0,1,8.9,4,6,Friday,Sexta
25/04/2025,06:38,19:31,RTY4U89,Hyundai/HB20,2025-04-25 06:38:00,2025-04-25 19:31:00,0 days 12:53:00,0,1,12.883333333333333,4,6,Friday,Sexta
25/04/2025,06:25,17:55,UIO5P10,Honda/Civic,2025-04-25 06:25:00,2025-04-25 17:55:00,0 days 11:30:00,0,1,11.5,4,6,Friday,Sexta
25/04/2025,06:00,17:41,ASD6F32,Nissan/Kicks,2025-04-25 06:00:00,2025-04-25 17:41:00,0 days 11:41:00,0,1,11.683333333333334,4,6,Friday,Sexta
25/04/2025,06:52,15:16,ZXC7V54,Fiat/Fastback,2025-04-25 06:52:00,2025-04-25 15:16:00,0 days 08:24:00,0,1,8.4,4,6,Friday,Sexta
25/04/2025,06:32,19:06,VBN8G76,Renault/Kwid,2025-04-25 06:32:00,2025-04-25 19:06:00,0 days 12:34:00,0,1,12.566666666666666,4,6,Friday,Sexta
25/04/2025,06:29,18:40,MNB9H98,Jeep/Compass,2025-04-25 06:29:00,2025-04-25 18:40:00,0 days 12:11:00,0,1,12.183333333333334,4,6,Friday,Sexta
25/04/2025,06:27,15:25,POI0J21,Peugeot/208,2025-04-25 06:27:00,2025-04-25 15:25:00,0 days 08:58:00,0,1,8.966666666666667,4,6,Friday,Sexta
25/04/2025,06:25,15:26,LKM1Z43,Citroen/C3,2025-04-25 06:25:00,2025-04-25 15:26:00,0 days 09:01:00,0,1,9.016666666666667,4,6,Friday,Sexta
25/04/2025,06:47,17:27,HGF2X65,BYD/Dolphin,2025-04-25 06:47:00,2025-04-25 17:27:00,0 days 10:40:00,0,1,10.666666666666666,4,6,Friday,Sexta
25/04/2025,06:35,15:36,QAZ3W87,Toyota/Etios,2025-04-25 06:35:00,2025-04-25 15:36:00,0 days 09:01:00,0,1,9.016666666666667,4,6,Friday,Sexta
25/04/2025,09:36,18:27,WSX4E09,Chevrolet/Cruze,2025-04-25 09:36:00,2025-04-25 18:27:00,0 days 08:51:00,0,1,8.85,4,9,Friday,Sexta
25/04/2025,09:11,16:05,EDC5R21,Volkswagen/Fox,2025-04-25 09:11:00,2025-04-25 16:05:00,0 days 06:54:00,0,1,6.9,4,9,Friday,Sexta
25/04/2025,08:37,18:26,RFV6T43,Hyundai/Tucson,2025-04-25 08:37:00,2025-04-25 18:26:00,0 days 09:49:00,0,1,9.816666666666666,4,8,Friday,Sexta
25/04/2025,09:24,18:04,TGB7Y65,Honda/Fit,2025-04-25 09:24:00,2025-04-25 18:04:00,0 days 08:40:00,0,1,8.666666666666666,4,9,Friday,Sexta
25/04/2025,08:01,17:24,YHN8U87,Nissan/March,2025-04-25 08:01:00,2025-04-25 17:24:00,0 days 09:23:00,0,1,9.383333333333333,4,8,Friday,Sexta
25/04/2025,09:33,17:27,UJM9I09,Fiat/Palio,2025-04-25 09:33:00,2025-04-25 17:27:00,0 days 07:54:00,0,1,7.9,4,9,Friday,Sexta
25/04/2025,08:00,16:17,IKL0O21,Renault/Sandero,2025-04-25 08:00:00,2025-04-25 16:17:00,0 days 08:17:00,0,1,8.283333333333333,4,8,Friday,Sexta
25/04/2025,08:31,17:48,OLP1P43,Jeep/Renegade,2025-04-25 08:31:00,2025-04-25 17:48:00,0 days 09:17:00,0,1,9.283333333333333,4,8,Friday,Sexta
25/04/2025,09:56,16:52,PAS2D65,Peugeot/308,2025-04-25 09:56:00,2025-04-25 16:52:00,0 days 06:56:00,0,1,6.933333333333334,4,9,Friday,Sexta
25/04/2025,09:45,17:48,DFG3S87,Citroen/C4,2025-04-25 09:45:00,2025-04-25 17:48:00,0 days 08:03:00,0,1,8.05,4,9,Friday,Sexta
25/04/2025,09:20,18:26,SDF4G09,Ford/Focus,2025-04-25 09:20:00,2025-04-25 18:26:00,0 days 09:06:00,0,1,9.1,4,9,Friday,Sexta
25/04/2025,09:06,17:41,GHG5H21,Kia/Soul,2025-04-25 09:06:00,2025-04-25 17:41:00,0 days 08:35:00,0,1,8.583333333333334,4,9,Friday,Sexta
25/04/2025,09:56,15:38,HJK6J43,Mitsubishi/ASX,2025-04-25 09:56:00,2025-04-25 15:38:00,0 days 05:42:00,0,1,5.7,4,9,Friday,Sexta
25/04/2025,08:45,16:39,JKL7K65,Suzuki/Swift,2025-04-25 08:45:00,2025-04-25 16:39:00,0 days 07:54:00,0,1,7.9,4,8,Friday,Sexta
25/04/2025,09:59,18:03,AJC7M65,Chevrolet/Celta,2025-04-25 09:59:00,2025-04-25 18:03:00,0 days 08:04:00,0,1,8.066666666666666,4,9,Friday,Sexta
25/04/2025,08:40,15:49,DEF7L65,Fiat/Uno,2025-04-25 08:40:00,2025-04-25 15:49:00,0 days 07:09:00,0,1,7.15,4,8,Friday,Sexta
25/04/2025,08:56,19:01,JBL7K65,Ford/Fiesta,2025-04-25 08:56:00,2025-04-25 19:01:00,0 days 10:05:00,0,1,10.083333333333334,4,8,Friday,Sexta
26/04/2025,09:11,19:21,WSX4E09,Chevrolet/Cruze,2025-04-26 09:11:00,2025-04-26 19:21:00,0 days 10:10:00,0,1,10.166666666666666,4,9,Saturday,Sábado
26/04/2025,09:08,17:52,EDC5R21,Volkswagen/Fox,2025-04-26 09:08:00,2025-04-26 17:52:00,0 days 08:44:00,0,1,8.733333333333333,4,9,Saturday,Sábado
26/04/2025,08:52,19:10,RFV6T43,Hyundai/Tucson,2025-04-26 08:52:00,2025-04-26 19:10:00,0 days 10:18:00,0,1,10.3,4,8,Saturday,Sábado
26/04/2025,08:09,18:23,TGB7Y65,Honda/Fit,2025-04-26 08:09:00,2025-04-26 18:23:00,0 days 10:14:00,0,1,10.233333333333333,4,8,Saturday,Sábado
26/04/2025,08:44,18:25,YHN8U87,Nissan/March,2025-04-26 08:44:00,2025-04-26 18:25:00,0 days 09:41:00,0,1,9.683333333333334,4,8,Saturday,Sábado
26/04/2025,09:28,17:08,IKL0O21,Renault/Sandero,2025-04-26 09:28:00,2025-04-26 17:08:00,0 days 07:40:00,0,1,7.666666666666667,4,9,Saturday,Sábado
26/04/2025,09:46,16:58,PAS2D65,Peugeot/308,2025-04-26 09:46:00,2025-04-26 16:58:00,0 days 07:12:00,0,1,7.2,4,9,Saturday,Sábado
26/04/2025,08:41,15:28,DFG3S87,Citroen/C4,2025-04-26 08:41:00,2025-04-26 15:28:00,0 days 06:47:00,0,1,6.783333333333333,4,8,Saturday,Sábado
26/04/2025,09:09,19:25,SDF4G09,Ford/Focus,2025-04-26 09:09:00,2025-04-26 19:25:00,0 days 10:16:00,0,1,10.266666666666667,4,9,Saturday,Sábado
26/04/2025,09:43,18:37,GHG5H21,Kia/Soul,2025-04-26 09:43:00,2025-04-26 18:37:00,0 days 08:54:00,0,1,8.9,4,9,Saturday,Sábado
28/04/2025,06:22,16:07,ALC1D23,Toyota/Corolla,2025-04-28 06:22:00,2025-04-28 16:07:00,0 days 09:45:00,0,1,9.75,4,6,Monday,Segunda
28/04/2025,06:23,16:36,JDL2M45,Chevrolet/Onix,2025-04-28 06:23:00,2025-04-28 16:36:00,0 days 10:13:00,0,1,10.216666666666667,4,6,Monday,Segunda
28/04/2025,06:38,18:23,QWE3R67,Volkswagen/Polo,2025-04-28 06:38:00,2025-04-28 18:23:00,0 days 11:45:00,0,1,11.75,4,6,Monday,Segunda
28/04/2025,06:47,18:07,RTY4U89,Hyundai/HB20,2025-04-28 06:47:00,2025-04-28 18:07:00,0 days 11:20:00,0,1,11.333333333333334,4,6,Monday,Segunda
28/04/2025,06:29,16:02,UIO5P10,Honda/Civic,2025-04-28 06:29:00,2025-04-28 16:02:00,0 days 09:33:00,0,1,9.55,4,6,Monday,Segunda
28/04/2025,06:33,15:14,ASD6F32,Nissan/Kicks,2025-04-28 06:33:00,2025-04-28 15:14:00,0 days 08:41:00,0,1,8.683333333333334,4,6,Monday,Segunda
28/04/2025,06:45,17:23,ZXC7V54,Fiat/Fastback,2025-04-28 06:45:00,2025-04-28 17:23:00,0 days 10:38:00,0,1,10.633333333333333,4,6,Monday,Segunda
28/04/2025,06:34,15:26,VBN8G76,Renault/Kwid,2025-04-28 06:34:00,2025-04-28 15:26:00,0 days 08:52:00,0,1,8.866666666666667,4,6,Monday,Segunda
28/04/2025,06:58,17:45,MNB9H98,Jeep/Compass,2025-04-28 06:58:00,2025-04-28 17:45:00,0 days 10:47:00,0,1,10.783333333333333,4,6,Monday,Segunda
28/04/2025,06:02,19:28,POI0J21,Peugeot/208,2025-04-28 06:02:00,2025-04-28 19:28:00,0 days 13:26:00,0,1,13.433333333333334,4,6,Monday,Segunda
28/04/2025,06:06,17:50,LKM1Z43,Citroen/C3,2025-04-28 06:06:00,2025-04-28 17:50:00,0 days 11:44:00,0,1,11.733333333333333,4,6,Monday,Segunda
28/04/2025,06:04,18:56,HGF2X65,BYD/Dolphin,2025-04-28 06:04:00,2025-04-28 18:56:00,0 days 12:52:00,0,1,12.866666666666667,4,6,Monday,Segunda
28/04/2025,06:52,15:12,QAZ3W87,Toyota/Etios,2025-04-28 06:52:00,2025-04-28 15:12:00,0 days 08:20:00,0,1,8.333333333333334,4,6,Monday,Segunda
28/04/2025,09:42,15:53,WSX4E09,Chevrolet/Cruze,2025-04-28 09:42:00,2025-04-28 15:53:00,0 days 06:11:00,0,1,6.183333333333334,4,9,Monday,Segunda
28/04/2025,08:03,15:24,EDC5R21,Volkswagen/Fox,2025-04-28 08:03:00,2025-04-28 15:24:00,0 days 07:21:00,0,1,7.35,4,8,Monday,Segunda
28/04/2025,09:31,15:13,RFV6T43,Hyundai/Tucson,2025-04-28 09:31:00,2025-04-28 15:13:00,0 days 05:42:00,0,1,5.7,4,9,Monday,Segunda
28/04/2025,08:17,15:47,TGB7Y65,Honda/Fit,2025-04-28 08:17:00,2025-04-28 15:47:00,0 days 07:30:00,0,1,7.5,4,8,Monday,Segunda
28/04/2025,09:14,16:47,YHN8U87,Nissan/March,2025-04-28 09:14:00,2025-04-28 16:47:00,0 days 07:33:00,0,1,7.55,4,9,Monday,Segunda
28/04/2025,09:48,18:50,UJM9I09,Fiat/Palio,2025-04-28 09:48:00,2025-04-28 18:50:00,0 days 09:02:00,0,1,9.033333333333333,4,9,Monday,Segunda
28/04/2025,08:36,19:46,IKL0O21,Renault/Sandero,2025-04-28 08:36:00,2025-04-28 19:46:00,0 days 11:10:00,0,1,11.166666666666666,4,8,Monday,Segunda
28/04/2025,09:56,19:56,OLP1P43,Jeep/Renegade,2025-04-28 09:56:00,2025-04-28 19:56:00,0 days 10:00:00,0,1,10.0,4,9,Monday,Segunda
28/04/2025,09:36,15:50,PAS2D65,Peugeot/308,2025-04-28 09:36:00,2025-04-28 15:50:00,0 days 06:14:00,0,1,6.233333333333333,4,9,Monday,Segunda
28/04/2025,09:19,17:57,DFG3S87,Citroen/C4,2025-04-28 09:19:00,2025-04-28 17:57:00,0 days 08:38:00,0,1,8.633333333333333,4,9,Monday,Segunda
28/04/2025,09:19,16:29,SDF4G09,Ford/Focus,2025-04-28 09:19:00,2025-04-28 16:29:00,0 days 07:10:00,0,1,7.166666666666667,4,9,Monday,Segunda
28/04/2025,08:25,16:52,GHG5H21,Kia/Soul,2025-04-28 08:25:00,2025-04-28 16:52:00,0 days 08:27:00,0,1,8.45,4,8,Monday,Segunda
28/04/2025,09:01,18:31,HJK6J43,Mitsubishi/ASX,2025-04-28 09:01:00,2025-04-28 18:31:00,0 days 09:30:00,0,1,9.5,4,9,Monday,Segunda
28/04/2025,10:55,17:54,JKL7K65,Suzuki/Swift,2025-04-28 10:55:00,2025-04-28 17:54:00,0 days 06:59:00,0,1,6.983333333333333,4,10,Monday,Segunda
28/04/2025,08:46,15:41,AJC7M65,Chevrolet/Celta,2025-04-28 08:46:00,2025-04-28 15:41:00,0 days 06:55:00,0,1,6.916666666666667,4,8,Monday,Segunda
28/04/2025,08:50,16:46,DEF7L65,Fiat/Uno,2025-04-28 08:50:00,2025-04-28 16:46:00,0 days 07:56:00,0,1,7.933333333333334,4,8,Monday,Segunda
28/04/2025,08:59,18:03,JBL7K65,Ford/Fiesta,2025-04-28 08:59:00,2025-04-28 18:03:00,0 days 09:04:00,0,1,9.066666666666666,4,8,Monday,Segunda
29/04/2025,06:02,18:07,ALC1D23,Toyota/Corolla,2025-04-29 06:02:00,2025-04-29 18:07:00,0 days 12:05:00,0,1,12.083333333333334,4,6,Tuesday,Terça
29/04/2025,06:21,15:22,JDL2M45,Chevrolet/Onix,2025-04-29 06:21:00,2025-04-29 15:22:00,0 days 09:01:00,0,1,9.016666666666667,4,6,Tuesday,Terça
29/04/2025,06:56,19:45,QWE3R67,Volkswagen/Polo,2025-04-29 06:56:00,2025-04-29 19:45:00,0 days 12:49:00,0,1,12.816666666666666,4,6,Tuesday,Terça
29/04/2025,06:31,19:52,RTY4U89,Hyundai/HB20,2025-04-29 06:31:00,2025-04-29 19:52:00,0 days 13:21:00,0,1,13.35,4,6,Tuesday,Terça
29/04/2025,06:46,16:14,UIO5P10,Honda/Civic,2025-04-29 06:46:00,2025-04-29 16:14:00,0 days 09:28:00,0,1,9.466666666666667,4,6,Tuesday,Terça
29/04/2025,06:05,15:30,ASD6F32,Nissan/Kicks,2025-04-29 06:05:00,2025-04-29 15:30:00,0 days 09:25:00,0,1,9.416666666666666,4,6,Tuesday,Terça
29/04/2025,06:48,19:01,ZXC7V54,Fiat/Fastback,2025-04-29 06:48:00,2025-04-29 19:01:00,0 days 12:13:00,0,1,12.216666666666667,4,6,Tuesday,Terça
29/04/2025,06:52,16:33,VBN8G76,Renault/Kwid,2025-04-29 06:52:00,2025-04-29 16:33:00,0 days 09:41:00,0,1,9.683333333333334,4,6,Tuesday,Terça
29/04/2025,06:29,15:24,MNB9H98,Jeep/Compass,2025-04-29 06:29:00,2025-04-29 15:24:00,0 days 08:55:00,0,1,8.916666666666666,4,6,Tuesday,Terça
29/04/2025,06:23,15:04,POI0J21,Peugeot/208,2025-04-29 06:23:00,2025-04-29 15:04:00,0 days 08:41:00,0,1,8.683333333333334,4,6,Tuesday,Terça
29/04/2025,06:06,18:30,LKM1Z43,Citroen/C3,2025-04-29 06:06:00,2025-04-29 18:30:00,0 days 12:24:00,0,1,12.4,4,6,Tuesday,Terça
29/04/2025,06:50,19:06,HGF2X65,BYD/Dolphin,2025-04-29 06:50:00,2025-04-29 19:06:00,0 days 12:16:00,0,1,12.266666666666667,4,6,Tuesday,Terça
29/04/2025,06:25,16:55,QAZ3W87,Toyota/Etios,2025-04-29 06:25:00,2025-04-29 16:55:00,0 days 10:30:00,0,1,10.5,4,6,Tuesday,Terça
29/04/2025,09:48,19:42,WSX4E09,Chevrolet/Cruze,2025-04-29 09:48:00,2025-04-29 19:42:00,0 days 09:54:00,0,1,9.9,4,9,Tuesday,Terça
29/04/2025,09:11,16:06,EDC5R21,Volkswagen/Fox,2025-04-29 09:11:00,2025-04-29 16:06:00,0 days 06:55:00,0,1,6.916666666666667,4,9,Tuesday,Terça
29/04/2025,09:41,17:26,RFV6T43,Hyundai/Tucson,2025-04-29 09:41:00,2025-04-29 17:26:00,0 days 07:45:00,0,1,7.75,4,9,Tuesday,Terça
29/04/2025,09:38,16:33,TGB7Y65,Honda/Fit,2025-04-29 09:38:00,2025-04-29 16:33:00,0 days 06:55:00,0,1,6.916666666666667,4,9,Tuesday,Terça
29/04/2025,09:50,17:40,YHN8U87,Nissan/March,2025-04-29 09:50:00,2025-04-29 17:40:00,0 days 07:50:00,0,1,7.833333333333333,4,9,Tuesday,Terça
29/04/2025,09:44,16:25,UJM9I09,Fiat/Palio,2025-04-29 09:44:00,2025-04-29 16:25:00,0 days 06:41:00,0,1,6.683333333333334,4,9,Tuesday,Terça
29/04/2025,09:42,19:47,IKL0O21,Renault/Sandero,2025-04-29 09:42:00,2025-04-29 19:47:00,0 days 10:05:00,0,1,10.083333333333334,4,9,Tuesday,Terça
29/04/2025,09:33,18:13,OLP1P43,Jeep/Renegade,2025-04-29 09:33:00,2025-04-29 18:13:00,0 days 08:40:00,0,1,8.666666666666666,4,9,Tuesday,Terça
29/04/2025,08:36,19:41,PAS2D65,Peugeot/308,2025-04-29 08:36:00,2025-04-29 19:41:00,0 days 11:05:00,0,1,11.083333333333334,4,8,Tuesday,Terça
29/04/2025,09:52,16:18,DFG3S87,Citroen/C4,2025-04-29 09:52:00,2025-04-29 16:18:00,0 days 06:26:00,0,1,6.433333333333334,4,9,Tuesday,Terça
29/04/2025,08:15,15:00,SDF4G09,Ford/Focus,2025-04-29 08:15:00,2025-04-29 15:00:00,0 days 06:45:00,0,1,6.75,4,8,Tuesday,Terça
29/04/2025,08:48,16:24,GHG5H21,Kia/Soul,2025-04-29 08:48:00,2025-04-29 16:24:00,0 days 07:36:00,0,1,7.6,4,8,Tuesday,Terça
29/04/2025,09:03,15:58,HJK6J43,Mitsubishi/ASX,2025-04-29 09:03:00,2025-04-29 15:58:00,0 days 06:55:00,0,1,6.916666666666667,4,9,Tuesday,Terça
29/04/2025,10:13,18:32,JKL7K65,Suzuki/Swift,2025-04-29 10:13:00,2025-04-29 18:32:00,0 days 08:19:00,0,1,8.316666666666666,4,10,Tuesday,Terça
29/04/2025,10:32,19:25,AJC7M65,Chevrolet/Celta,2025-04-29 10:32:00,2025-04-29 19:25:00,0 days 08:53:00,0,1,8.883333333333333,4,10,Tuesday,Terça
29/04/2025,09:53,18:47,DEF7L65,Fiat/Uno,2025-04-29 09:53:00,2025-04-29 18:47:00,0 days 08:54:00,0,1,8.9,4,9,Tuesday,Terça
29/04/2025,09:57,19:10,JBL7K65,Ford/Fiesta,2025-04-29 09:57:00,2025-04-29 19:10:00,0 days 09:13:00,0,1,9.216666666666667,4,9,Tuesday,Terça
30/04/2025,06:53,15:16,ALC1D23,Toyota/Corolla,2025-04-30 06:53:00,2025-04-30 15:16:00,0 days 08:23:00,0,1,8.383333333333333,4,6,Wednesday,Quarta
30/04/2025,06:50,19:01,JDL2M45,Chevrolet/Onix,2025-04-30 06:50:00,2025-04-30 19:01:00,0 days 12:11:00,0,1,12.183333333333334,4,6,Wednesday,Quarta
30/04/2025,06:38,19:45,QWE3R67,Volkswagen/Polo,2025-04-30 06:38:00,2025-04-30 19:45:00,0 days 13:07:00,0,1,13.116666666666667,4,6,Wednesday,Quarta
30/04/2025,06:42,18:09,RTY4U89,Hyundai/HB20,2025-04-30 06:42:00,2025-04-30 18:09:00,0 days 11:27:00,0,1,11.45,4,6,Wednesday,Quarta
30/04/2025,06:26,19:17,UIO5P10,Honda/Civic,2025-04-30 06:26:00,2025-04-30 19:17:00,0 days 12:51:00,0,1,12.85,4,6,Wednesday,Quarta
30/04/2025,06:48,15:04,ASD6F32,Nissan/Kicks,2025-04-30 06:48:00,2025-04-30 15:04:00,0 days 08:16:00,0,1,8.266666666666667,4,6,Wednesday,Quarta
30/04/2025,06:41,17:23,ZXC7V54,Fiat/Fastback,2025-04-30 06:41:00,2025-04-30 17:23:00,0 days 10:42:00,0,1,10.7,4,6,Wednesday,Quarta
30/04/2025,06:01,17:36,VBN8G76,Renault/Kwid,2025-04-30 06:01:00,2025-04-30 17:36:00,0 days 11:35:00,0,1,11.583333333333334,4,6,Wednesday,Quarta
30/04/2025,06:55,16:26,MNB9H98,Jeep/Compass,2025-04-30 06:55:00,2025-04-30 16:26:00,0 days 09:31:00,0,1,9.516666666666667,4,6,Wednesday,Quarta
30/04/2025,06:05,18:42,POI0J21,Peugeot/208,2025-04-30 06:05:00,2025-04-30 18:42:00,0 days 12:37:00,0,1,12.616666666666667,4,6,Wednesday,Quarta
30/04/2025,06:11,15:30,LKM1Z43,Citroen/C3,2025-04-30 06:11:00,2025-04-30 15:30:00,0 days 09:19:00,0,1,9.316666666666666,4,6,Wednesday,Quarta
30/04/2025,06:32,18:56,HGF2X65,BYD/Dolphin,2025-04-30 06:32:00,2025-04-30 18:56:00,0 days 12:24:00,0,1,12.4,4,6,Wednesday,Quarta
30/04/2025,06:04,18:48,QAZ3W87,Toyota/Etios,2025-04-30 06:04:00,2025-04-30 18:48:00,0 days 12:44:00,0,1,12.733333333333333,4,6,Wednesday,Quarta
30/04/2025,09:24,16:45,WSX4E09,Chevrolet/Cruze,2025-04-30 09:24:00,2025-04-30 16:45:00,0 days 07:21:00,0,1,7.35,4,9,Wednesday,Quarta
30/04/2025,08:29,19:26,EDC5R21,Volkswagen/Fox,2025-04-30 08:29:00,2025-04-30 19:26:00,0 days 10:57:00,0,1,10.95,4,8,Wednesday,Quarta
30/04/2025,08:09,18:27,RFV6T43,Hyundai/Tucson,2025-04-30 08:09:00,2025-04-30 18:27:00,0 days 10:18:00,0,1,10.3,4,8,Wednesday,Quarta
30/04/2025,09:56,17:37,TGB7Y65,Honda/Fit,2025-04-30 09:56:00,2025-04-30 17:37:00,0 days 07:41:00,0,1,7.683333333333334,4,9,Wednesday,Quarta
30/04/2025,09:20,15:02,YHN8U87,Nissan/March,2025-04-30 09:20:00,2025-04-30 15:02:00,0 days 05:42:00,0,1,5.7,4,9,Wednesday,Quarta
30/04/2025,08:10,17:27,UJM9I09,Fiat/Palio,2025-04-30 08:10:00,2025-04-30 17:27:00,0 days 09:17:00,0,1,9.283333333333333,4,8,Wednesday,Quarta
30/04/2025,09:15,18:31,IKL0O21,Renault/Sandero,2025-04-30 09:15:00,2025-04-30 18:31:00,0 days 09:16:00,0,1,9.266666666666667,4,9,Wednesday,Quarta
30/04/2025,09:41,17:48,OLP1P43,Jeep/Renegade,2025-04-30 09:41:00,2025-04-30 17:48:00,0 days 08:07:00,0,1,8.116666666666667,4,9,Wednesday,Quarta
30/04/2025,08:35,15:02,PAS2D65,Peugeot/308,2025-04-30 08:35:00,2025-04-30 15:02:00,0 days 06:27:00,0,1,6.45,4,8,Wednesday,Quarta
30/04/2025,08:51,18:01,DFG3S87,Citroen/C4,2025-04-30 08:51:00,2025-04-30 18:01:00,0 days 09:10:00,0,1,9.166666666666666,4,8,Wednesday,Quarta
30/04/2025,09:11,19:51,SDF4G09,Ford/Focus,2025-04-30 09:11:00,2025-04-30 19:51:00,0 days 10:40:00,0,1,10.666666666666666,4,9,Wednesday,Quarta
30/04/2025,09:41,19:00,GHG5H21,Kia/Soul,2025-04-30 09:41:00,2025-04-30 19:00:00,0 days 09:19:00,0,1,9.316666666666666,4,9,Wednesday,Quarta
30/04/2025,08:06,19:54,HJK6J43,Mitsubishi/ASX,2025-04-30 08:06:00,2025-04-30 19:54:00,0 days 11:48:00,0,1,11.8,4,8,Wednesday,Quarta
30/04/2025,09:51,19:48,JKL7K65,Suzuki/Swift,2025-04-30 09:51:00,2025-04-30 19:48:00,0 days 09:57:00,0,1,9.95,4,9,Wednesday,Quarta
30/04/2025,10:44,15:13,AJC7M65,Chevrolet/Celta,2025-04-30 10:44:00,2025-04-30 15:13:00,0 days 04:29:00,0,1,4.483333333333333,4,10,Wednesday,Quarta
30/04/2025,08:41,18:18,DEF7L65,Fiat/Uno,2025-04-30 08:41:00,2025-04-30 18:18:00,0 days 09:37:00,0,1,9.616666666666667,4,8,Wednesday,Quarta
30/04/2025,10:19,18:52,JBL7K65,Ford/Fiesta,2025-04-30 10:19:00,2025-04-30 18:52:00,0 days 08:33:00,0,1,8.55,4,10,Wednesday,Quarta
01/05/2025,06:37,17:05,ALC1D23,Toyota/Corolla,2025-05-01 06:37:00,2025-05-01 17:05:00,0 days 10:28:00,0,1,10.466666666666667,5,6,Thursday,Quinta
01/05/2025,06:57,17:27,JDL2M45,Chevrolet/Onix,2025-05-01 06:57:00,2025-05-01 17:27:00,0 days 10:30:00,0,1,10.5,5,6,Thursday,Quinta
01/05/2025,06:48,15:39,QWE3R67,Volkswagen/Polo,2025-05-01 06:48:00,2025-05-01 15:39:00,0 days 08:51:00,0,1,8.85,5,6,Thursday,Quinta
01/05/2025,06:58,16:39,RTY4U89,Hyundai/HB20,2025-05-01 06:58:00,2025-05-01 16:39:00,0 days 09:41:00,0,1,9.683333333333334,5,6,Thursday,Quinta
01/05/2025,06:20,15:35,UIO5P10,Honda/Civic,2025-05-01 06:20:00,2025-05-01 15:35:00,0 days 09:15:00,0,1,9.25,5,6,Thursday,Quinta
01/05/2025,06:06,17:54,ASD6F32,Nissan/Kicks,2025-05-01 06:06:00,2025-05-01 17:54:00,0 days 11:48:00,0,1,11.8,5,6,Thursday,Quinta
01/05/2025,06:38,15:09,ZXC7V54,Fiat/Fastback,2025-05-01 06:38:00,2025-05-01 15:09:00,0 days 08:31:00,0,1,8.516666666666667,5,6,Thursday,Quinta
01/05/2025,06:20,15:07,VBN8G76,Renault/Kwid,2025-05-01 06:20:00,2025-05-01 15:07:00,0 days 08:47:00,0,1,8.783333333333333,5,6,Thursday,Quinta
01/05/2025,06:31,18:30,MNB9H98,Jeep/Compass,2025-05-01 06:31:00,2025-05-01 18:30:00,0 days 11:59:00,0,1,11.983333333333333,5,6,Thursday,Quinta
01/05/2025,06:09,17:45,POI0J21,Peugeot/208,2025-05-01 06:09:00,2025-05-01 17:45:00,0 days 11:36:00,0,1,11.6,5,6,Thursday,Quinta
01/05/2025,06:36,16:32,LKM1Z43,Citroen/C3,2025-05-01 06:36:00,2025-05-01 16:32:00,0 days 09:56:00,0,1,9.933333333333334,5,6,Thursday,Quinta
01/05/2025,06:08,15:05,HGF2X65,BYD/Dolphin,2025-05-01 06:08:00,2025-05-01 15:05:00,0 days 08:57:00,0,1,8.95,5,6,Thursday,Quinta
01/05/2025,06:03,16:55,QAZ3W87,Toyota/Etios,2025-05-01 06:03:00,2025-05-01 16:55:00,0 days 10:52:00,0,1,10.866666666666667,5,6,Thursday,Quinta
01/05/2025,08:33,16:20,WSX4E09,Chevrolet/Cruze,2025-05-01 08:33:00,2025-05-01 16:20:00,0 days 07:47:00,0,1,7.783333333333333,5,8,Thursday,Quinta
01/05/2025,08:02,15:50,EDC5R21,Volkswagen/Fox,2025-05-01 08:02:00,2025-05-01 15:50:00,0 days 07:48:00,0,1,7.8,5,8,Thursday,Quinta
01/05/2025,09:45,19:30,RFV6T43,Hyundai/Tucson,2025-05-01 09:45:00,2025-05-01 19:30:00,0 days 09:45:00,0,1,9.75,5,9,Thursday,Quinta
01/05/2025,08:13,17:56,TGB7Y65,Honda/Fit,2025-05-01 08:13:00,2025-05-01 17:56:00,0 days 09:43:00,0,1,9.716666666666667,5,8,Thursday,Quinta
01/05/2025,09:48,19:11,YHN8U87,Nissan/March,2025-05-01 09:48:00,2025-05-01 19:11:00,0 days 09:23:00,0,1,9.383333333333333,5,9,Thursday,Quinta
01/05/2025,08:45,19:24,UJM9I09,Fiat/Palio,2025-05-01 08:45:00,2025-05-01 19:24:00,0 days 10:39:00,0,1,10.65,5,8,Thursday,Quinta
01/05/2025,09:17,15:28,IKL0O21,Renault/Sandero,2025-05-01 09:17:00,2025-05-01 15:28:00,0 days 06:11:00,0,1,6.183333333333334,5,9,Thursday,Quinta
01/05/2025,08:57,17:33,OLP1P43,Jeep/Renegade,2025-05-01 08:57:00,2025-05-01 17:33:00,0 days 08:36:00,0,1,8.6,5,8,Thursday,Quinta
01/05/2025,08:29,18:15,PAS2D65,Peugeot/308,2025-05-01 08:29:00,2025-05-01 18:15:00,0 days 09:46:00,0,1,9.766666666666667,5,8,Thursday,Quinta
01/05/2025,09:09,19:31,DFG3S87,Citroen/C4,2025-05-01 09:09:00,2025-05-01 19:31:00,0 days 10:22:00,0,1,10.366666666666667,5,9,Thursday,Quinta
01/05/2025,08:20,16:49,SDF4G09,Ford/Focus,2025-05-01 08:20:00,2025-05-01 16:49:00,0 days 08:29:00,0,1,8.483333333333333,5,8,Thursday,Quinta
01/05/2025,08:09,16:24,GHG5H21,Kia/Soul,2025-05-01 08:09:00,2025-05-01 16:24:00,0 days 08:15:00,0,1,8.25,5,8,Thursday,Quinta
01/05/2025,08:44,16:33,HJK6J43,Mitsubishi/ASX,2025-05-01 08:44:00,2025-05-01 16:33:00,0 days 07:49:00,0,1,7.816666666666666,5,8,Thursday,Quinta
01/05/2025,08:12,18:27,JKL7K65,Suzuki/Swift,2025-05-01 08:12:00,2025-05-01 18:27:00,0 days 10:15:00,0,1,10.25,5,8,Thursday,Quinta
01/05/2025,10:09,16:28,AJC7M65,Chevrolet/Celta,2025-05-01 10:09:00,2025-05-01 16:28:00,0 days 06:19:00,0,1,6.316666666666666,5,10,Thursday,Quinta
01/05/2025,08:35,17:04,DEF7L65,Fiat/Uno,2025-05-01 08:35:00,2025-05-01 17:04:00,0 days 08:29:00,0,1,8.483333333333333,5,8,Thursday,Quinta
01/05/2025,09:55,19:36,JBL7K65,Ford/Fiesta,2025-05-01 09:55:00,2025-05-01 19:36:00,0 days 09:41:00,0,1,9.683333333333334,5,9,Thursday,Quinta
02/05/2025,06:43,19:20,ALC1D23,Toyota/Corolla,2025-05-02 06:43:00,2025-05-02 19:20:00,0 days 12:37:00,0,1,12.616666666666667,5,6,Friday,Sexta
02/05/2025,06:16,18:34,JDL2M45,Chevrolet/Onix,2025-05-02 06:16:00,2025-05-02 18:34:00,0 days 12:18:00,0,1,12.3,5,6,Friday,Sexta
02/05/2025,06:05,18:41,QWE3R67,Volkswagen/Polo,2025-05-02 06:05:00,2025-05-02 18:41:00,0 days 12:36:00,0,1,12.6,5,6,Friday,Sexta
02/05/2025,06:45,18:14,RTY4U89,Hyundai/HB20,2025-05-02 06:45:00,2025-05-02 18:14:00,0 days 11:29:00,0,1,11.483333333333333,5,6,Friday,Sexta
02/05/2025,06:15,16:23,UIO5P10,Honda/Civic,2025-05-02 06:15:00,2025-05-02 16:23:00,0 days 10:08:00,0,1,10.133333333333333,5,6,Friday,Sexta
02/05/2025,06:21,15:40,ASD6F32,Nissan/Kicks,2025-05-02 06:21:00,2025-05-02 15:40:00,0 days 09:19:00,0,1,9.316666666666666,5,6,Friday,Sexta
02/05/2025,06:11,16:11,ZXC7V54,Fiat/Fastback,2025-05-02 06:11:00,2025-05-02 16:11:00,0 days 10:00:00,0,1,10.0,5,6,Friday,Sexta
02/05/2025,06:30,18:43,VBN8G76,Renault/Kwid,2025-05-02 06:30:00,2025-05-02 18:43:00,0 days 12:13:00,0,1,12.216666666666667,5,6,Friday,Sexta
02/05/2025,06:19,16:32,MNB9H98,Jeep/Compass,2025-05-02 06:19:00,2025-05-02 16:32:00,0 days 10:13:00,0,1,10.216666666666667,5,6,Friday,Sexta
02/05/2025,06:21,15:08,POI0J21,Peugeot/208,2025-05-02 06:21:00,2025-05-02 15:08:00,0 days 08:47:00,0,1,8.783333333333333,5,6,Friday,Sexta
02/05/2025,06:28,16:51,LKM1Z43,Citroen/C3,2025-05-02 06:28:00,2025-05-02 16:51:00,0 days 10:23:00,0,1,10.383333333333333,5,6,Friday,Sexta
02/05/2025,06:57,15:58,HGF2X65,BYD/Dolphin,2025-05-02 06:57:00,2025-05-02 15:58:00,0 days 09:01:00,0,1,9.016666666666667,5,6,Friday,Sexta
02/05/2025,06:52,15:02,QAZ3W87,Toyota/Etios,2025-05-02 06:52:00,2025-05-02 15:02:00,0 days 08:10:00,0,1,8.166666666666666,5,6,Friday,Sexta
02/05/2025,08:47,15:40,WSX4E09,Chevrolet/Cruze,2025-05-02 08:47:00,2025-05-02 15:40:00,0 days 06:53:00,0,1,6.883333333333334,5,8,Friday,Sexta
02/05/2025,09:29,19:51,EDC5R21,Volkswagen/Fox,2025-05-02 09:29:00,2025-05-02 19:51:00,0 days 10:22:00,0,1,10.366666666666667,5,9,Friday,Sexta
02/05/2025,08:02,19:06,RFV6T43,Hyundai/Tucson,2025-05-02 08:02:00,2025-05-02 19:06:00,0 days 11:04:00,0,1,11.066666666666666,5,8,Friday,Sexta
02/05/2025,09:50,15:35,TGB7Y65,Honda/Fit,2025-05-02 09:50:00,2025-05-02 15:35:00,0 days 05:45:00,0,1,5.75,5,9,Friday,Sexta
02/05/2025,08:11,15:25,YHN8U87,Nissan/March,2025-05-02 08:11:00,2025-05-02 15:25:00,0 days 07:14:00,0,1,7.233333333333333,5,8,Friday,Sexta
02/05/2025,09:54,18:37,UJM9I09,Fiat/Palio,2025-05-02 09:54:00,2025-05-02 18:37:00,0 days 08:43:00,0,1,8.716666666666667,5,9,Friday,Sexta
02/05/2025,09:10,18:40,IKL0O21,Renault/Sandero,2025-05-02 09:10:00,2025-05-02 18:40:00,0 days 09:30:00,0,1,9.5,5,9,Friday,Sexta
02/05/2025,08:41,17:50,OLP1P43,Jeep/Renegade,2025-05-02 08:41:00,2025-05-02 17:50:00,0 days 09:09:00,0,1,9.15,5,8,Friday,Sexta
02/05/2025,09:35,18:40,PAS2D65,Peugeot/308,2025-05-02 09:35:00,2025-05-02 18:40:00,0 days 09:05:00,0,1,9.083333333333334,5,9,Friday,Sexta
02/05/2025,08:17,17:44,DFG3S87,Citroen/C4,2025-05-02 08:17:00,2025-05-02 17:44:00,0 days 09:27:00,0,1,9.45,5,8,Friday,Sexta
02/05/2025,08:26,17:24,SDF4G09,Ford/Focus,2025-05-02 08:26:00,2025-05-02 17:24:00,0 days 08:58:00,0,1,8.966666666666667,5,8,Friday,Sexta
02/05/2025,08:08,17:09,GHG5H21,Kia/Soul,2025-05-02 08:08:00,2025-05-02 17:09:00,0 days 09:01:00,0,1,9.016666666666667,5,8,Friday,Sexta
02/05/2025,08:43,17:54,HJK6J43,Mitsubishi/ASX,2025-05-02 08:43:00,2025-05-02 17:54:00,0 days 09:11:00,0,1,9.183333333333334,5,8,Friday,Sexta
02/05/2025,08:03,18:49,JKL7K65,Suzuki/Swift,2025-05-02 08:03:00,2025-05-02 18:49:00,0 days 10:46:00,0,1,10.766666666666667,5,8,Friday,Sexta
02/05/2025,10:52,18:07,AJC7M65,Chevrolet/Celta,2025-05-02 10:52:00,2025-05-02 18:07:00,0 days 07:15:00,0,1,7.25,5,10,Friday,Sexta
02/05/2025,09:55,15:07,DEF7L65,Fiat/Uno,2025-05-02 09:55:00,2025-05-02 15:07:00,0 days 05:12:00,0,1,5.2,5,9,Friday,Sexta
02/05/2025,10:21,19:03,JBL7K65,Ford/Fiesta,2025-05-02 10:21:00,2025-05-02 19:03:00,0 days 08:42:00,0,1,8.7,5,10,Friday,Sexta
03/05/2025,08:43,18:26,WSX4E09,Chevrolet/Cruze,2025-05-03 08:43:00,2025-05-03 18:26:00,0 days 09:43:00,0,1,9.716666666666667,5,8,Saturday,Sábado
03/05/2025,09:58,17:01,TGB7Y65,Honda/Fit,2025-05-03 09:58:00,2025-05-03 17:01:00,0 days 07:03:00,0,1,7.05,5,9,Saturday,Sábado
03/05/2025,09:05,17:46,UJM9I09,Fiat/Palio,2025-05-03 09:05:00,2025-05-03 17:46:00,0 days 08:41:00,0,1,8.683333333333334,5,9,Saturday,Sábado
03/05/2025,09:28,16:50,IKL0O21,Renault/Sandero,2025-05-03 09:28:00,2025-05-03 16:50:00,0 days 07:22:00,0,1,7.366666666666666,5,9,Saturday,Sábado
03/05/2025,09:59,17:16,PAS2D65,Peugeot/308,2025-05-03 09:59:00,2025-05-03 17:16:00,0 days 07:17:00,0,1,7.283333333333333,5,9,Saturday,Sábado
05/05/2025,06:39,18:18,ALC1D23,Toyota/Corolla,2025-05-05 06:39:00,2025-05-05 18:18:00,0 days 11:39:00,0,1,11.65,5,6,Monday,Segunda
05/05/2025,06:58,17:02,JDL2M45,Chevrolet/Onix,2025-05-05 06:58:00,2025-05-05 17:02:00,0 days 10:04:00,0,1,10.066666666666666,5,6,Monday,Segunda
05/05/2025,06:15,18:20,QWE3R67,Volkswagen/Polo,2025-05-05 06:15:00,2025-05-05 18:20:00,0 days 12:05:00,0,1,12.083333333333334,5,6,Monday,Segunda
05/05/2025,06:10,18:37,RTY4U89,Hyundai/HB20,2025-05-05 06:10:00,2025-05-05 18:37:00,0 days 12:27:00,0,1,12.45,5,6,Monday,Segunda
05/05/2025,06:01,17:35,UIO5P10,Honda/Civic,2025-05-05 06:01:00,2025-05-05 17:35:00,0 days 11:34:00,0,1,11.566666666666666,5,6,Monday,Segunda
05/05/2025,06:08,18:02,ASD6F32,Nissan/Kicks,2025-05-05 06:08:00,2025-05-05 18:02:00,0 days 11:54:00,0,1,11.9,5,6,Monday,Segunda
05/05/2025,06:41,18:08,ZXC7V54,Fiat/Fastback,2025-05-05 06:41:00,2025-05-05 18:08:00,0 days 11:27:00,0,1,11.45,5,6,Monday,Segunda
05/05/2025,06:48,17:07,VBN8G76,Renault/Kwid,2025-05-05 06:48:00,2025-05-05 17:07:00,0 days 10:19:00,0,1,10.316666666666666,5,6,Monday,Segunda
05/05/2025,06:42,16:29,MNB9H98,Jeep/Compass,2025-05-05 06:42:00,2025-05-05 16:29:00,0 days 09:47:00,0,1,9.783333333333333,5,6,Monday,Segunda
05/05/2025,06:16,17:39,POI0J21,Peugeot/208,2025-05-05 06:16:00,2025-05-05 17:39:00,0 days 11:23:00,0,1,11.383333333333333,5,6,Monday,Segunda
05/05/2025,06:23,19:05,LKM1Z43,Citroen/C3,2025-05-05 06:23:00,2025-05-05 19:05:00,0 days 12:42:00,0,1,12.7,5,6,Monday,Segunda
05/05/2025,06:00,19:12,HGF2X65,BYD/Dolphin,2025-05-05 06:00:00,2025-05-05 19:12:00,0 days 13:12:00,0,1,13.2,5,6,Monday,Segunda
05/05/2025,06:24,19:26,QAZ3W87,Toyota/Etios,2025-05-05 06:24:00,2025-05-05 19:26:00,0 days 13:02:00,0,1,13.033333333333333,5,6,Monday,Segunda
05/05/2025,08:53,17:55,WSX4E09,Chevrolet/Cruze,2025-05-05 08:53:00,2025-05-05 17:55:00,0 days 09:02:00,0,1,9.033333333333333,5,8,Monday,Segunda
05/05/2025,08:52,15:24,EDC5R21,Volkswagen/Fox,2025-05-05 08:52:00,2025-05-05 15:24:00,0 days 06:32:00,0,1,6.533333333333333,5,8,Monday,Segunda
05/05/2025,08:28,17:31,RFV6T43,Hyundai/Tucson,2025-05-05 08:28:00,2025-05-05 17:31:00,0 days 09:03:00,0,1,9.05,5,8,Monday,Segunda
05/05/2025,08:40,17:45,TGB7Y65,Honda/Fit,2025-05-05 08:40:00,2025-05-05 17:45:00,0 days 09:05:00,0,1,9.083333333333334,5,8,Monday,Segunda
05/05/2025,08:23,16:20,YHN8U87,Nissan/March,2025-05-05 08:23:00,2025-05-05 16:20:00,0 days 07:57:00,0,1,7.95,5,8,Monday,Segunda
05/05/2025,09:13,15:25,UJM9I09,Fiat/Palio,2025-05-05 09:13:00,2025-05-05 15:25:00,0 days 06:12:00,0,1,6.2,5,9,Monday,Segunda
05/05/2025,08:27,19:49,IKL0O21,Renault/Sandero,2025-05-05 08:27:00,2025-05-05 19:49:00,0 days 11:22:00,0,1,11.366666666666667,5,8,Monday,Segunda
05/05/2025,09:35,17:09,OLP1P43,Jeep/Renegade,2025-05-05 09:35:00,2025-05-05 17:09:00,0 days 07:34:00,0,1,7.566666666666666,5,9,Monday,Segunda
05/05/2025,08:01,16:01,PAS2D65,Peugeot/308,2025-05-05 08:01:00,2025-05-05 16:01:00,0 days 08:00:00,0,1,8.0,5,8,Monday,Segunda
05/05/2025,09:25,19:26,DFG3S87,Citroen/C4,2025-05-05 09:25:00,2025-05-05 19:26:00,0 days 10:01:00,0,1,10.016666666666667,5,9,Monday,Segunda
05/05/2025,08:51,19:11,SDF4G09,Ford/Focus,2025-05-05 08:51:00,2025-05-05 19:11:00,0 days 10:20:00,0,1,10.333333333333334,5,8,Monday,Segunda
05/05/2025,09:26,17:27,GHG5H21,Kia/Soul,2025-05-05 09:26:00,2025-05-05 17:27:00,0 days 08:01:00,0,1,8.016666666666667,5,9,Monday,Segunda
05/05/2025,08:15,17:04,HJK6J43,Mitsubishi/ASX,2025-05-05 08:15:00,2025-05-05 17:04:00,0 days 08:49:00,0,1,8.816666666666666,5,8,Monday,Segunda
05/05/2025,09:19,18:31,JKL7K65,Suzuki/Swift,2025-05-05 09:19:00,2025-05-05 18:31:00,0 days 09:12:00,0,1,9.2,5,9,Monday,Segunda
05/05/2025,09:36,16:16,AJC7M65,Chevrolet/Celta,2025-05-05 09:36:00,2025-05-05 16:16:00,0 days 06:40:00,0,1,6.666666666666667,5,9,Monday,Segunda
05/05/2025,09:17,15:09,DEF7L65,Fiat/Uno,2025-05-05 09:17:00,2025-05-05 15:09:00,0 days 05:52:00,0,1,5.866666666666666,5,9,Monday,Segunda
05/05/2025,10:12,16:30,JBL7K65,Ford/Fiesta,2025-05-05 10:12:00,2025-05-05 16:30:00,0 days 06:18:00,0,1,6.3,5,10,Monday,Segunda
06/05/2025,06:37,19:54,ALC1D23,Toyota/Corolla,2025-05-06 06:37:00,2025-05-06 19:54:00,0 days 13:17:00,0,1,13.283333333333333,5,6,Tuesday,Terça
06/05/2025,06:57,15:16,JDL2M45,Chevrolet/Onix,2025-05-06 06:57:00,2025-05-06 15:16:00,0 days 08:19:00,0,1,8.316666666666666,5,6,Tuesday,Terça
06/05/2025,06:12,17:26,QWE3R67,Volkswagen/Polo,2025-05-06 06:12:00,2025-05-06 17:26:00,0 days 11:14:00,0,1,11.233333333333333,5,6,Tuesday,Terça
06/05/2025,06:14,17:28,RTY4U89,Hyundai/HB20,2025-05-06 06:14:00,2025-05-06 17:28:00,0 days 11:14:00,0,1,11.233333333333333,5,6,Tuesday,Terça
06/05/2025,06:40,19:24,UIO5P10,Honda/Civic,2025-05-06 06:40:00,2025-05-06 19:24:00,0 days 12:44:00,0,1,12.733333333333333,5,6,Tuesday,Terça
06/05/2025,06:37,17:45,ASD6F32,Nissan/Kicks,2025-05-06 06:37:00,2025-05-06 17:45:00,0 days 11:08:00,0,1,11.133333333333333,5,6,Tuesday,Terça
06/05/2025,06:45,19:28,ZXC7V54,Fiat/Fastback,2025-05-06 06:45:00,2025-05-06 19:28:00,0 days 12:43:00,0,1,12.716666666666667,5,6,Tuesday,Terça
06/05/2025,06:30,15:57,VBN8G76,Renault/Kwid,2025-05-06 06:30:00,2025-05-06 15:57:00,0 days 09:27:00,0,1,9.45,5,6,Tuesday,Terça
06/05/2025,06:35,15:12,MNB9H98,Jeep/Compass,2025-05-06 06:35:00,2025-05-06 15:12:00,0 days 08:37:00,0,1,8.616666666666667,5,6,Tuesday,Terça
06/05/2025,06:16,16:15,POI0J21,Peugeot/208,2025-05-06 06:16:00,2025-05-06 16:15:00,0 days 09:59:00,0,1,9.983333333333333,5,6,Tuesday,Terça
06/05/2025,06:03,17:08,LKM1Z43,Citroen/C3,2025-05-06 06:03:00,2025-05-06 17:08:00,0 days 11:05:00,0,1,11.083333333333334,5,6,Tuesday,Terça
06/05/2025,06:54,17:11,HGF2X65,BYD/Dolphin,2025-05-06 06:54:00,2025-05-06 17:11:00,0 days 10:17:00,0,1,10.283333333333333,5,6,Tuesday,Terça
06/05/2025,06:10,19:58,QAZ3W87,Toyota/Etios,2025-05-06 06:10:00,2025-05-06 19:58:00,0 days 13:48:00,0,1,13.8,5,6,Tuesday,Terça
06/05/2025,09:26,18:02,WSX4E09,Chevrolet/Cruze,2025-05-06 09:26:00,2025-05-06 18:02:00,0 days 08:36:00,0,1,8.6,5,9,Tuesday,Terça
06/05/2025,08:28,15:09,EDC5R21,Volkswagen/Fox,2025-05-06 08:28:00,2025-05-06 15:09:00,0 days 06:41:00,0,1,6.683333333333334,5,8,Tuesday,Terça
06/05/2025,08:50,15:05,RFV6T43,Hyundai/Tucson,2025-05-06 08:50:00,2025-05-06 15:05:00,0 days 06:15:00,0,1,6.25,5,8,Tuesday,Terça
06/05/2025,09:23,15:53,TGB7Y65,Honda/Fit,2025-05-06 09:23:00,2025-05-06 15:53:00,0 days 06:30:00,0,1,6.5,5,9,Tuesday,Terça
06/05/2025,08:23,18:20,YHN8U87,Nissan/March,2025-05-06 08:23:00,2025-05-06 18:20:00,0 days 09:57:00,0,1,9.95,5,8,Tuesday,Terça
06/05/2025,09:59,16:47,UJM9I09,Fiat/Palio,2025-05-06 09:59:00,2025-05-06 16:47:00,0 days 06:48:00,0,1,6.8,5,9,Tuesday,Terça
06/05/2025,08:37,19:11,IKL0O21,Renault/Sandero,2025-05-06 08:37:00,2025-05-06 19:11:00,0 days 10:34:00,0,1,10.566666666666666,5,8,Tuesday,Terça
06/05/2025,08:58,19:34,OLP1P43,Jeep/Renegade,2025-05-06 08:58:00,2025-05-06 19:34:00,0 days 10:36:00,0,1,10.6,5,8,Tuesday,Terça
06/05/2025,08:04,15:31,PAS2D65,Peugeot/308,2025-05-06 08:04:00,2025-05-06 15:31:00,0 days 07:27:00,0,1,7.45,5,8,Tuesday,Terça
06/05/2025,08:53,17:48,DFG3S87,Citroen/C4,2025-05-06 08:53:00,2025-05-06 17:48:00,0 days 08:55:00,0,1,8.916666666666666,5,8,Tuesday,Terça
06/05/2025,09:18,15:57,SDF4G09,Ford/Focus,2025-05-06 09:18:00,2025-05-06 15:57:00,0 days 06:39:00,0,1,6.65,5,9,Tuesday,Terça
06/05/2025,08:31,18:34,GHG5H21,Kia/Soul,2025-05-06 08:31:00,2025-05-06 18:34:00,0 days 10:03:00,0,1,10.05,5,8,Tuesday,Terça
06/05/2025,09:22,15:37,HJK6J43,Mitsubishi/ASX,2025-05-06 09:22:00,2025-05-06 15:37:00,0 days 06:15:00,0,1,6.25,5,9,Tuesday,Terça
06/05/2025,09:43,15:35,JKL7K65,Suzuki/Swift,2025-05-06 09:43:00,2025-05-06 15:35:00,0 days 05:52:00,0,1,5.866666666666666,5,9,Tuesday,Terça
06/05/2025,08:59,17:49,AJC7M65,Chevrolet/Celta,2025-05-06 08:59:00,2025-05-06 17:49:00,0 days 08:50:00,0,1,8.833333333333334,5,8,Tuesday,Terça
06/05/2025,10:19,19:56,DEF7L65,Fiat/Uno,2025-05-06 10:19:00,2025-05-06 19:56:00,0 days 09:37:00,0,1,9.616666666666667,5,10,Tuesday,Terça
06/05/2025,08:56,15:30,JBL7K65,Ford/Fiesta,2025-05-06 08:56:00,2025-05-06 15:30:00,0 days 06:34:00,0,1,6.566666666666666,5,8,Tuesday,Terça
07/05/2025,06:36,18:58,ALC1D23,Toyota/Corolla,2025-05-07 06:36:00,2025-05-07 18:58:00,0 days 12:22:00,0,1,12.366666666666667,5,6,Wednesday,Quarta
07/05/2025,06:57,19:47,JDL2M45,Chevrolet/Onix,2025-05-07 06:57:00,2025-05-07 19:47:00,0 days 12:50:00,0,1,12.833333333333334,5,6,Wednesday,Quarta
07/05/2025,06:14,15:03,QWE3R67,Volkswagen/Polo,2025-05-07 06:14:00,2025-05-07 15:03:00,0 days 08:49:00,0,1,8.816666666666666,5,6,Wednesday,Quarta
07/05/2025,06:10,18:25,RTY4U89,Hyundai/HB20,2025-05-07 06:10:00,2025-05-07 18:25:00,0 days 12:15:00,0,1,12.25,5,6,Wednesday,Quarta
07/05/2025,06:44,18:19,UIO5P10,Honda/Civic,2025-05-07 06:44:00,2025-05-07 18:19:00,0 days 11:35:00,0,1,11.583333333333334,5,6,Wednesday,Quarta
07/05/2025,06:50,16:47,ASD6F32,Nissan/Kicks,2025-05-07 06:50:00,2025-05-07 16:47:00,0 days 09:57:00,0,1,9.95,5,6,Wednesday,Quarta
07/05/2025,06:47,18:23,ZXC7V54,Fiat/Fastback,2025-05-07 06:47:00,2025-05-07 18:23:00,0 days 11:36:00,0,1,11.6,5,6,Wednesday,Quarta
07/05/2025,06:45,16:21,VBN8G76,Renault/Kwid,2025-05-07 06:45:00,2025-05-07 16:21:00,0 days 09:36:00,0,1,9.6,5,6,Wednesday,Quarta
07/05/2025,06:31,18:07,MNB9H98,Jeep/Compass,2025-05-07 06:31:00,2025-05-07 18:07:00,0 days 11:36:00,0,1,11.6,5,6,Wednesday,Quarta
07/05/2025,06:20,15:37,POI0J21,Peugeot/208,2025-05-07 06:20:00,2025-05-07 15:37:00,0 days 09:17:00,0,1,9.283333333333333,5,6,Wednesday,Quarta
07/05/2025,06:31,18:22,LKM1Z43,Citroen/C3,2025-05-07 06:31:00,2025-05-07 18:22:00,0 days 11:51:00,0,1,11.85,5,6,Wednesday,Quarta
07/05/2025,06:32,18:06,HGF2X65,BYD/Dolphin,2025-05-07 06:32:00,2025-05-07 18:06:00,0 days 11:34:00,0,1,11.566666666666666,5,6,Wednesday,Quarta
07/05/2025,06:55,17:55,QAZ3W87,Toyota/Etios,2025-05-07 06:55:00,2025-05-07 17:55:00,0 days 11:00:00,0,1,11.0,5,6,Wednesday,Quarta
07/05/2025,08:00,18:57,WSX4E09,Chevrolet/Cruze,2025-05-07 08:00:00,2025-05-07 18:57:00,0 days 10:57:00,0,1,10.95,5,8,Wednesday,Quarta
07/05/2025,08:56,19:00,EDC5R21,Volkswagen/Fox,2025-05-07 08:56:00,2025-05-07 19:00:00,0 days 10:04:00,0,1,10.066666666666666,5,8,Wednesday,Quarta
07/05/2025,08:40,18:17,RFV6T43,Hyundai/Tucson,2025-05-07 08:40:00,2025-05-07 18:17:00,0 days 09:37:00,0,1,9.616666666666667,5,8,Wednesday,Quarta
07/05/2025,08:12,19:43,TGB7Y65,Honda/Fit,2025-05-07 08:12:00,2025-05-07 19:43:00,0 days 11:31:00,0,1,11.516666666666667,5,8,Wednesday,Quarta
07/05/2025,09:41,16:23,YHN8U87,Nissan/March,2025-05-07 09:41:00,2025-05-07 16:23:00,0 days 06:42:00,0,1,6.7,5,9,Wednesday,Quarta
07/05/2025,09:24,19:24,UJM9I09,Fiat/Palio,2025-05-07 09:24:00,2025-05-07 19:24:00,0 days 10:00:00,0,1,10.0,5,9,Wednesday,Quarta
07/05/2025,08:43,16:47,IKL0O21,Renault/Sandero,2025-05-07 08:43:00,2025-05-07 16:47:00,0 days 08:04:00,0,1,8.066666666666666,5,8,Wednesday,Quarta
07/05/2025,08:02,16:40,OLP1P43,Jeep/Renegade,2025-05-07 08:02:00,2025-05-07 16:40:00,0 days 08:38:00,0,1,8.633333333333333,5,8,Wednesday,Quarta
07/05/2025,09:53,17:26,PAS2D65,Peugeot/308,2025-05-07 09:53:00,2025-05-07 17:26:00,0 days 07:33:00,0,1,7.55,5,9,Wednesday,Quarta
07/05/2025,08:18,19:08,DFG3S87,Citroen/C4,2025-05-07 08:18:00,2025-05-07 19:08:00,0 days 10:50:00,0,1,10.833333333333334,5,8,Wednesday,Quarta
07/05/2025,09:18,19:51,SDF4G09,Ford/Focus,2025-05-07 09:18:00,2025-05-07 19:51:00,0 days 10:33:00,0,1,10.55,5,9,Wednesday,Quarta
07/05/2025,08:04,18:29,GHG5H21,Kia/Soul,2025-05-07 08:04:00,2025-05-07 18:29:00,0 days 10:25:00,0,1,10.416666666666666,5,8,Wednesday,Quarta
07/05/2025,09:41,15:39,HJK6J43,Mitsubishi/ASX,2025-05-07 09:41:00,2025-05-07 15:39:00,0 days 05:58:00,0,1,5.966666666666667,5,9,Wednesday,Quarta
07/05/2025,09:39,15:12,JKL7K65,Suzuki/Swift,2025-05-07 09:39:00,2025-05-07 15:12:00,0 days 05:33:00,0,1,5.55,5,9,Wednesday,Quarta
07/05/2025,08:01,19:12,AJC7M65,Chevrolet/Celta,2025-05-07 08:01:00,2025-05-07 19:12:00,0 days 11:11:00,0,1,11.183333333333334,5,8,Wednesday,Quarta
07/05/2025,08:01,18:33,DEF7L65,Fiat/Uno,2025-05-07 08:01:00,2025-05-07 18:33:00,0 days 10:32:00,0,1,10.533333333333333,5,8,Wednesday,Quarta
07/05/2025,09:16,16:57,JBL7K65,Ford/Fiesta,2025-05-07 09:16:00,2025-05-07 16:57:00,0 days 07:41:00,0,1,7.683333333333334,5,9,Wednesday,Quarta
08/05/2025,06:47,15:22,ALC1D23,Toyota/Corolla,2025-05-08 06:47:00,2025-05-08 15:22:00,0 days 08:35:00,0,1,8.583333333333334,5,6,Thursday,Quinta
08/05/2025,06:58,19:38,JDL2M45,Chevrolet/Onix,2025-05-08 06:58:00,2025-05-08 19:38:00,0 days 12:40:00,0,1,12.666666666666666,5,6,Thursday,Quinta
08/05/2025,06:33,16:12,QWE3R67,Volkswagen/Polo,2025-05-08 06:33:00,2025-05-08 16:12:00,0 days 09:39:00,0,1,9.65,5,6,Thursday,Quinta
08/05/2025,06:14,18:10,RTY4U89,Hyundai/HB20,2025-05-08 06:14:00,2025-05-08 18:10:00,0 days 11:56:00,0,1,11.933333333333334,5,6,Thursday,Quinta
08/05/2025,06:11,16:22,UIO5P10,Honda/Civic,2025-05-08 06:11:00,2025-05-08 16:22:00,0 days 10:11:00,0,1,10.183333333333334,5,6,Thursday,Quinta
08/05/2025,06:47,15:52,ASD6F32,Nissan/Kicks,2025-05-08 06:47:00,2025-05-08 15:52:00,0 days 09:05:00,0,1,9.083333333333334,5,6,Thursday,Quinta
08/05/2025,06:09,18:42,ZXC7V54,Fiat/Fastback,2025-05-08 06:09:00,2025-05-08 18:42:00,0 days 12:33:00,0,1,12.55,5,6,Thursday,Quinta
08/05/2025,06:28,17:09,VBN8G76,Renault/Kwid,2025-05-08 06:28:00,2025-05-08 17:09:00,0 days 10:41:00,0,1,10.683333333333334,5,6,Thursday,Quinta
08/05/2025,06:29,19:31,MNB9H98,Jeep/Compass,2025-05-08 06:29:00,2025-05-08 19:31:00,0 days 13:02:00,0,1,13.033333333333333,5,6,Thursday,Quinta
08/05/2025,06:56,19:20,POI0J21,Peugeot/208,2025-05-08 06:56:00,2025-05-08 19:20:00,0 days 12:24:00,0,1,12.4,5,6,Thursday,Quinta
08/05/2025,06:33,15:29,LKM1Z43,Citroen/C3,2025-05-08 06:33:00,2025-05-08 15:29:00,0 days 08:56:00,0,1,8.933333333333334,5,6,Thursday,Quinta
08/05/2025,06:02,16:00,HGF2X65,BYD/Dolphin,2025-05-08 06:02:00,2025-05-08 16:00:00,0 days 09:58:00,0,1,9.966666666666667,5,6,Thursday,Quinta
08/05/2025,06:42,18:00,QAZ3W87,Toyota/Etios,2025-05-08 06:42:00,2025-05-08 18:00:00,0 days 11:18:00,0,1,11.3,5,6,Thursday,Quinta
08/05/2025,08:17,18:20,WSX4E09,Chevrolet/Cruze,2025-05-08 08:17:00,2025-05-08 18:20:00,0 days 10:03:00,0,1,10.05,5,8,Thursday,Quinta
08/05/2025,09:39,15:46,EDC5R21,Volkswagen/Fox,2025-05-08 09:39:00,2025-05-08 15:46:00,0 days 06:07:00,0,1,6.116666666666666,5,9,Thursday,Quinta
08/05/2025,09:20,18:49,RFV6T43,Hyundai/Tucson,2025-05-08 09:20:00,2025-05-08 18:49:00,0 days 09:29:00,0,1,9.483333333333333,5,9,Thursday,Quinta
08/05/2025,08:48,18:27,TGB7Y65,Honda/Fit,2025-05-08 08:48:00,2025-05-08 18:27:00,0 days 09:39:00,0,1,9.65,5,8,Thursday,Quinta
08/05/2025,08:22,15:37,YHN8U87,Nissan/March,2025-05-08 08:22:00,2025-05-08 15:37:00,0 days 07:15:00,0,1,7.25,5,8,Thursday,Quinta
08/05/2025,08:34,19:33,UJM9I09,Fiat/Palio,2025-05-08 08:34:00,2025-05-08 19:33:00,0 days 10:59:00,0,1,10.983333333333333,5,8,Thursday,Quinta
08/05/2025,09:06,15:28,IKL0O21,Renault/Sandero,2025-05-08 09:06:00,2025-05-08 15:28:00,0 days 06:22:00,0,1,6.366666666666666,5,9,Thursday,Quinta
08/05/2025,09:40,15:23,OLP1P43,Jeep/Renegade,2025-05-08 09:40:00,2025-05-08 15:23:00,0 days 05:43:00,0,1,5.716666666666667,5,9,Thursday,Quinta
08/05/2025,09:43,17:16,PAS2D65,Peugeot/308,2025-05-08 09:43:00,2025-05-08 17:16:00,0 days 07:33:00,0,1,7.55,5,9,Thursday,Quinta
08/05/2025,08:44,19:09,DFG3S87,Citroen/C4,2025-05-08 08:44:00,2025-05-08 19:09:00,0 days 10:25:00,0,1,10.416666666666666,5,8,Thursday,Quinta
08/05/2025,08:09,16:28,SDF4G09,Ford/Focus,2025-05-08 08:09:00,2025-05-08 16:28:00,0 days 08:19:00,0,1,8.316666666666666,5,8,Thursday,Quinta
08/05/2025,08:44,16:52,GHG5H21,Kia/Soul,2025-05-08 08:44:00,2025-05-08 16:52:00,0 days 08:08:00,0,1,8.133333333333333,5,8,Thursday,Quinta
08/05/2025,09:48,17:49,HJK6J43,Mitsubishi/ASX,2025-05-08 09:48:00,2025-05-08 17:49:00,0 days 08:01:00,0,1,8.016666666666667,5,9,Thursday,Quinta
08/05/2025,08:07,16:20,JKL7K65,Suzuki/Swift,2025-05-08 08:07:00,2025-05-08 16:20:00,0 days 08:13:00,0,1,8.216666666666667,5,8,Thursday,Quinta
08/05/2025,09:52,17:29,AJC7M65,Chevrolet/Celta,2025-05-08 09:52:00,2025-05-08 17:29:00,0 days 07:37:00,0,1,7.616666666666666,5,9,Thursday,Quinta
08/05/2025,08:09,16:51,DEF7L65,Fiat/Uno,2025-05-08 08:09:00,2025-05-08 16:51:00,0 days 08:42:00,0,1,8.7,5,8,Thursday,Quinta
08/05/2025,08:39,17:23,JBL7K65,Ford/Fiesta,2025-05-08 08:39:00,2025-05-08 17:23:00,0 days 08:44:00,0,1,8.733333333333333,5,8,Thursday,Quinta
09/05/2025,06:26,15:25,ALC1D23,Toyota/Corolla,2025-05-09 06:26:00,2025-05-09 15:25:00,0 days 08:59:00,0,1,8.983333333333333,5,6,Friday,Sexta
09/05/2025,06:57,17:40,JDL2M45,Chevrolet/Onix,2025-05-09 06:57:00,2025-05-09 17:40:00,0 days 10:43:00,0,1,10.716666666666667,5,6,Friday,Sexta
09/05/2025,06:11,16:53,QWE3R67,Volkswagen/Polo,2025-05-09 06:11:00,2025-05-09 16:53:00,0 days 10:42:00,0,1,10.7,5,6,Friday,Sexta
09/05/2025,06:37,17:03,RTY4U89,Hyundai/HB20,2025-05-09 06:37:00,2025-05-09 17:03:00,0 days 10:26:00,0,1,10.433333333333334,5,6,Friday,Sexta
09/05/2025,06:58,19:17,UIO5P10,Honda/Civic,2025-05-09 06:58:00,2025-05-09 19:17:00,0 days 12:19:00,0,1,12.316666666666666,5,6,Friday,Sexta
09/05/2025,06:38,15:57,ASD6F32,Nissan/Kicks,2025-05-09 06:38:00,2025-05-09 15:57:00,0 days 09:19:00,0,1,9.316666666666666,5,6,Friday,Sexta
09/05/2025,06:13,17:19,ZXC7V54,Fiat/Fastback,2025-05-09 06:13:00,2025-05-09 17:19:00,0 days 11:06:00,0,1,11.1,5,6,Friday,Sexta
09/05/2025,06:43,18:44,VBN8G76,Renault/Kwid,2025-05-09 06:43:00,2025-05-09 18:44:00,0 days 12:01:00,0,1,12.016666666666667,5,6,Friday,Sexta
09/05/2025,06:45,18:20,MNB9H98,Jeep/Compass,2025-05-09 06:45:00,2025-05-09 18:20:00,0 days 11:35:00,0,1,11.583333333333334,5,6,Friday,Sexta
09/05/2025,06:59,15:07,POI0J21,Peugeot/208,2025-05-09 06:59:00,2025-05-09 15:07:00,0 days 08:08:00,0,1,8.133333333333333,5,6,Friday,Sexta
09/05/2025,06:05,15:12,LKM1Z43,Citroen/C3,2025-05-09 06:05:00,2025-05-09 15:12:00,0 days 09:07:00,0,1,9.116666666666667,5,6,Friday,Sexta
09/05/2025,06:04,16:06,HGF2X65,BYD/Dolphin,2025-05-09 06:04:00,2025-05-09 16:06:00,0 days 10:02:00,0,1,10.033333333333333,5,6,Friday,Sexta
09/05/2025,06:27,16:30,QAZ3W87,Toyota/Etios,2025-05-09 06:27:00,2025-05-09 16:30:00,0 days 10:03:00,0,1,10.05,5,6,Friday,Sexta
09/05/2025,09:10,19:27,WSX4E09,Chevrolet/Cruze,2025-05-09 09:10:00,2025-05-09 19:27:00,0 days 10:17:00,0,1,10.283333333333333,5,9,Friday,Sexta
09/05/2025,09:48,19:53,EDC5R21,Volkswagen/Fox,2025-05-09 09:48:00,2025-05-09 19:53:00,0 days 10:05:00,0,1,10.083333333333334,5,9,Friday,Sexta
09/05/2025,09:32,16:49,RFV6T43,Hyundai/Tucson,2025-05-09 09:32:00,2025-05-09 16:49:00,0 days 07:17:00,0,1,7.283333333333333,5,9,Friday,Sexta
09/05/2025,08:38,19:35,TGB7Y65,Honda/Fit,2025-05-09 08:38:00,2025-05-09 19:35:00,0 days 10:57:00,0,1,10.95,5,8,Friday,Sexta
09/05/2025,08:27,19:50,YHN8U87,Nissan/March,2025-05-09 08:27:00,2025-05-09 19:50:00,0 days 11:23:00,0,1,11.383333333333333,5,8,Friday,Sexta
09/05/2025,08:21,18:44,UJM9I09,Fiat/Palio,2025-05-09 08:21:00,2025-05-09 18:44:00,0 days 10:23:00,0,1,10.383333333333333,5,8,Friday,Sexta
09/05/2025,08:14,15:06,IKL0O21,Renault/Sandero,2025-05-09 08:14:00,2025-05-09 15:06:00,0 days 06:52:00,0,1,6.866666666666666,5,8,Friday,Sexta
09/05/2025,09:19,16:42,OLP1P43,Jeep/Renegade,2025-05-09 09:19:00,2025-05-09 16:42:00,0 days 07:23:00,0,1,7.383333333333334,5,9,Friday,Sexta
09/05/2025,09:09,15:20,PAS2D65,Peugeot/308,2025-05-09 09:09:00,2025-05-09 15:20:00,0 days 06:11:00,0,1,6.183333333333334,5,9,Friday,Sexta
09/05/2025,08:09,16:30,DFG3S87,Citroen/C4,2025-05-09 08:09:00,2025-05-09 16:30:00,0 days 08:21:00,0,1,8.35,5,8,Friday,Sexta
09/05/2025,08:35,17:25,SDF4G09,Ford/Focus,2025-05-09 08:35:00,2025-05-09 17:25:00,0 days 08:50:00,0,1,8.833333333333334,5,8,Friday,Sexta
09/05/2025,08:12,18:48,GHG5H21,Kia/Soul,2025-05-09 08:12:00,2025-05-09 18:48:00,0 days 10:36:00,0,1,10.6,5,8,Friday,Sexta
09/05/2025,09:26,17:08,HJK6J43,Mitsubishi/ASX,2025-05-09 09:26:00,2025-05-09 17:08:00,0 days 07:42:00,0,1,7.7,5,9,Friday,Sexta
09/05/2025,09:41,17:51,JKL7K65,Suzuki/Swift,2025-05-09 09:41:00,2025-05-09 17:51:00,0 days 08:10:00,0,1,8.166666666666666,5,9,Friday,Sexta
09/05/2025,09:32,19:09,AJC7M65,Chevrolet/Celta,2025-05-09 09:32:00,2025-05-09 19:09:00,0 days 09:37:00,0,1,9.616666666666667,5,9,Friday,Sexta
09/05/2025,10:30,17:30,DEF7L65,Fiat/Uno,2025-05-09 10:30:00,2025-05-09 17:30:00,0 days 07:00:00,0,1,7.0,5,10,Friday,Sexta
09/05/2025,10:13,17:52,JBL7K65,Ford/Fiesta,2025-05-09 10:13:00,2025-05-09 17:52:00,0 days 07:39:00,0,1,7.65,5,10,Friday,Sexta
10/05/2025,08:19,16:30,WSX4E09,Chevrolet/Cruze,2025-05-10 08:19:00,2025-05-10 16:30:00,0 days 08:11:00,0,1,8.183333333333334,5,8,Saturday,Sábado
10/05/2025,09:42,17:09,EDC5R21,Volkswagen/Fox,2025-05-10 09:42:00,2025-05-10 17:09:00,0 days 07:27:00,0,1,7.45,5,9,Saturday,Sábado
10/05/2025,08:02,17:09,RFV6T43,Hyundai/Tucson,2025-05-10 08:02:00,2025-05-10 17:09:00,0 days 09:07:00,0,1,9.116666666666667,5,8,Saturday,Sábado
10/05/2025,08:33,18:25,TGB7Y65,Honda/Fit,2025-05-10 08:33:00,2025-05-10 18:25:00,0 days 09:52:00,0,1,9.866666666666667,5,8,Saturday,Sábado
10/05/2025,08:02,16:21,IKL0O21,Renault/Sandero,2025-05-10 08:02:00,2025-05-10 16:21:00,0 days 08:19:00,0,1,8.316666666666666,5,8,Saturday,Sábado
10/05/2025,08:00,19:26,OLP1P43,Jeep/Renegade,2025-05-10 08:00:00,2025-05-10 19:26:00,0 days 11:26:00,0,1,11.433333333333334,5,8,Saturday,Sábado
10/05/2025,09:59,18:25,SDF4G09,Ford/Focus,2025-05-10 09:59:00,2025-05-10 18:25:00,0 days 08:26:00,0,1,8.433333333333334,5,9,Saturday,Sábado
10/05/2025,08:38,17:06,GHG5H21,Kia/Soul,2025-05-10 08:38:00,2025-05-10 17:06:00,0 days 08:28:00,0,1,8.466666666666667,5,8,Saturday,Sábado
10/05/2025,09:20,17:42,HJK6J43,Mitsubishi/ASX,2025-05-10 09:20:00,2025-05-10 17:42:00,0 days 08:22:00,0,1,8.366666666666667,5,9,Saturday,Sábado
12/05/2025,06:10,18:01,ALC1D23,Toyota/Corolla,2025-05-12 06:10:00,2025-05-12 18:01:00,0 days 11:51:00,0,1,11.85,5,6,Monday,Segunda
12/05/2025,06:09,18:55,JDL2M45,Chevrolet/Onix,2025-05-12 06:09:00,2025-05-12 18:55:00,0 days 12:46:00,0,1,12.766666666666667,5,6,Monday,Segunda
12/05/2025,06:55,16:47,QWE3R67,Volkswagen/Polo,2025-05-12 06:55:00,2025-05-12 16:47:00,0 days 09:52:00,0,1,9.866666666666667,5,6,Monday,Segunda
12/05/2025,06:35,15:21,RTY4U89,Hyundai/HB20,2025-05-12 06:35:00,2025-05-12 15:21:00,0 days 08:46:00,0,1,8.766666666666667,5,6,Monday,Segunda
12/05/2025,06:02,17:32,UIO5P10,Honda/Civic,2025-05-12 06:02:00,2025-05-12 17:32:00,0 days 11:30:00,0,1,11.5,5,6,Monday,Segunda
12/05/2025,06:39,15:22,ASD6F32,Nissan/Kicks,2025-05-12 06:39:00,2025-05-12 15:22:00,0 days 08:43:00,0,1,8.716666666666667,5,6,Monday,Segunda
12/05/2025,06:12,16:22,ZXC7V54,Fiat/Fastback,2025-05-12 06:12:00,2025-05-12 16:22:00,0 days 10:10:00,0,1,10.166666666666666,5,6,Monday,Segunda
12/05/2025,06:35,18:39,VBN8G76,Renault/Kwid,2025-05-12 06:35:00,2025-05-12 18:39:00,0 days 12:04:00,0,1,12.066666666666666,5,6,Monday,Segunda
12/05/2025,06:09,17:24,MNB9H98,Jeep/Compass,2025-05-12 06:09:00,2025-05-12 17:24:00,0 days 11:15:00,0,1,11.25,5,6,Monday,Segunda
12/05/2025,06:56,17:43,POI0J21,Peugeot/208,2025-05-12 06:56:00,2025-05-12 17:43:00,0 days 10:47:00,0,1,10.783333333333333,5,6,Monday,Segunda
12/05/2025,06:08,17:42,LKM1Z43,Citroen/C3,2025-05-12 06:08:00,2025-05-12 17:42:00,0 days 11:34:00,0,1,11.566666666666666,5,6,Monday,Segunda
12/05/2025,06:45,19:12,HGF2X65,BYD/Dolphin,2025-05-12 06:45:00,2025-05-12 19:12:00,0 days 12:27:00,0,1,12.45,5,6,Monday,Segunda
12/05/2025,06:18,18:14,QAZ3W87,Toyota/Etios,2025-05-12 06:18:00,2025-05-12 18:14:00,0 days 11:56:00,0,1,11.933333333333334,5,6,Monday,Segunda
12/05/2025,08:19,17:46,WSX4E09,Chevrolet/Cruze,2025-05-12 08:19:00,2025-05-12 17:46:00,0 days 09:27:00,0,1,9.45,5,8,Monday,Segunda
12/05/2025,08:48,15:38,EDC5R21,Volkswagen/Fox,2025-05-12 08:48:00,2025-05-12 15:38:00,0 days 06:50:00,0,1,6.833333333333333,5,8,Monday,Segunda
12/05/2025,08:36,19:53,RFV6T43,Hyundai/Tucson,2025-05-12 08:36:00,2025-05-12 19:53:00,0 days 11:17:00,0,1,11.283333333333333,5,8,Monday,Segunda
12/05/2025,08:07,16:24,TGB7Y65,Honda/Fit,2025-05-12 08:07:00,2025-05-12 16:24:00,0 days 08:17:00,0,1,8.283333333333333,5,8,Monday,Segunda
12/05/2025,08:38,16:13,YHN8U87,Nissan/March,2025-05-12 08:38:00,2025-05-12 16:13:00,0 days 07:35:00,0,1,7.583333333333333,5,8,Monday,Segunda
12/05/2025,09:54,16:47,UJM9I09,Fiat/Palio,2025-05-12 09:54:00,2025-05-12 16:47:00,0 days 06:53:00,0,1,6.883333333333334,5,9,Monday,Segunda
12/05/2025,09:50,18:42,IKL0O21,Renault/Sandero,2025-05-12 09:50:00,2025-05-12 18:42:00,0 days 08:52:00,0,1,8.866666666666667,5,9,Monday,Segunda
12/05/2025,09:56,18:23,OLP1P43,Jeep/Renegade,2025-05-12 09:56:00,2025-05-12 18:23:00,0 days 08:27:00,0,1,8.45,5,9,Monday,Segunda
12/05/2025,09:26,15:23,PAS2D65,Peugeot/308,2025-05-12 09:26:00,2025-05-12 15:23:00,0 days 05:57:00,0,1,5.95,5,9,Monday,Segunda
12/05/2025,09:42,15:15,DFG3S87,Citroen/C4,2025-05-12 09:42:00,2025-05-12 15:15:00,0 days 05:33:00,0,1,5.55,5,9,Monday,Segunda
12/05/2025,09:26,18:27,SDF4G09,Ford/Focus,2025-05-12 09:26:00,2025-05-12 18:27:00,0 days 09:01:00,0,1,9.016666666666667,5,9,Monday,Segunda
12/05/2025,09:11,15:02,GHG5H21,Kia/Soul,2025-05-12 09:11:00,2025-05-12 15:02:00,0 days 05:51:00,0,1,5.85,5,9,Monday,Segunda
12/05/2025,08:54,17:33,HJK6J43,Mitsubishi/ASX,2025-05-12 08:54:00,2025-05-12 17:33:00,0 days 08:39:00,0,1,8.65,5,8,Monday,Segunda
12/05/2025,09:42,18:25,JKL7K65,Suzuki/Swift,2025-05-12 09:42:00,2025-05-12 18:25:00,0 days 08:43:00,0,1,8.716666666666667,5,9,Monday,Segunda
12/05/2025,10:58,18:14,AJC7M65,Chevrolet/Celta,2025-05-12 10:58:00,2025-05-12 18:14:00,0 days 07:16:00,0,1,7.266666666666667,5,10,Monday,Segunda
12/05/2025,10:25,16:06,DEF7L65,Fiat/Uno,2025-05-12 10:25:00,2025-05-12 16:06:00,0 days 05:41:00,0,1,5.683333333333334,5,10,Monday,Segunda
12/05/2025,09:09,15:39,JBL7K65,Ford/Fiesta,2025-05-12 09:09:00,2025-05-12 15:39:00,0 days 06:30:00,0,1,6.5,5,9,Monday,Segunda
13/05/2025,06:17,17:29,ALC1D23,Toyota/Corolla,2025-05-13 06:17:00,2025-05-13 17:29:00,0 days 11:12:00,0,1,11.2,5,6,Tuesday,Terça
13/05/2025,06:59,17:29,JDL2M45,Chevrolet/Onix,2025-05-13 06:59:00,2025-05-13 17:29:00,0 days 10:30:00,0,1,10.5,5,6,Tuesday,Terça
13/05/2025,06:01,19:36,QWE3R67,Volkswagen/Polo,2025-05-13 06:01:00,2025-05-13 19:36:00,0 days 13:35:00,0,1,13.583333333333334,5,6,Tuesday,Terça
13/05/2025,06:49,19:36,RTY4U89,Hyundai/HB20,2025-05-13 06:49:00,2025-05-13 19:36:00,0 days 12:47:00,0,1,12.783333333333333,5,6,Tuesday,Terça
13/05/2025,06:07,18:24,UIO5P10,Honda/Civic,2025-05-13 06:07:00,2025-05-13 18:24:00,0 days 12:17:00,0,1,12.283333333333333,5,6,Tuesday,Terça
13/05/2025,06:31,16:17,ASD6F32,Nissan/Kicks,2025-05-13 06:31:00,2025-05-13 16:17:00,0 days 09:46:00,0,1,9.766666666666667,5,6,Tuesday,Terça
13/05/2025,06:27,16:42,ZXC7V54,Fiat/Fastback,2025-05-13 06:27:00,2025-05-13 16:42:00,0 days 10:15:00,0,1,10.25,5,6,Tuesday,Terça
13/05/2025,06:07,18:58,VBN8G76,Renault/Kwid,2025-05-13 06:07:00,2025-05-13 18:58:00,0 days 12:51:00,0,1,12.85,5,6,Tuesday,Terça
13/05/2025,06:50,18:38,MNB9H98,Jeep/Compass,2025-05-13 06:50:00,2025-05-13 18:38:00,0 days 11:48:00,0,1,11.8,5,6,Tuesday,Terça
13/05/2025,06:49,18:53,POI0J21,Peugeot/208,2025-05-13 06:49:00,2025-05-13 18:53:00,0 days 12:04:00,0,1,12.066666666666666,5,6,Tuesday,Terça
13/05/2025,06:11,19:13,LKM1Z43,Citroen/C3,2025-05-13 06:11:00,2025-05-13 19:13:00,0 days 13:02:00,0,1,13.033333333333333,5,6,Tuesday,Terça
13/05/2025,06:13,18:24,HGF2X65,BYD/Dolphin,2025-05-13 06:13:00,2025-05-13 18:24:00,0 days 12:11:00,0,1,12.183333333333334,5,6,Tuesday,Terça
13/05/2025,06:50,15:36,QAZ3W87,Toyota/Etios,2025-05-13 06:50:00,2025-05-13 15:36:00,0 days 08:46:00,0,1,8.766666666666667,5,6,Tuesday,Terça
13/05/2025,08:28,15:54,WSX4E09,Chevrolet/Cruze,2025-05-13 08:28:00,2025-05-13 15:54:00,0 days 07:26:00,0,1,7.433333333333334,5,8,Tuesday,Terça
13/05/2025,08:01,16:02,EDC5R21,Volkswagen/Fox,2025-05-13 08:01:00,2025-05-13 16:02:00,0 days 08:01:00,0,1,8.016666666666667,5,8,Tuesday,Terça
13/05/2025,09:53,18:03,RFV6T43,Hyundai/Tucson,2025-05-13 09:53:00,2025-05-13 18:03:00,0 days 08:10:00,0,1,8.166666666666666,5,9,Tuesday,Terça
13/05/2025,08:43,15:43,TGB7Y65,Honda/Fit,2025-05-13 08:43:00,2025-05-13 15:43:00,0 days 07:00:00,0,1,7.0,5,8,Tuesday,Terça
13/05/2025,09:04,17:39,YHN8U87,Nissan/March,2025-05-13 09:04:00,2025-05-13 17:39:00,0 days 08:35:00,0,1,8.583333333333334,5,9,Tuesday,Terça
13/05/2025,09:44,19:41,UJM9I09,Fiat/Palio,2025-05-13 09:44:00,2025-05-13 19:41:00,0 days 09:57:00,0,1,9.95,5,9,Tuesday,Terça
13/05/2025,08:31,16:29,IKL0O21,Renault/Sandero,2025-05-13 08:31:00,2025-05-13 16:29:00,0 days 07:58:00,0,1,7.966666666666667,5,8,Tuesday,Terça
13/05/2025,09:49,17:49,OLP1P43,Jeep/Renegade,2025-05-13 09:49:00,2025-05-13 17:49:00,0 days 08:00:00,0,1,8.0,5,9,Tuesday,Terça
13/05/2025,08:45,16:24,PAS2D65,Peugeot/308,2025-05-13 08:45:00,2025-05-13 16:24:00,0 days 07:39:00,0,1,7.65,5,8,Tuesday,Terça
13/05/2025,08:03,18:50,DFG3S87,Citroen/C4,2025-05-13 08:03:00,2025-05-13 18:50:00,0 days 10:47:00,0,1,10.783333333333333,5,8,Tuesday,Terça
13/05/2025,08:47,18:10,SDF4G09,Ford/Focus,2025-05-13 08:47:00,2025-05-13 18:10:00,0 days 09:23:00,0,1,9.383333333333333,5,8,Tuesday,Terça
13/05/2025,08:23,19:10,GHG5H21,Kia/Soul,2025-05-13 08:23:00,2025-05-13 19:10:00,0 days 10:47:00,0,1,10.783333333333333,5,8,Tuesday,Terça
13/05/2025,09:51,16:21,HJK6J43,Mitsubishi/ASX,2025-05-13 09:51:00,2025-05-13 16:21:00,0 days 06:30:00,0,1,6.5,5,9,Tuesday,Terça
13/05/2025,08:14,17:24,JKL7K65,Suzuki/Swift,2025-05-13 08:14:00,2025-05-13 17:24:00,0 days 09:10:00,0,1,9.166666666666666,5,8,Tuesday,Terça
13/05/2025,08:31,18:22,AJC7M65,Chevrolet/Celta,2025-05-13 08:31:00,2025-05-13 18:22:00,0 days 09:51:00,0,1,9.85,5,8,Tuesday,Terça
13/05/2025,08:23,17:06,DEF7L65,Fiat/Uno,2025-05-13 08:23:00,2025-05-13 17:06:00,0 days 08:43:00,0,1,8.716666666666667,5,8,Tuesday,Terça
13/05/2025,08:30,18:52,JBL7K65,Ford/Fiesta,2025-05-13 08:30:00,2025-05-13 18:52:00,0 days 10:22:00,0,1,10.366666666666667,5,8,Tuesday,Terça
14/05/2025,06:10,16:13,ALC1D23,Toyota/Corolla,2025-05-14 06:10:00,2025-05-14 16:13:00,0 days 10:03:00,0,1,10.05,5,6,Wednesday,Quarta
14/05/2025,06:49,17:11,JDL2M45,Chevrolet/Onix,2025-05-14 06:49:00,2025-05-14 17:11:00,0 days 10:22:00,0,1,10.366666666666667,5,6,Wednesday,Quarta
14/05/2025,06:57,19:09,QWE3R67,Volkswagen/Polo,2025-05-14 06:57:00,2025-05-14 19:09:00,0 days 12:12:00,0,1,12.2,5,6,Wednesday,Quarta
14/05/2025,06:58,16:21,RTY4U89,Hyundai/HB20,2025-05-14 06:58:00,2025-05-14 16:21:00,0 days 09:23:00,0,1,9.383333333333333,5,6,Wednesday,Quarta
14/05/2025,06:27,15:11,UIO5P10,Honda/Civic,2025-05-14 06:27:00,2025-05-14 15:11:00,0 days 08:44:00,0,1,8.733333333333333,5,6,Wednesday,Quarta
14/05/2025,06:00,15:27,ASD6F32,Nissan/Kicks,2025-05-14 06:00:00,2025-05-14 15:27:00,0 days 09:27:00,0,1,9.45,5,6,Wednesday,Quarta
14/05/2025,06:04,18:11,ZXC7V54,Fiat/Fastback,2025-05-14 06:04:00,2025-05-14 18:11:00,0 days 12:07:00,0,1,12.116666666666667,5,6,Wednesday,Quarta
14/05/2025,06:35,15:07,VBN8G76,Renault/Kwid,2025-05-14 06:35:00,2025-05-14 15:07:00,0 days 08:32:00,0,1,8.533333333333333,5,6,Wednesday,Quarta
14/05/2025,06:00,17:38,MNB9H98,Jeep/Compass,2025-05-14 06:00:00,2025-05-14 17:38:00,0 days 11:38:00,0,1,11.633333333333333,5,6,Wednesday,Quarta
14/05/2025,06:01,17:39,POI0J21,Peugeot/208,2025-05-14 06:01:00,2025-05-14 17:39:00,0 days 11:38:00,0,1,11.633333333333333,5,6,Wednesday,Quarta
14/05/2025,06:46,18:04,LKM1Z43,Citroen/C3,2025-05-14 06:46:00,2025-05-14 18:04:00,0 days 11:18:00,0,1,11.3,5,6,Wednesday,Quarta
14/05/2025,06:33,17:47,HGF2X65,BYD/Dolphin,2025-05-14 06:33:00,2025-05-14 17:47:00,0 days 11:14:00,0,1,11.233333333333333,5,6,Wednesday,Quarta
14/05/2025,06:07,16:35,QAZ3W87,Toyota/Etios,2025-05-14 06:07:00,2025-05-14 16:35:00,0 days 10:28:00,0,1,10.466666666666667,5,6,Wednesday,Quarta
14/05/2025,08:40,17:32,WSX4E09,Chevrolet/Cruze,2025-05-14 08:40:00,2025-05-14 17:32:00,0 days 08:52:00,0,1,8.866666666666667,5,8,Wednesday,Quarta
14/05/2025,08:48,19:35,EDC5R21,Volkswagen/Fox,2025-05-14 08:48:00,2025-05-14 19:35:00,0 days 10:47:00,0,1,10.783333333333333,5,8,Wednesday,Quarta
14/05/2025,08:33,17:56,RFV6T43,Hyundai/Tucson,2025-05-14 08:33:00,2025-05-14 17:56:00,0 days 09:23:00,0,1,9.383333333333333,5,8,Wednesday,Quarta
14/05/2025,08:29,18:56,TGB7Y65,Honda/Fit,2025-05-14 08:29:00,2025-05-14 18:56:00,0 days 10:27:00,0,1,10.45,5,8,Wednesday,Quarta
14/05/2025,08:39,15:49,YHN8U87,Nissan/March,2025-05-14 08:39:00,2025-05-14 15:49:00,0 days 07:10:00,0,1,7.166666666666667,5,8,Wednesday,Quarta
14/05/2025,09:37,19:58,UJM9I09,Fiat/Palio,2025-05-14 09:37:00,2025-05-14 19:58:00,0 days 10:21:00,0,1,10.35,5,9,Wednesday,Quarta
14/05/2025,08:30,19:28,IKL0O21,Renault/Sandero,2025-05-14 08:30:00,2025-05-14 19:28:00,0 days 10:58:00,0,1,10.966666666666667,5,8,Wednesday,Quarta
14/05/2025,08:28,19:11,OLP1P43,Jeep/Renegade,2025-05-14 08:28:00,2025-05-14 19:11:00,0 days 10:43:00,0,1,10.716666666666667,5,8,Wednesday,Quarta
14/05/2025,09:13,16:46,PAS2D65,Peugeot/308,2025-05-14 09:13:00,2025-05-14 16:46:00,0 days 07:33:00,0,1,7.55,5,9,Wednesday,Quarta
14/05/2025,09:37,18:59,DFG3S87,Citroen/C4,2025-05-14 09:37:00,2025-05-14 18:59:00,0 days 09:22:00,0,1,9.366666666666667,5,9,Wednesday,Quarta
14/05/2025,08:05,16:02,SDF4G09,Ford/Focus,2025-05-14 08:05:00,2025-05-14 16:02:00,0 days 07:57:00,0,1,7.95,5,8,Wednesday,Quarta
14/05/2025,09:26,15:46,GHG5H21,Kia/Soul,2025-05-14 09:26:00,2025-05-14 15:46:00,0 days 06:20:00,0,1,6.333333333333333,5,9,Wednesday,Quarta
14/05/2025,08:28,17:58,HJK6J43,Mitsubishi/ASX,2025-05-14 08:28:00,2025-05-14 17:58:00,0 days 09:30:00,0,1,9.5,5,8,Wednesday,Quarta
14/05/2025,08:40,17:10,JKL7K65,Suzuki/Swift,2025-05-14 08:40:00,2025-05-14 17:10:00,0 days 08:30:00,0,1,8.5,5,8,Wednesday,Quarta
14/05/2025,09:58,19:27,AJC7M65,Chevrolet/Celta,2025-05-14 09:58:00,2025-05-14 19:27:00,0 days 09:29:00,0,1,9.483333333333333,5,9,Wednesday,Quarta
14/05/2025,10:41,17:23,DEF7L65,Fiat/Uno,2025-05-14 10:41:00,2025-05-14 17:23:00,0 days 06:42:00,0,1,6.7,5,10,Wednesday,Quarta
14/05/2025,09:03,19:58,JBL7K65,Ford/Fiesta,2025-05-14 09:03:00,2025-05-14 19:58:00,0 days 10:55:00,0,1,10.916666666666666,5,9,Wednesday,Quarta
15/05/2025,06:49,19:08,ALC1D23,Toyota/Corolla,2025-05-15 06:49:00,2025-05-15 19:08:00,0 days 12:19:00,0,1,12.316666666666666,5,6,Thursday,Quinta
15/05/2025,06:42,19:52,JDL2M45,Chevrolet/Onix,2025-05-15 06:42:00,2025-05-15 19:52:00,0 days 13:10:00,0,1,13.166666666666666,5,6,Thursday,Quinta
15/05/2025,06:37,19:03,QWE3R67,Volkswagen/Polo,2025-05-15 06:37:00,2025-05-15 19:03:00,0 days 12:26:00,0,1,12.433333333333334,5,6,Thursday,Quinta
15/05/2025,06:34,18:17,RTY4U89,Hyundai/HB20,2025-05-15 06:34:00,2025-05-15 18:17:00,0 days 11:43:00,0,1,11.716666666666667,5,6,Thursday,Quinta
15/05/2025,06:15,16:27,UIO5P10,Honda/Civic,2025-05-15 06:15:00,2025-05-15 16:27:00,0 days 10:12:00,0,1,10.2,5,6,Thursday,Quinta
15/05/2025,06:43,18:19,ASD6F32,Nissan/Kicks,2025-05-15 06:43:00,2025-05-15 18:19:00,0 days 11:36:00,0,1,11.6,5,6,Thursday,Quinta
15/05/2025,06:10,15:30,ZXC7V54,Fiat/Fastback,2025-05-15 06:10:00,2025-05-15 15:30:00,0 days 09:20:00,0,1,9.333333333333334,5,6,Thursday,Quinta
15/05/2025,06:20,17:07,VBN8G76,Renault/Kwid,2025-05-15 06:20:00,2025-05-15 17:07:00,0 days 10:47:00,0,1,10.783333333333333,5,6,Thursday,Quinta
15/05/2025,06:33,19:32,MNB9H98,Jeep/Compass,2025-05-15 06:33:00,2025-05-15 19:32:00,0 days 12:59:00,0,1,12.983333333333333,5,6,Thursday,Quinta
15/05/2025,06:07,18:35,POI0J21,Peugeot/208,2025-05-15 06:07:00,2025-05-15 18:35:00,0 days 12:28:00,0,1,12.466666666666667,5,6,Thursday,Quinta
15/05/2025,06:23,19:34,LKM1Z43,Citroen/C3,2025-05-15 06:23:00,2025-05-15 19:34:00,0 days 13:11:00,0,1,13.183333333333334,5,6,Thursday,Quinta
15/05/2025,06:12,18:14,HGF2X65,BYD/Dolphin,2025-05-15 06:12:00,2025-05-15 18:14:00,0 days 12:02:00,0,1,12.033333333333333,5,6,Thursday,Quinta
15/05/2025,06:04,19:43,QAZ3W87,Toyota/Etios,2025-05-15 06:04:00,2025-05-15 19:43:00,0 days 13:39:00,0,1,13.65,5,6,Thursday,Quinta
15/05/2025,09:04,18:05,WSX4E09,Chevrolet/Cruze,2025-05-15 09:04:00,2025-05-15 18:05:00,0 days 09:01:00,0,1,9.016666666666667,5,9,Thursday,Quinta
15/05/2025,08:36,15:15,EDC5R21,Volkswagen/Fox,2025-05-15 08:36:00,2025-05-15 15:15:00,0 days 06:39:00,0,1,6.65,5,8,Thursday,Quinta
15/05/2025,08:50,18:47,RFV6T43,Hyundai/Tucson,2025-05-15 08:50:00,2025-05-15 18:47:00,0 days 09:57:00,0,1,9.95,5,8,Thursday,Quinta
15/05/2025,08:12,17:05,TGB7Y65,Honda/Fit,2025-05-15 08:12:00,2025-05-15 17:05:00,0 days 08:53:00,0,1,8.883333333333333,5,8,Thursday,Quinta
15/05/2025,08:24,17:37,YHN8U87,Nissan/March,2025-05-15 08:24:00,2025-05-15 17:37:00,0 days 09:13:00,0,1,9.216666666666667,5,8,Thursday,Quinta
15/05/2025,09:43,19:40,UJM9I09,Fiat/Palio,2025-05-15 09:43:00,2025-05-15 19:40:00,0 days 09:57:00,0,1,9.95,5,9,Thursday,Quinta
15/05/2025,09:09,17:24,IKL0O21,Renault/Sandero,2025-05-15 09:09:00,2025-05-15 17:24:00,0 days 08:15:00,0,1,8.25,5,9,Thursday,Quinta
15/05/2025,08:33,17:03,OLP1P43,Jeep/Renegade,2025-05-15 08:33:00,2025-05-15 17:03:00,0 days 08:30:00,0,1,8.5,5,8,Thursday,Quinta
15/05/2025,08:20,19:06,PAS2D65,Peugeot/308,2025-05-15 08:20:00,2025-05-15 19:06:00,0 days 10:46:00,0,1,10.766666666666667,5,8,Thursday,Quinta
15/05/2025,08:22,17:00,DFG3S87,Citroen/C4,2025-05-15 08:22:00,2025-05-15 17:00:00,0 days 08:38:00,0,1,8.633333333333333,5,8,Thursday,Quinta
15/05/2025,08:52,18:50,SDF4G09,Ford/Focus,2025-05-15 08:52:00,2025-05-15 18:50:00,0 days 09:58:00,0,1,9.966666666666667,5,8,Thursday,Quinta
15/05/2025,08:19,19:57,GHG5H21,Kia/Soul,2025-05-15 08:19:00,2025-05-15 19:57:00,0 days 11:38:00,0,1,11.633333333333333,5,8,Thursday,Quinta
15/05/2025,08:37,18:52,HJK6J43,Mitsubishi/ASX,2025-05-15 08:37:00,2025-05-15 18:52:00,0 days 10:15:00,0,1,10.25,5,8,Thursday,Quinta
15/05/2025,09:46,17:21,JKL7K65,Suzuki/Swift,2025-05-15 09:46:00,2025-05-15 17:21:00,0 days 07:35:00,0,1,7.583333333333333,5,9,Thursday,Quinta
15/05/2025,10:56,15:24,AJC7M65,Chevrolet/Celta,2025-05-15 10:56:00,2025-05-15 15:24:00,0 days 04:28:00,0,1,4.466666666666667,5,10,Thursday,Quinta
15/05/2025,09:25,17:32,DEF7L65,Fiat/Uno,2025-05-15 09:25:00,2025-05-15 17:32:00,0 days 08:07:00,0,1,8.116666666666667,5,9,Thursday,Quinta
15/05/2025,09:50,16:35,JBL7K65,Ford/Fiesta,2025-05-15 09:50:00,2025-05-15 16:35:00,0 days 06:45:00,0,1,6.75,5,9,Thursday,Quinta
16/05/2025,06:13,17:55,ALC1D23,Toyota/Corolla,2025-05-16 06:13:00,2025-05-16 17:55:00,0 days 11:42:00,0,1,11.7,5,6,Friday,Sexta
16/05/2025,06:46,19:55,JDL2M45,Chevrolet/Onix,2025-05-16 06:46:00,2025-05-16 19:55:00,0 days 13:09:00,0,1,13.15,5,6,Friday,Sexta
16/05/2025,06:32,18:24,QWE3R67,Volkswagen/Polo,2025-05-16 06:32:00,2025-05-16 18:24:00,0 days 11:52:00,0,1,11.866666666666667,5,6,Friday,Sexta
16/05/2025,06:02,19:16,RTY4U89,Hyundai/HB20,2025-05-16 06:02:00,2025-05-16 19:16:00,0 days 13:14:00,0,1,13.233333333333333,5,6,Friday,Sexta
16/05/2025,06:25,16:17,UIO5P10,Honda/Civic,2025-05-16 06:25:00,2025-05-16 16:17:00,0 days 09:52:00,0,1,9.866666666666667,5,6,Friday,Sexta
16/05/2025,06:57,16:26,ASD6F32,Nissan/Kicks,2025-05-16 06:57:00,2025-05-16 16:26:00,0 days 09:29:00,0,1,9.483333333333333,5,6,Friday,Sexta
16/05/2025,06:16,16:40,ZXC7V54,Fiat/Fastback,2025-05-16 06:16:00,2025-05-16 16:40:00,0 days 10:24:00,0,1,10.4,5,6,Friday,Sexta
16/05/2025,06:35,15:32,VBN8G76,Renault/Kwid,2025-05-16 06:35:00,2025-05-16 15:32:00,0 days 08:57:00,0,1,8.95,5,6,Friday,Sexta
16/05/2025,06:56,17:55,MNB9H98,Jeep/Compass,2025-05-16 06:56:00,2025-05-16 17:55:00,0 days 10:59:00,0,1,10.983333333333333,5,6,Friday,Sexta
16/05/2025,06:41,19:29,POI0J21,Peugeot/208,2025-05-16 06:41:00,2025-05-16 19:29:00,0 days 12:48:00,0,1,12.8,5,6,Friday,Sexta
16/05/2025,06:57,16:55,LKM1Z43,Citroen/C3,2025-05-16 06:57:00,2025-05-16 16:55:00,0 days 09:58:00,0,1,9.966666666666667,5,6,Friday,Sexta
16/05/2025,06:08,18:13,HGF2X65,BYD/Dolphin,2025-05-16 06:08:00,2025-05-16 18:13:00,0 days 12:05:00,0,1,12.083333333333334,5,6,Friday,Sexta
16/05/2025,06:23,16:34,QAZ3W87,Toyota/Etios,2025-05-16 06:23:00,2025-05-16 16:34:00,0 days 10:11:00,0,1,10.183333333333334,5,6,Friday,Sexta
16/05/2025,08:46,15:04,WSX4E09,Chevrolet/Cruze,2025-05-16 08:46:00,2025-05-16 15:04:00,0 days 06:18:00,0,1,6.3,5,8,Friday,Sexta
16/05/2025,08:59,15:22,EDC5R21,Volkswagen/Fox,2025-05-16 08:59:00,2025-05-16 15:22:00,0 days 06:23:00,0,1,6.383333333333334,5,8,Friday,Sexta
16/05/2025,08:47,16:52,RFV6T43,Hyundai/Tucson,2025-05-16 08:47:00,2025-05-16 16:52:00,0 days 08:05:00,0,1,8.083333333333334,5,8,Friday,Sexta
16/05/2025,08:22,16:47,TGB7Y65,Honda/Fit,2025-05-16 08:22:00,2025-05-16 16:47:00,0 days 08:25:00,0,1,8.416666666666666,5,8,Friday,Sexta
16/05/2025,08:32,19:13,YHN8U87,Nissan/March,2025-05-16 08:32:00,2025-05-16 19:13:00,0 days 10:41:00,0,1,10.683333333333334,5,8,Friday,Sexta
16/05/2025,08:48,16:41,UJM9I09,Fiat/Palio,2025-05-16 08:48:00,2025-05-16 16:41:00,0 days 07:53:00,0,1,7.883333333333334,5,8,Friday,Sexta
16/05/2025,08:59,17:24,IKL0O21,Renault/Sandero,2025-05-16 08:59:00,2025-05-16 17:24:00,0 days 08:25:00,0,1,8.416666666666666,5,8,Friday,Sexta
16/05/2025,08:49,16:05,OLP1P43,Jeep/Renegade,2025-05-16 08:49:00,2025-05-16 16:05:00,0 days 07:16:00,0,1,7.266666666666667,5,8,Friday,Sexta
16/05/2025,08:13,16:06,PAS2D65,Peugeot/308,2025-05-16 08:13:00,2025-05-16 16:06:00,0 days 07:53:00,0,1,7.883333333333334,5,8,Friday,Sexta
16/05/2025,09:50,15:53,DFG3S87,Citroen/C4,2025-05-16 09:50:00,2025-05-16 15:53:00,0 days 06:03:00,0,1,6.05,5,9,Friday,Sexta
16/05/2025,09:15,19:29,SDF4G09,Ford/Focus,2025-05-16 09:15:00,2025-05-16 19:29:00,0 days 10:14:00,0,1,10.233333333333333,5,9,Friday,Sexta
16/05/2025,08:55,16:19,GHG5H21,Kia/Soul,2025-05-16 08:55:00,2025-05-16 16:19:00,0 days 07:24:00,0,1,7.4,5,8,Friday,Sexta
16/05/2025,08:24,18:51,HJK6J43,Mitsubishi/ASX,2025-05-16 08:24:00,2025-05-16 18:51:00,0 days 10:27:00,0,1,10.45,5,8,Friday,Sexta
16/05/2025,09:52,19:35,JKL7K65,Suzuki/Swift,2025-05-16 09:52:00,2025-05-16 19:35:00,0 days 09:43:00,0,1,9.716666666666667,5,9,Friday,Sexta
16/05/2025,10:07,16:59,AJC7M65,Chevrolet/Celta,2025-05-16 10:07:00,2025-05-16 16:59:00,0 days 06:52:00,0,1,6.866666666666666,5,10,Friday,Sexta
16/05/2025,09:51,15:19,DEF7L65,Fiat/Uno,2025-05-16 09:51:00,2025-05-16 15:19:00,0 days 05:28:00,0,1,5.466666666666667,5,9,Friday,Sexta
16/05/2025,09:13,17:58,JBL7K65,Ford/Fiesta,2025-05-16 09:13:00,2025-05-16 17:58:00,0 days 08:45:00,0,1,8.75,5,9,Friday,Sexta
17/05/2025,08:59,19:29,RFV6T43,Hyundai/Tucson,2025-05-17 08:59:00,2025-05-17 19:29:00,0 days 10:30:00,0,1,10.5,5,8,Saturday,Sábado
17/05/2025,09:32,15:59,TGB7Y65,Honda/Fit,2025-05-17 09:32:00,2025-05-17 15:59:00,0 days 06:27:00,0,1,6.45,5,9,Saturday,Sábado
17/05/2025,08:52,18:41,YHN8U87,Nissan/March,2025-05-17 08:52:00,2025-05-17 18:41:00,0 days 09:49:00,0,1,9.816666666666666,5,8,Saturday,Sábado
17/05/2025,08:09,15:33,IKL0O21,Renault/Sandero,2025-05-17 08:09:00,2025-05-17 15:33:00,0 days 07:24:00,0,1,7.4,5,8,Saturday,Sábado
17/05/2025,08:53,19:29,OLP1P43,Jeep/Renegade,2025-05-17 08:53:00,2025-05-17 19:29:00,0 days 10:36:00,0,1,10.6,5,8,Saturday,Sábado
17/05/2025,09:40,15:23,PAS2D65,Peugeot/308,2025-05-17 09:40:00,2025-05-17 15:23:00,0 days 05:43:00,0,1,5.716666666666667,5,9,Saturday,Sábado
17/05/2025,09:28,19:54,SDF4G09,Ford/Focus,2025-05-17 09:28:00,2025-05-17 19:54:00,0 days 10:26:00,0,1,10.433333333333334,5,9,Saturday,Sábado
17/05/2025,09:33,19:56,GHG5H21,Kia/Soul,2025-05-17 09:33:00,2025-05-17 19:56:00,0 days 10:23:00,0,1,10.383333333333333,5,9,Saturday,Sábado
19/05/2025,06:06,16:05,ALC1D23,Toyota/Corolla,2025-05-19 06:06:00,2025-05-19 16:05:00,0 days 09:59:00,0,1,9.983333333333333,5,6,Monday,Segunda
19/05/2025,06:10,18:48,JDL2M45,Chevrolet/Onix,2025-05-19 06:10:00,2025-05-19 18:48:00,0 days 12:38:00,0,1,12.633333333333333,5,6,Monday,Segunda
19/05/2025,06:06,15:36,QWE3R67,Volkswagen/Polo,2025-05-19 06:06:00,2025-05-19 15:36:00,0 days 09:30:00,0,1,9.5,5,6,Monday,Segunda
19/05/2025,06:55,17:04,RTY4U89,Hyundai/HB20,2025-05-19 06:55:00,2025-05-19 17:04:00,0 days 10:09:00,0,1,10.15,5,6,Monday,Segunda
19/05/2025,06:15,18:28,UIO5P10,Honda/Civic,2025-05-19 06:15:00,2025-05-19 18:28:00,0 days 12:13:00,0,1,12.216666666666667,5,6,Monday,Segunda
19/05/2025,06:38,19:12,ASD6F32,Nissan/Kicks,2025-05-19 06:38:00,2025-05-19 19:12:00,0 days 12:34:00,0,1,12.566666666666666,5,6,Monday,Segunda
19/05/2025,06:17,17:05,ZXC7V54,Fiat/Fastback,2025-05-19 06:17:00,2025-05-19 17:05:00,0 days 10:48:00,0,1,10.8,5,6,Monday,Segunda
19/05/2025,06:13,16:44,VBN8G76,Renault/Kwid,2025-05-19 06:13:00,2025-05-19 16:44:00,0 days 10:31:00,0,1,10.516666666666667,5,6,Monday,Segunda
19/05/2025,06:09,15:37,MNB9H98,Jeep/Compass,2025-05-19 06:09:00,2025-05-19 15:37:00,0 days 09:28:00,0,1,9.466666666666667,5,6,Monday,Segunda
19/05/2025,06:42,18:28,POI0J21,Peugeot/208,2025-05-19 06:42:00,2025-05-19 18:28:00,0 days 11:46:00,0,1,11.766666666666667,5,6,Monday,Segunda
19/05/2025,06:03,16:52,LKM1Z43,Citroen/C3,2025-05-19 06:03:00,2025-05-19 16:52:00,0 days 10:49:00,0,1,10.816666666666666,5,6,Monday,Segunda
19/05/2025,06:29,19:57,HGF2X65,BYD/Dolphin,2025-05-19 06:29:00,2025-05-19 19:57:00,0 days 13:28:00,0,1,13.466666666666667,5,6,Monday,Segunda
19/05/2025,06:01,16:02,QAZ3W87,Toyota/Etios,2025-05-19 06:01:00,2025-05-19 16:02:00,0 days 10:01:00,0,1,10.016666666666667,5,6,Monday,Segunda
19/05/2025,08:53,17:40,WSX4E09,Chevrolet/Cruze,2025-05-19 08:53:00,2025-05-19 17:40:00,0 days 08:47:00,0,1,8.783333333333333,5,8,Monday,Segunda
19/05/2025,08:06,19:16,EDC5R21,Volkswagen/Fox,2025-05-19 08:06:00,2025-05-19 19:16:00,0 days 11:10:00,0,1,11.166666666666666,5,8,Monday,Segunda
19/05/2025,09:37,17:15,RFV6T43,Hyundai/Tucson,2025-05-19 09:37:00,2025-05-19 17:15:00,0 days 07:38:00,0,1,7.633333333333334,5,9,Monday,Segunda
19/05/2025,09:59,18:26,TGB7Y65,Honda/Fit,2025-05-19 09:59:00,2025-05-19 18:26:00,0 days 08:27:00,0,1,8.45,5,9,Monday,Segunda
19/05/2025,09:41,16:48,YHN8U87,Nissan/March,2025-05-19 09:41:00,2025-05-19 16:48:00,0 days 07:07:00,0,1,7.116666666666666,5,9,Monday,Segunda
19/05/2025,09:44,17:17,UJM9I09,Fiat/Palio,2025-05-19 09:44:00,2025-05-19 17:17:00,0 days 07:33:00,0,1,7.55,5,9,Monday,Segunda
19/05/2025,08:14,15:25,IKL0O21,Renault/Sandero,2025-05-19 08:14:00,2025-05-19 15:25:00,0 days 07:11:00,0,1,7.183333333333334,5,8,Monday,Segunda
19/05/2025,08:28,15:47,OLP1P43,Jeep/Renegade,2025-05-19 08:28:00,2025-05-19 15:47:00,0 days 07:19:00,0,1,7.316666666666666,5,8,Monday,Segunda
19/05/2025,08:20,15:26,PAS2D65,Peugeot/308,2025-05-19 08:20:00,2025-05-19 15:26:00,0 days 07:06:00,0,1,7.1,5,8,Monday,Segunda
19/05/2025,08:33,19:37,DFG3S87,Citroen/C4,2025-05-19 08:33:00,2025-05-19 19:37:00,0 days 11:04:00,0,1,11.066666666666666,5,8,Monday,Segunda
19/05/2025,09:21,16:33,SDF4G09,Ford/Focus,2025-05-19 09:21:00,2025-05-19 16:33:00,0 days 07:12:00,0,1,7.2,5,9,Monday,Segunda
19/05/2025,09:47,19:31,GHG5H21,Kia/Soul,2025-05-19 09:47:00,2025-05-19 19:31:00,0 days 09:44:00,0,1,9.733333333333333,5,9,Monday,Segunda
19/05/2025,08:07,17:03,HJK6J43,Mitsubishi/ASX,2025-05-19 08:07:00,2025-05-19 17:03:00,0 days 08:56:00,0,1,8.933333333333334,5,8,Monday,Segunda
19/05/2025,08:09,19:28,JKL7K65,Suzuki/Swift,2025-05-19 08:09:00,2025-05-19 19:28:00,0 days 11:19:00,0,1,11.316666666666666,5,8,Monday,Segunda
19/05/2025,09:41,16:59,AJC7M65,Chevrolet/Celta,2025-05-19 09:41:00,2025-05-19 16:59:00,0 days 07:18:00,0,1,7.3,5,9,Monday,Segunda
19/05/2025,09:46,16:15,DEF7L65,Fiat/Uno,2025-05-19 09:46:00,2025-05-19 16:15:00,0 days 06:29:00,0,1,6.483333333333333,5,9,Monday,Segunda
19/05/2025,08:24,16:54,JBL7K65,Ford/Fiesta,2025-05-19 08:24:00,2025-05-19 16:54:00,0 days 08:30:00,0,1,8.5,5,8,Monday,Segunda
20/05/2025,06:25,15:34,ALC1D23,Toyota/Corolla,2025-05-20 06:25:00,2025-05-20 15:34:00,0 days 09:09:00,0,1,9.15,5,6,Tuesday,Terça
20/05/2025,06:22,17:30,JDL2M45,Chevrolet/Onix,2025-05-20 06:22:00,2025-05-20 17:30:00,0 days 11:08:00,0,1,11.133333333333333,5,6,Tuesday,Terça
20/05/2025,06:16,15:49,QWE3R67,Volkswagen/Polo,2025-05-20 06:16:00,2025-05-20 15:49:00,0 days 09:33:00,0,1,9.55,5,6,Tuesday,Terça
20/05/2025,06:03,19:11,RTY4U89,Hyundai/HB20,2025-05-20 06:03:00,2025-05-20 19:11:00,0 days 13:08:00,0,1,13.133333333333333,5,6,Tuesday,Terça
20/05/2025,06:31,16:11,UIO5P10,Honda/Civic,2025-05-20 06:31:00,2025-05-20 16:11:00,0 days 09:40:00,0,1,9.666666666666666,5,6,Tuesday,Terça
20/05/2025,06:44,15:10,ASD6F32,Nissan/Kicks,2025-05-20 06:44:00,2025-05-20 15:10:00,0 days 08:26:00,0,1,8.433333333333334,5,6,Tuesday,Terça
20/05/2025,06:55,15:47,ZXC7V54,Fiat/Fastback,2025-05-20 06:55:00,2025-05-20 15:47:00,0 days 08:52:00,0,1,8.866666666666667,5,6,Tuesday,Terça
20/05/2025,06:03,18:49,VBN8G76,Renault/Kwid,2025-05-20 06:03:00,2025-05-20 18:49:00,0 days 12:46:00,0,1,12.766666666666667,5,6,Tuesday,Terça
20/05/2025,06:50,19:52,MNB9H98,Jeep/Compass,2025-05-20 06:50:00,2025-05-20 19:52:00,0 days 13:02:00,0,1,13.033333333333333,5,6,Tuesday,Terça
20/05/2025,06:36,17:07,POI0J21,Peugeot/208,2025-05-20 06:36:00,2025-05-20 17:07:00,0 days 10:31:00,0,1,10.516666666666667,5,6,Tuesday,Terça
20/05/2025,06:57,18:57,LKM1Z43,Citroen/C3,2025-05-20 06:57:00,2025-05-20 18:57:00,0 days 12:00:00,0,1,12.0,5,6,Tuesday,Terça
20/05/2025,06:14,18:30,HGF2X65,BYD/Dolphin,2025-05-20 06:14:00,2025-05-20 18:30:00,0 days 12:16:00,0,1,12.266666666666667,5,6,Tuesday,Terça
20/05/2025,06:19,17:46,QAZ3W87,Toyota/Etios,2025-05-20 06:19:00,2025-05-20 17:46:00,0 days 11:27:00,0,1,11.45,5,6,Tuesday,Terça
20/05/2025,09:34,16:41,WSX4E09,Chevrolet/Cruze,2025-05-20 09:34:00,2025-05-20 16:41:00,0 days 07:07:00,0,1,7.116666666666666,5,9,Tuesday,Terça
20/05/2025,08:28,15:21,EDC5R21,Volkswagen/Fox,2025-05-20 08:28:00,2025-05-20 15:21:00,0 days 06:53:00,0,1,6.883333333333334,5,8,Tuesday,Terça
20/05/2025,09:37,16:47,RFV6T43,Hyundai/Tucson,2025-05-20 09:37:00,2025-05-20 16:47:00,0 days 07:10:00,0,1,7.166666666666667,5,9,Tuesday,Terça
20/05/2025,09:28,18:32,TGB7Y65,Honda/Fit,2025-05-20 09:28:00,2025-05-20 18:32:00,0 days 09:04:00,0,1,9.066666666666666,5,9,Tuesday,Terça
20/05/2025,08:17,16:24,YHN8U87,Nissan/March,2025-05-20 08:17:00,2025-05-20 16:24:00,0 days 08:07:00,0,1,8.116666666666667,5,8,Tuesday,Terça
20/05/2025,09:03,15:11,UJM9I09,Fiat/Palio,2025-05-20 09:03:00,2025-05-20 15:11:00,0 days 06:08:00,0,1,6.133333333333334,5,9,Tuesday,Terça
20/05/2025,08:37,15:10,IKL0O21,Renault/Sandero,2025-05-20 08:37:00,2025-05-20 15:10:00,0 days 06:33:00,0,1,6.55,5,8,Tuesday,Terça
20/05/2025,08:30,15:32,OLP1P43,Jeep/Renegade,2025-05-20 08:30:00,2025-05-20 15:32:00,0 days 07:02:00,0,1,7.033333333333333,5,8,Tuesday,Terça
20/05/2025,08:44,19:21,PAS2D65,Peugeot/308,2025-05-20 08:44:00,2025-05-20 19:21:00,0 days 10:37:00,0,1,10.616666666666667,5,8,Tuesday,Terça
20/05/2025,09:16,17:24,DFG3S87,Citroen/C4,2025-05-20 09:16:00,2025-05-20 17:24:00,0 days 08:08:00,0,1,8.133333333333333,5,9,Tuesday,Terça
20/05/2025,08:16,18:26,SDF4G09,Ford/Focus,2025-05-20 08:16:00,2025-05-20 18:26:00,0 days 10:10:00,0,1,10.166666666666666,5,8,Tuesday,Terça
20/05/2025,09:46,17:23,GHG5H21,Kia/Soul,2025-05-20 09:46:00,2025-05-20 17:23:00,0 days 07:37:00,0,1,7.616666666666666,5,9,Tuesday,Terça
20/05/2025,09:22,19:04,HJK6J43,Mitsubishi/ASX,2025-05-20 09:22:00,2025-05-20 19:04:00,0 days 09:42:00,0,1,9.7,5,9,Tuesday,Terça
20/05/2025,09:04,15:15,JKL7K65,Suzuki/Swift,2025-05-20 09:04:00,2025-05-20 15:15:00,0 days 06:11:00,0,1,6.183333333333334,5,9,Tuesday,Terça
20/05/2025,09:27,16:32,AJC7M65,Chevrolet/Celta,2025-05-20 09:27:00,2025-05-20 16:32:00,0 days 07:05:00,0,1,7.083333333333333,5,9,Tuesday,Terça
20/05/2025,10:24,15:50,DEF7L65,Fiat/Uno,2025-05-20 10:24:00,2025-05-20 15:50:00,0 days 05:26:00,0,1,5.433333333333334,5,10,Tuesday,Terça
20/05/2025,08:32,18:36,JBL7K65,Ford/Fiesta,2025-05-20 08:32:00,2025-05-20 18:36:00,0 days 10:04:00,0,1,10.066666666666666,5,8,Tuesday,Terça
21/05/2025,06:43,16:32,ALC1D23,Toyota/Corolla,2025-05-21 06:43:00,2025-05-21 16:32:00,0 days 09:49:00,0,1,9.816666666666666,5,6,Wednesday,Quarta
21/05/2025,06:53,16:33,JDL2M45,Chevrolet/Onix,2025-05-21 06:53:00,2025-05-21 16:33:00,0 days 09:40:00,0,1,9.666666666666666,5,6,Wednesday,Quarta
21/05/2025,06:16,15:24,QWE3R67,Volkswagen/Polo,2025-05-21 06:16:00,2025-05-21 15:24:00,0 days 09:08:00,0,1,9.133333333333333,5,6,Wednesday,Quarta
21/05/2025,06:21,15:55,RTY4U89,Hyundai/HB20,2025-05-21 06:21:00,2025-05-21 15:55:00,0 days 09:34:00,0,1,9.566666666666666,5,6,Wednesday,Quarta
21/05/2025,06:17,16:47,UIO5P10,Honda/Civic,2025-05-21 06:17:00,2025-05-21 16:47:00,0 days 10:30:00,0,1,10.5,5,6,Wednesday,Quarta
21/05/2025,06:40,19:44,ASD6F32,Nissan/Kicks,2025-05-21 06:40:00,2025-05-21 19:44:00,0 days 13:04:00,0,1,13.066666666666666,5,6,Wednesday,Quarta
21/05/2025,06:38,18:08,ZXC7V54,Fiat/Fastback,2025-05-21 06:38:00,2025-05-21 18:08:00,0 days 11:30:00,0,1,11.5,5,6,Wednesday,Quarta
21/05/2025,06:08,16:59,VBN8G76,Renault/Kwid,2025-05-21 06:08:00,2025-05-21 16:59:00,0 days 10:51:00,0,1,10.85,5,6,Wednesday,Quarta
21/05/2025,06:28,17:07,MNB9H98,Jeep/Compass,2025-05-21 06:28:00,2025-05-21 17:07:00,0 days 10:39:00,0,1,10.65,5,6,Wednesday,Quarta
21/05/2025,06:01,16:10,POI0J21,Peugeot/208,2025-05-21 06:01:00,2025-05-21 16:10:00,0 days 10:09:00,0,1,10.15,5,6,Wednesday,Quarta
21/05/2025,06:20,18:21,LKM1Z43,Citroen/C3,2025-05-21 06:20:00,2025-05-21 18:21:00,0 days 12:01:00,0,1,12.016666666666667,5,6,Wednesday,Quarta
21/05/2025,06:28,16:31,HGF2X65,BYD/Dolphin,2025-05-21 06:28:00,2025-05-21 16:31:00,0 days 10:03:00,0,1,10.05,5,6,Wednesday,Quarta
21/05/2025,06:12,16:20,QAZ3W87,Toyota/Etios,2025-05-21 06:12:00,2025-05-21 16:20:00,0 days 10:08:00,0,1,10.133333333333333,5,6,Wednesday,Quarta
21/05/2025,09:18,16:27,WSX4E09,Chevrolet/Cruze,2025-05-21 09:18:00,2025-05-21 16:27:00,0 days 07:09:00,0,1,7.15,5,9,Wednesday,Quarta
21/05/2025,09:55,15:29,EDC5R21,Volkswagen/Fox,2025-05-21 09:55:00,2025-05-21 15:29:00,0 days 05:34:00,0,1,5.566666666666666,5,9,Wednesday,Quarta
21/05/2025,09:04,18:32,RFV6T43,Hyundai/Tucson,2025-05-21 09:04:00,2025-05-21 18:32:00,0 days 09:28:00,0,1,9.466666666666667,5,9,Wednesday,Quarta
21/05/2025,09:37,17:57,TGB7Y65,Honda/Fit,2025-05-21 09:37:00,2025-05-21 17:57:00,0 days 08:20:00,0,1,8.333333333333334,5,9,Wednesday,Quarta
21/05/2025,09:07,19:11,YHN8U87,Nissan/March,2025-05-21 09:07:00,2025-05-21 19:11:00,0 days 10:04:00,0,1,10.066666666666666,5,9,Wednesday,Quarta
21/05/2025,09:26,18:21,UJM9I09,Fiat/Palio,2025-05-21 09:26:00,2025-05-21 18:21:00,0 days 08:55:00,0,1,8.916666666666666,5,9,Wednesday,Quarta
21/05/2025,09:25,15:11,IKL0O21,Renault/Sandero,2025-05-21 09:25:00,2025-05-21 15:11:00,0 days 05:46:00,0,1,5.766666666666667,5,9,Wednesday,Quarta
21/05/2025,09:16,19:27,OLP1P43,Jeep/Renegade,2025-05-21 09:16:00,2025-05-21 19:27:00,0 days 10:11:00,0,1,10.183333333333334,5,9,Wednesday,Quarta
21/05/2025,09:52,19:31,PAS2D65,Peugeot/308,2025-05-21 09:52:00,2025-05-21 19:31:00,0 days 09:39:00,0,1,9.65,5,9,Wednesday,Quarta
21/05/2025,09:28,15:04,DFG3S87,Citroen/C4,2025-05-21 09:28:00,2025-05-21 15:04:00,0 days 05:36:00,0,1,5.6,5,9,Wednesday,Quarta
21/05/2025,09:43,17:05,SDF4G09,Ford/Focus,2025-05-21 09:43:00,2025-05-21 17:05:00,0 days 07:22:00,0,1,7.366666666666666,5,9,Wednesday,Quarta
21/05/2025,08:07,16:18,GHG5H21,Kia/Soul,2025-05-21 08:07:00,2025-05-21 16:18:00,0 days 08:11:00,0,1,8.183333333333334,5,8,Wednesday,Quarta
21/05/2025,08:25,15:48,HJK6J43,Mitsubishi/ASX,2025-05-21 08:25:00,2025-05-21 15:48:00,0 days 07:23:00,0,1,7.383333333333334,5,8,Wednesday,Quarta
21/05/2025,09:36,16:22,JKL7K65,Suzuki/Swift,2025-05-21 09:36:00,2025-05-21 16:22:00,0 days 06:46:00,0,1,6.766666666666667,5,9,Wednesday,Quarta
21/05/2025,10:28,16:41,AJC7M65,Chevrolet/Celta,2025-05-21 10:28:00,2025-05-21 16:41:00,0 days 06:13:00,0,1,6.216666666666667,5,10,Wednesday,Quarta
21/05/2025,10:39,19:54,DEF7L65,Fiat/Uno,2025-05-21 10:39:00,2025-05-21 19:54:00,0 days 09:15:00,0,1,9.25,5,10,Wednesday,Quarta
21/05/2025,09:56,19:52,JBL7K65,Ford/Fiesta,2025-05-21 09:56:00,2025-05-21 19:52:00,0 days 09:56:00,0,1,9.933333333333334,5,9,Wednesday,Quarta
22/05/2025,06:05,19:04,ALC1D23,Toyota/Corolla,2025-05-22 06:05:00,2025-05-22 19:04:00,0 days 12:59:00,0,1,12.983333333333333,5,6,Thursday,Quinta
22/05/2025,06:48,18:11,JDL2M45,Chevrolet/Onix,2025-05-22 06:48:00,2025-05-22 18:11:00,0 days 11:23:00,0,1,11.383333333333333,5,6,Thursday,Quinta
22/05/2025,06:13,18:08,QWE3R67,Volkswagen/Polo,2025-05-22 06:13:00,2025-05-22 18:08:00,0 days 11:55:00,0,1,11.916666666666666,5,6,Thursday,Quinta
22/05/2025,06:30,15:28,RTY4U89,Hyundai/HB20,2025-05-22 06:30:00,2025-05-22 15:28:00,0 days 08:58:00,0,1,8.966666666666667,5,6,Thursday,Quinta
22/05/2025,06:32,16:49,UIO5P10,Honda/Civic,2025-05-22 06:32:00,2025-05-22 16:49:00,0 days 10:17:00,0,1,10.283333333333333,5,6,Thursday,Quinta
22/05/2025,06:54,16:32,ASD6F32,Nissan/Kicks,2025-05-22 06:54:00,2025-05-22 16:32:00,0 days 09:38:00,0,1,9.633333333333333,5,6,Thursday,Quinta
22/05/2025,06:38,17:52,ZXC7V54,Fiat/Fastback,2025-05-22 06:38:00,2025-05-22 17:52:00,0 days 11:14:00,0,1,11.233333333333333,5,6,Thursday,Quinta
22/05/2025,06:02,19:43,VBN8G76,Renault/Kwid,2025-05-22 06:02:00,2025-05-22 19:43:00,0 days 13:41:00,0,1,13.683333333333334,5,6,Thursday,Quinta
22/05/2025,06:12,15:13,MNB9H98,Jeep/Compass,2025-05-22 06:12:00,2025-05-22 15:13:00,0 days 09:01:00,0,1,9.016666666666667,5,6,Thursday,Quinta
22/05/2025,06:44,15:28,POI0J21,Peugeot/208,2025-05-22 06:44:00,2025-05-22 15:28:00,0 days 08:44:00,0,1,8.733333333333333,5,6,Thursday,Quinta
22/05/2025,06:35,19:41,LKM1Z43,Citroen/C3,2025-05-22 06:35:00,2025-05-22 19:41:00,0 days 13:06:00,0,1,13.1,5,6,Thursday,Quinta
22/05/2025,06:29,19:19,HGF2X65,BYD/Dolphin,2025-05-22 06:29:00,2025-05-22 19:19:00,0 days 12:50:00,0,1,12.833333333333334,5,6,Thursday,Quinta
22/05/2025,06:37,15:37,QAZ3W87,Toyota/Etios,2025-05-22 06:37:00,2025-05-22 15:37:00,0 days 09:00:00,0,1,9.0,5,6,Thursday,Quinta
22/05/2025,09:05,18:16,WSX4E09,Chevrolet/Cruze,2025-05-22 09:05:00,2025-05-22 18:16:00,0 days 09:11:00,0,1,9.183333333333334,5,9,Thursday,Quinta
22/05/2025,08:11,16:10,EDC5R21,Volkswagen/Fox,2025-05-22 08:11:00,2025-05-22 16:10:00,0 days 07:59:00,0,1,7.983333333333333,5,8,Thursday,Quinta
22/05/2025,08:58,15:24,RFV6T43,Hyundai/Tucson,2025-05-22 08:58:00,2025-05-22 15:24:00,0 days 06:26:00,0,1,6.433333333333334,5,8,Thursday,Quinta
22/05/2025,08:01,18:59,TGB7Y65,Honda/Fit,2025-05-22 08:01:00,2025-05-22 18:59:00,0 days 10:58:00,0,1,10.966666666666667,5,8,Thursday,Quinta
22/05/2025,09:53,19:14,YHN8U87,Nissan/March,2025-05-22 09:53:00,2025-05-22 19:14:00,0 days 09:21:00,0,1,9.35,5,9,Thursday,Quinta
22/05/2025,09:55,18:15,UJM9I09,Fiat/Palio,2025-05-22 09:55:00,2025-05-22 18:15:00,0 days 08:20:00,0,1,8.333333333333334,5,9,Thursday,Quinta
22/05/2025,08:18,16:43,IKL0O21,Renault/Sandero,2025-05-22 08:18:00,2025-05-22 16:43:00,0 days 08:25:00,0,1,8.416666666666666,5,8,Thursday,Quinta
22/05/2025,08:36,16:06,OLP1P43,Jeep/Renegade,2025-05-22 08:36:00,2025-05-22 16:06:00,0 days 07:30:00,0,1,7.5,5,8,Thursday,Quinta
22/05/2025,08:06,19:06,PAS2D65,Peugeot/308,2025-05-22 08:06:00,2025-05-22 19:06:00,0 days 11:00:00,0,1,11.0,5,8,Thursday,Quinta
22/05/2025,09:45,16:28,DFG3S87,Citroen/C4,2025-05-22 09:45:00,2025-05-22 16:28:00,0 days 06:43:00,0,1,6.716666666666667,5,9,Thursday,Quinta
22/05/2025,09:49,18:46,SDF4G09,Ford/Focus,2025-05-22 09:49:00,2025-05-22 18:46:00,0 days 08:57:00,0,1,8.95,5,9,Thursday,Quinta
22/05/2025,08:41,15:32,GHG5H21,Kia/Soul,2025-05-22 08:41:00,2025-05-22 15:32:00,0 days 06:51:00,0,1,6.85,5,8,Thursday,Quinta
22/05/2025,09:19,15:36,HJK6J43,Mitsubishi/ASX,2025-05-22 09:19:00,2025-05-22 15:36:00,0 days 06:17:00,0,1,6.283333333333333,5,9,Thursday,Quinta
22/05/2025,09:37,17:25,JKL7K65,Suzuki/Swift,2025-05-22 09:37:00,2025-05-22 17:25:00,0 days 07:48:00,0,1,7.8,5,9,Thursday,Quinta
22/05/2025,10:49,18:15,AJC7M65,Chevrolet/Celta,2025-05-22 10:49:00,2025-05-22 18:15:00,0 days 07:26:00,0,1,7.433333333333334,5,10,Thursday,Quinta
22/05/2025,09:41,16:47,DEF7L65,Fiat/Uno,2025-05-22 09:41:00,2025-05-22 16:47:00,0 days 07:06:00,0,1,7.1,5,9,Thursday,Quinta
22/05/2025,08:01,19:10,JBL7K65,Ford/Fiesta,2025-05-22 08:01:00,2025-05-22 19:10:00,0 days 11:09:00,0,1,11.15,5,8,Thursday,Quinta
23/05/2025,06:44,16:03,ALC1D23,Toyota/Corolla,2025-05-23 06:44:00,2025-05-23 16:03:00,0 days 09:19:00,0,1,9.316666666666666,5,6,Friday,Sexta
23/05/2025,06:35,16:20,JDL2M45,Chevrolet/Onix,2025-05-23 06:35:00,2025-05-23 16:20:00,0 days 09:45:00,0,1,9.75,5,6,Friday,Sexta
23/05/2025,06:05,18:39,QWE3R67,Volkswagen/Polo,2025-05-23 06:05:00,2025-05-23 18:39:00,0 days 12:34:00,0,1,12.566666666666666,5,6,Friday,Sexta
23/05/2025,06:10,15:02,RTY4U89,Hyundai/HB20,2025-05-23 06:10:00,2025-05-23 15:02:00,0 days 08:52:00,0,1,8.866666666666667,5,6,Friday,Sexta
23/05/2025,06:50,16:45,UIO5P10,Honda/Civic,2025-05-23 06:50:00,2025-05-23 16:45:00,0 days 09:55:00,0,1,9.916666666666666,5,6,Friday,Sexta
23/05/2025,06:48,17:54,ASD6F32,Nissan/Kicks,2025-05-23 06:48:00,2025-05-23 17:54:00,0 days 11:06:00,0,1,11.1,5,6,Friday,Sexta
23/05/2025,06:11,18:02,ZXC7V54,Fiat/Fastback,2025-05-23 06:11:00,2025-05-23 18:02:00,0 days 11:51:00,0,1,11.85,5,6,Friday,Sexta
23/05/2025,06:56,19:56,VBN8G76,Renault/Kwid,2025-05-23 06:56:00,2025-05-23 19:56:00,0 days 13:00:00,0,1,13.0,5,6,Friday,Sexta
23/05/2025,06:57,16:10,MNB9H98,Jeep/Compass,2025-05-23 06:57:00,2025-05-23 16:10:00,0 days 09:13:00,0,1,9.216666666666667,5,6,Friday,Sexta
23/05/2025,06:11,18:31,POI0J21,Peugeot/208,2025-05-23 06:11:00,2025-05-23 18:31:00,0 days 12:20:00,0,1,12.333333333333334,5,6,Friday,Sexta
23/05/2025,06:01,15:48,LKM1Z43,Citroen/C3,2025-05-23 06:01:00,2025-05-23 15:48:00,0 days 09:47:00,0,1,9.783333333333333,5,6,Friday,Sexta
23/05/2025,06:42,19:19,HGF2X65,BYD/Dolphin,2025-05-23 06:42:00,2025-05-23 19:19:00,0 days 12:37:00,0,1,12.616666666666667,5,6,Friday,Sexta
23/05/2025,06:53,17:54,QAZ3W87,Toyota/Etios,2025-05-23 06:53:00,2025-05-23 17:54:00,0 days 11:01:00,0,1,11.016666666666667,5,6,Friday,Sexta
23/05/2025,08:46,19:16,WSX4E09,Chevrolet/Cruze,2025-05-23 08:46:00,2025-05-23 19:16:00,0 days 10:30:00,0,1,10.5,5,8,Friday,Sexta
23/05/2025,09:35,19:59,EDC5R21,Volkswagen/Fox,2025-05-23 09:35:00,2025-05-23 19:59:00,0 days 10:24:00,0,1,10.4,5,9,Friday,Sexta
23/05/2025,09:41,17:33,RFV6T43,Hyundai/Tucson,2025-05-23 09:41:00,2025-05-23 17:33:00,0 days 07:52:00,0,1,7.866666666666666,5,9,Friday,Sexta
23/05/2025,09:32,18:54,TGB7Y65,Honda/Fit,2025-05-23 09:32:00,2025-05-23 18:54:00,0 days 09:22:00,0,1,9.366666666666667,5,9,Friday,Sexta
23/05/2025,09:50,17:52,YHN8U87,Nissan/March,2025-05-23 09:50:00,2025-05-23 17:52:00,0 days 08:02:00,0,1,8.033333333333333,5,9,Friday,Sexta
23/05/2025,08:56,18:40,UJM9I09,Fiat/Palio,2025-05-23 08:56:00,2025-05-23 18:40:00,0 days 09:44:00,0,1,9.733333333333333,5,8,Friday,Sexta
23/05/2025,08:12,17:04,IKL0O21,Renault/Sandero,2025-05-23 08:12:00,2025-05-23 17:04:00,0 days 08:52:00,0,1,8.866666666666667,5,8,Friday,Sexta
23/05/2025,08:30,17:19,OLP1P43,Jeep/Renegade,2025-05-23 08:30:00,2025-05-23 17:19:00,0 days 08:49:00,0,1,8.816666666666666,5,8,Friday,Sexta
23/05/2025,08:19,18:33,PAS2D65,Peugeot/308,2025-05-23 08:19:00,2025-05-23 18:33:00,0 days 10:14:00,0,1,10.233333333333333,5,8,Friday,Sexta
23/05/2025,08:46,16:19,DFG3S87,Citroen/C4,2025-05-23 08:46:00,2025-05-23 16:19:00,0 days 07:33:00,0,1,7.55,5,8,Friday,Sexta
23/05/2025,09:58,15:37,SDF4G09,Ford/Focus,2025-05-23 09:58:00,2025-05-23 15:37:00,0 days 05:39:00,0,1,5.65,5,9,Friday,Sexta
23/05/2025,08:44,15:50,GHG5H21,Kia/Soul,2025-05-23 08:44:00,2025-05-23 15:50:00,0 days 07:06:00,0,1,7.1,5,8,Friday,Sexta
23/05/2025,08:48,19:55,HJK6J43,Mitsubishi/ASX,2025-05-23 08:48:00,2025-05-23 19:55:00,0 days 11:07:00,0,1,11.116666666666667,5,8,Friday,Sexta
23/05/2025,08:32,15:47,JKL7K65,Suzuki/Swift,2025-05-23 08:32:00,2025-05-23 15:47:00,0 days 07:15:00,0,1,7.25,5,8,Friday,Sexta
23/05/2025,10:25,18:36,AJC7M65,Chevrolet/Celta,2025-05-23 10:25:00,2025-05-23 18:36:00,0 days 08:11:00,0,1,8.183333333333334,5,10,Friday,Sexta
23/05/2025,09:34,17:00,DEF7L65,Fiat/Uno,2025-05-23 09:34:00,2025-05-23 17:00:00,0 days 07:26:00,0,1,7.433333333333334,5,9,Friday,Sexta
23/05/2025,09:47,19:51,JBL7K65,Ford/Fiesta,2025-05-23 09:47:00,2025-05-23 19:51:00,0 days 10:04:00,0,1,10.066666666666666,5,9,Friday,Sexta
24/05/2025,08:25,16:23,WSX4E09,Chevrolet/Cruze,2025-05-24 08:25:00,2025-05-24 16:23:00,0 days 07:58:00,0,1,7.966666666666667,5,8,Saturday,Sábado
24/05/2025,08:44,17:52,EDC5R21,Volkswagen/Fox,2025-05-24 08:44:00,2025-05-24 17:52:00,0 days 09:08:00,0,1,9.133333333333333,5,8,Saturday,Sábado
24/05/2025,09:12,17:52,RFV6T43,Hyundai/Tucson,2025-05-24 09:12:00,2025-05-24 17:52:00,0 days 08:40:00,0,1,8.666666666666666,5,9,Saturday,Sábado
24/05/2025,08:51,19:05,YHN8U87,Nissan/March,2025-05-24 08:51:00,2025-05-24 19:05:00,0 days 10:14:00,0,1,10.233333333333333,5,8,Saturday,Sábado
24/05/2025,08:08,17:37,UJM9I09,Fiat/Palio,2025-05-24 08:08:00,2025-05-24 17:37:00,0 days 09:29:00,0,1,9.483333333333333,5,8,Saturday,Sábado
24/05/2025,09:27,17:18,IKL0O21,Renault/Sandero,2025-05-24 09:27:00,2025-05-24 17:18:00,0 days 07:51:00,0,1,7.85,5,9,Saturday,Sábado
24/05/2025,09:17,16:10,OLP1P43,Jeep/Renegade,2025-05-24 09:17:00,2025-05-24 16:10:00,0 days 06:53:00,0,1,6.883333333333334,5,9,Saturday,Sábado
24/05/2025,08:52,15:37,PAS2D65,Peugeot/308,2025-05-24 08:52:00,2025-05-24 15:37:00,0 days 06:45:00,0,1,6.75,5,8,Saturday,Sábado
24/05/2025,08:34,18:51,DFG3S87,Citroen/C4,2025-05-24 08:34:00,2025-05-24 18:51:00,0 days 10:17:00,0,1,10.283333333333333,5,8,Saturday,Sábado
24/05/2025,08:23,18:36,GHG5H21,Kia/Soul,2025-05-24 08:23:00,2025-05-24 18:36:00,0 days 10:13:00,0,1,10.216666666666667,5,8,Saturday,Sábado
24/05/2025,09:43,17:22,HJK6J43,Mitsubishi/ASX,2025-05-24 09:43:00,2025-05-24 17:22:00,0 days 07:39:00,0,1,7.65,5,9,Saturday,Sábado
26/05/2025,06:50,16:19,ALC1D23,Toyota/Corolla,2025-05-26 06:50:00,2025-05-26 16:19:00,0 days 09:29:00,0,1,9.483333333333333,5,6,Monday,Segunda
26/05/2025,06:45,15:43,JDL2M45,Chevrolet/Onix,2025-05-26 06:45:00,2025-05-26 15:43:00,0 days 08:58:00,0,1,8.966666666666667,5,6,Monday,Segunda
26/05/2025,06:13,19:23,QWE3R67,Volkswagen/Polo,2025-05-26 06:13:00,2025-05-26 19:23:00,0 days 13:10:00,0,1,13.166666666666666,5,6,Monday,Segunda
26/05/2025,06:53,19:26,RTY4U89,Hyundai/HB20,2025-05-26 06:53:00,2025-05-26 19:26:00,0 days 12:33:00,0,1,12.55,5,6,Monday,Segunda
26/05/2025,06:47,18:36,UIO5P10,Honda/Civic,2025-05-26 06:47:00,2025-05-26 18:36:00,0 days 11:49:00,0,1,11.816666666666666,5,6,Monday,Segunda
26/05/2025,06:05,17:14,ASD6F32,Nissan/Kicks,2025-05-26 06:05:00,2025-05-26 17:14:00,0 days 11:09:00,0,1,11.15,5,6,Monday,Segunda
26/05/2025,06:38,19:05,ZXC7V54,Fiat/Fastback,2025-05-26 06:38:00,2025-05-26 19:05:00,0 days 12:27:00,0,1,12.45,5,6,Monday,Segunda
26/05/2025,06:00,19:40,VBN8G76,Renault/Kwid,2025-05-26 06:00:00,2025-05-26 19:40:00,0 days 13:40:00,0,1,13.666666666666666,5,6,Monday,Segunda
26/05/2025,06:59,18:27,MNB9H98,Jeep/Compass,2025-05-26 06:59:00,2025-05-26 18:27:00,0 days 11:28:00,0,1,11.466666666666667,5,6,Monday,Segunda
26/05/2025,06:37,18:19,POI0J21,Peugeot/208,2025-05-26 06:37:00,2025-05-26 18:19:00,0 days 11:42:00,0,1,11.7,5,6,Monday,Segunda
26/05/2025,06:01,17:02,LKM1Z43,Citroen/C3,2025-05-26 06:01:00,2025-05-26 17:02:00,0 days 11:01:00,0,1,11.016666666666667,5,6,Monday,Segunda
26/05/2025,06:31,17:50,HGF2X65,BYD/Dolphin,2025-05-26 06:31:00,2025-05-26 17:50:00,0 days 11:19:00,0,1,11.316666666666666,5,6,Monday,Segunda
26/05/2025,06:28,19:01,QAZ3W87,Toyota/Etios,2025-05-26 06:28:00,2025-05-26 19:01:00,0 days 12:33:00,0,1,12.55,5,6,Monday,Segunda
26/05/2025,09:21,16:04,WSX4E09,Chevrolet/Cruze,2025-05-26 09:21:00,2025-05-26 16:04:00,0 days 06:43:00,0,1,6.716666666666667,5,9,Monday,Segunda
26/05/2025,09:07,15:38,EDC5R21,Volkswagen/Fox,2025-05-26 09:07:00,2025-05-26 15:38:00,0 days 06:31:00,0,1,6.516666666666667,5,9,Monday,Segunda
26/05/2025,09:06,17:50,RFV6T43,Hyundai/Tucson,2025-05-26 09:06:00,2025-05-26 17:50:00,0 days 08:44:00,0,1,8.733333333333333,5,9,Monday,Segunda
26/05/2025,08:49,19:43,TGB7Y65,Honda/Fit,2025-05-26 08:49:00,2025-05-26 19:43:00,0 days 10:54:00,0,1,10.9,5,8,Monday,Segunda
26/05/2025,08:15,18:36,YHN8U87,Nissan/March,2025-05-26 08:15:00,2025-05-26 18:36:00,0 days 10:21:00,0,1,10.35,5,8,Monday,Segunda
26/05/2025,08:33,19:53,UJM9I09,Fiat/Palio,2025-05-26 08:33:00,2025-05-26 19:53:00,0 days 11:20:00,0,1,11.333333333333334,5,8,Monday,Segunda
26/05/2025,08:39,19:23,IKL0O21,Renault/Sandero,2025-05-26 08:39:00,2025-05-26 19:23:00,0 days 10:44:00,0,1,10.733333333333333,5,8,Monday,Segunda
26/05/2025,08:06,18:00,OLP1P43,Jeep/Renegade,2025-05-26 08:06:00,2025-05-26 18:00:00,0 days 09:54:00,0,1,9.9,5,8,Monday,Segunda
26/05/2025,08:23,16:43,PAS2D65,Peugeot/308,2025-05-26 08:23:00,2025-05-26 16:43:00,0 days 08:20:00,0,1,8.333333333333334,5,8,Monday,Segunda
26/05/2025,08:47,19:30,DFG3S87,Citroen/C4,2025-05-26 08:47:00,2025-05-26 19:30:00,0 days 10:43:00,0,1,10.716666666666667,5,8,Monday,Segunda
26/05/2025,08:21,18:29,SDF4G09,Ford/Focus,2025-05-26 08:21:00,2025-05-26 18:29:00,0 days 10:08:00,0,1,10.133333333333333,5,8,Monday,Segunda
26/05/2025,08:49,16:47,GHG5H21,Kia/Soul,2025-05-26 08:49:00,2025-05-26 16:47:00,0 days 07:58:00,0,1,7.966666666666667,5,8,Monday,Segunda
26/05/2025,08:12,19:10,HJK6J43,Mitsubishi/ASX,2025-05-26 08:12:00,2025-05-26 19:10:00,0 days 10:58:00,0,1,10.966666666666667,5,8,Monday,Segunda
26/05/2025,08:43,16:38,JKL7K65,Suzuki/Swift,2025-05-26 08:43:00,2025-05-26 16:38:00,0 days 07:55:00,0,1,7.916666666666667,5,8,Monday,Segunda
26/05/2025,08:35,17:45,AJC7M65,Chevrolet/Celta,2025-05-26 08:35:00,2025-05-26 17:45:00,0 days 09:10:00,0,1,9.166666666666666,5,8,Monday,Segunda
26/05/2025,10:28,19:46,DEF7L65,Fiat/Uno,2025-05-26 10:28:00,2025-05-26 19:46:00,0 days 09:18:00,0,1,9.3,5,10,Monday,Segunda
26/05/2025,09:34,17:02,JBL7K65,Ford/Fiesta,2025-05-26 09:34:00,2025-05-26 17:02:00,0 days 07:28:00,0,1,7.466666666666667,5,9,Monday,Segunda
27/05/2025,06:03,15:27,ALC1D23,Toyota/Corolla,2025-05-27 06:03:00,2025-05-27 15:27:00,0 days 09:24:00,0,1,9.4,5,6,Tuesday,Terça
27/05/2025,06:10,19:17,JDL2M45,Chevrolet/Onix,2025-05-27 06:10:00,2025-05-27 19:17:00,0 days 13:07:00,0,1,13.116666666666667,5,6,Tuesday,Terça
27/05/2025,06:15,16:35,QWE3R67,Volkswagen/Polo,2025-05-27 06:15:00,2025-05-27 16:35:00,0 days 10:20:00,0,1,10.333333333333334,5,6,Tuesday,Terça
27/05/2025,06:55,17:24,RTY4U89,Hyundai/HB20,2025-05-27 06:55:00,2025-05-27 17:24:00,0 days 10:29:00,0,1,10.483333333333333,5,6,Tuesday,Terça
27/05/2025,06:03,19:11,UIO5P10,Honda/Civic,2025-05-27 06:03:00,2025-05-27 19:11:00,0 days 13:08:00,0,1,13.133333333333333,5,6,Tuesday,Terça
27/05/2025,06:39,15:01,ASD6F32,Nissan/Kicks,2025-05-27 06:39:00,2025-05-27 15:01:00,0 days 08:22:00,0,1,8.366666666666667,5,6,Tuesday,Terça
27/05/2025,06:39,18:04,ZXC7V54,Fiat/Fastback,2025-05-27 06:39:00,2025-05-27 18:04:00,0 days 11:25:00,0,1,11.416666666666666,5,6,Tuesday,Terça
27/05/2025,06:13,17:22,VBN8G76,Renault/Kwid,2025-05-27 06:13:00,2025-05-27 17:22:00,0 days 11:09:00,0,1,11.15,5,6,Tuesday,Terça
27/05/2025,06:45,18:45,MNB9H98,Jeep/Compass,2025-05-27 06:45:00,2025-05-27 18:45:00,0 days 12:00:00,0,1,12.0,5,6,Tuesday,Terça
27/05/2025,06:23,15:04,POI0J21,Peugeot/208,2025-05-27 06:23:00,2025-05-27 15:04:00,0 days 08:41:00,0,1,8.683333333333334,5,6,Tuesday,Terça
27/05/2025,06:53,17:39,LKM1Z43,Citroen/C3,2025-05-27 06:53:00,2025-05-27 17:39:00,0 days 10:46:00,0,1,10.766666666666667,5,6,Tuesday,Terça
27/05/2025,06:29,17:37,HGF2X65,BYD/Dolphin,2025-05-27 06:29:00,2025-05-27 17:37:00,0 days 11:08:00,0,1,11.133333333333333,5,6,Tuesday,Terça
27/05/2025,06:09,18:22,QAZ3W87,Toyota/Etios,2025-05-27 06:09:00,2025-05-27 18:22:00,0 days 12:13:00,0,1,12.216666666666667,5,6,Tuesday,Terça
27/05/2025,09:08,16:59,WSX4E09,Chevrolet/Cruze,2025-05-27 09:08:00,2025-05-27 16:59:00,0 days 07:51:00,0,1,7.85,5,9,Tuesday,Terça
27/05/2025,09:01,17:02,EDC5R21,Volkswagen/Fox,2025-05-27 09:01:00,2025-05-27 17:02:00,0 days 08:01:00,0,1,8.016666666666667,5,9,Tuesday,Terça
27/05/2025,09:55,16:59,RFV6T43,Hyundai/Tucson,2025-05-27 09:55:00,2025-05-27 16:59:00,0 days 07:04:00,0,1,7.066666666666666,5,9,Tuesday,Terça
27/05/2025,08:13,18:50,TGB7Y65,Honda/Fit,2025-05-27 08:13:00,2025-05-27 18:50:00,0 days 10:37:00,0,1,10.616666666666667,5,8,Tuesday,Terça
27/05/2025,09:34,18:55,YHN8U87,Nissan/March,2025-05-27 09:34:00,2025-05-27 18:55:00,0 days 09:21:00,0,1,9.35,5,9,Tuesday,Terça
27/05/2025,09:17,17:58,UJM9I09,Fiat/Palio,2025-05-27 09:17:00,2025-05-27 17:58:00,0 days 08:41:00,0,1,8.683333333333334,5,9,Tuesday,Terça
27/05/2025,09:15,18:45,IKL0O21,Renault/Sandero,2025-05-27 09:15:00,2025-05-27 18:45:00,0 days 09:30:00,0,1,9.5,5,9,Tuesday,Terça
27/05/2025,09:59,17:12,OLP1P43,Jeep/Renegade,2025-05-27 09:59:00,2025-05-27 17:12:00,0 days 07:13:00,0,1,7.216666666666667,5,9,Tuesday,Terça
27/05/2025,09:50,18:50,PAS2D65,Peugeot/308,2025-05-27 09:50:00,2025-05-27 18:50:00,0 days 09:00:00,0,1,9.0,5,9,Tuesday,Terça
27/05/2025,09:45,18:03,DFG3S87,Citroen/C4,2025-05-27 09:45:00,2025-05-27 18:03:00,0 days 08:18:00,0,1,8.3,5,9,Tuesday,Terça
27/05/2025,09:50,16:29,SDF4G09,Ford/Focus,2025-05-27 09:50:00,2025-05-27 16:29:00,0 days 06:39:00,0,1,6.65,5,9,Tuesday,Terça
27/05/2025,09:09,15:55,GHG5H21,Kia/Soul,2025-05-27 09:09:00,2025-05-27 15:55:00,0 days 06:46:00,0,1,6.766666666666667,5,9,Tuesday,Terça
27/05/2025,09:13,15:32,HJK6J43,Mitsubishi/ASX,2025-05-27 09:13:00,2025-05-27 15:32:00,0 days 06:19:00,0,1,6.316666666666666,5,9,Tuesday,Terça
27/05/2025,08:10,15:52,JKL7K65,Suzuki/Swift,2025-05-27 08:10:00,2025-05-27 15:52:00,0 days 07:42:00,0,1,7.7,5,8,Tuesday,Terça
27/05/2025,10:17,19:58,AJC7M65,Chevrolet/Celta,2025-05-27 10:17:00,2025-05-27 19:58:00,0 days 09:41:00,0,1,9.683333333333334,5,10,Tuesday,Terça
27/05/2025,09:56,18:32,DEF7L65,Fiat/Uno,2025-05-27 09:56:00,2025-05-27 18:32:00,0 days 08:36:00,0,1,8.6,5,9,Tuesday,Terça
27/05/2025,10:08,17:43,JBL7K65,Ford/Fiesta,2025-05-27 10:08:00,2025-05-27 17:43:00,0 days 07:35:00,0,1,7.583333333333333,5,10,Tuesday,Terça
28/05/2025,06:14,18:38,ALC1D23,Toyota/Corolla,2025-05-28 06:14:00,2025-05-28 18:38:00,0 days 12:24:00,0,1,12.4,5,6,Wednesday,Quarta
28/05/2025,06:58,19:02,JDL2M45,Chevrolet/Onix,2025-05-28 06:58:00,2025-05-28 19:02:00,0 days 12:04:00,0,1,12.066666666666666,5,6,Wednesday,Quarta
28/05/2025,06:55,19:18,QWE3R67,Volkswagen/Polo,2025-05-28 06:55:00,2025-05-28 19:18:00,0 days 12:23:00,0,1,12.383333333333333,5,6,Wednesday,Quarta
28/05/2025,06:52,17:44,RTY4U89,Hyundai/HB20,2025-05-28 06:52:00,2025-05-28 17:44:00,0 days 10:52:00,0,1,10.866666666666667,5,6,Wednesday,Quarta
28/05/2025,06:57,16:37,UIO5P10,Honda/Civic,2025-05-28 06:57:00,2025-05-28 16:37:00,0 days 09:40:00,0,1,9.666666666666666,5,6,Wednesday,Quarta
28/05/2025,06:41,18:12,ASD6F32,Nissan/Kicks,2025-05-28 06:41:00,2025-05-28 18:12:00,0 days 11:31:00,0,1,11.516666666666667,5,6,Wednesday,Quarta
28/05/2025,06:57,15:49,ZXC7V54,Fiat/Fastback,2025-05-28 06:57:00,2025-05-28 15:49:00,0 days 08:52:00,0,1,8.866666666666667,5,6,Wednesday,Quarta
28/05/2025,06:11,18:26,VBN8G76,Renault/Kwid,2025-05-28 06:11:00,2025-05-28 18:26:00,0 days 12:15:00,0,1,12.25,5,6,Wednesday,Quarta
28/05/2025,06:20,18:34,MNB9H98,Jeep/Compass,2025-05-28 06:20:00,2025-05-28 18:34:00,0 days 12:14:00,0,1,12.233333333333333,5,6,Wednesday,Quarta
28/05/2025,06:07,16:48,POI0J21,Peugeot/208,2025-05-28 06:07:00,2025-05-28 16:48:00,0 days 10:41:00,0,1,10.683333333333334,5,6,Wednesday,Quarta
28/05/2025,06:49,18:50,LKM1Z43,Citroen/C3,2025-05-28 06:49:00,2025-05-28 18:50:00,0 days 12:01:00,0,1,12.016666666666667,5,6,Wednesday,Quarta
28/05/2025,06:57,18:09,HGF2X65,BYD/Dolphin,2025-05-28 06:57:00,2025-05-28 18:09:00,0 days 11:12:00,0,1,11.2,5,6,Wednesday,Quarta
28/05/2025,06:30,16:37,QAZ3W87,Toyota/Etios,2025-05-28 06:30:00,2025-05-28 16:37:00,0 days 10:07:00,0,1,10.116666666666667,5,6,Wednesday,Quarta
28/05/2025,09:31,16:06,WSX4E09,Chevrolet/Cruze,2025-05-28 09:31:00,2025-05-28 16:06:00,0 days 06:35:00,0,1,6.583333333333333,5,9,Wednesday,Quarta
28/05/2025,09:25,15:05,EDC5R21,Volkswagen/Fox,2025-05-28 09:25:00,2025-05-28 15:05:00,0 days 05:40:00,0,1,5.666666666666667,5,9,Wednesday,Quarta
28/05/2025,08:47,17:16,RFV6T43,Hyundai/Tucson,2025-05-28 08:47:00,2025-05-28 17:16:00,0 days 08:29:00,0,1,8.483333333333333,5,8,Wednesday,Quarta
28/05/2025,08:34,19:26,TGB7Y65,Honda/Fit,2025-05-28 08:34:00,2025-05-28 19:26:00,0 days 10:52:00,0,1,10.866666666666667,5,8,Wednesday,Quarta
28/05/2025,09:16,15:13,YHN8U87,Nissan/March,2025-05-28 09:16:00,2025-05-28 15:13:00,0 days 05:57:00,0,1,5.95,5,9,Wednesday,Quarta
28/05/2025,09:16,17:04,UJM9I09,Fiat/Palio,2025-05-28 09:16:00,2025-05-28 17:04:00,0 days 07:48:00,0,1,7.8,5,9,Wednesday,Quarta
28/05/2025,08:07,17:49,IKL0O21,Renault/Sandero,2025-05-28 08:07:00,2025-05-28 17:49:00,0 days 09:42:00,0,1,9.7,5,8,Wednesday,Quarta
28/05/2025,09:29,19:56,OLP1P43,Jeep/Renegade,2025-05-28 09:29:00,2025-05-28 19:56:00,0 days 10:27:00,0,1,10.45,5,9,Wednesday,Quarta
28/05/2025,08:04,17:49,PAS2D65,Peugeot/308,2025-05-28 08:04:00,2025-05-28 17:49:00,0 days 09:45:00,0,1,9.75,5,8,Wednesday,Quarta
28/05/2025,08:29,16:13,DFG3S87,Citroen/C4,2025-05-28 08:29:00,2025-05-28 16:13:00,0 days 07:44:00,0,1,7.733333333333333,5,8,Wednesday,Quarta
28/05/2025,09:50,19:08,SDF4G09,Ford/Focus,2025-05-28 09:50:00,2025-05-28 19:08:00,0 days 09:18:00,0,1,9.3,5,9,Wednesday,Quarta
28/05/2025,09:22,15:35,GHG5H21,Kia/Soul,2025-05-28 09:22:00,2025-05-28 15:35:00,0 days 06:13:00,0,1,6.216666666666667,5,9,Wednesday,Quarta
28/05/2025,08:15,18:27,HJK6J43,Mitsubishi/ASX,2025-05-28 08:15:00,2025-05-28 18:27:00,0 days 10:12:00,0,1,10.2,5,8,Wednesday,Quarta
28/05/2025,08:58,15:03,JKL7K65,Suzuki/Swift,2025-05-28 08:58:00,2025-05-28 15:03:00,0 days 06:05:00,0,1,6.083333333333333,5,8,Wednesday,Quarta
28/05/2025,10:53,19:18,AJC7M65,Chevrolet/Celta,2025-05-28 10:53:00,2025-05-28 19:18:00,0 days 08:25:00,0,1,8.416666666666666,5,10,Wednesday,Quarta
28/05/2025,08:01,15:41,DEF7L65,Fiat/Uno,2025-05-28 08:01:00,2025-05-28 15:41:00,0 days 07:40:00,0,1,7.666666666666667,5,8,Wednesday,Quarta
28/05/2025,10:55,18:21,JBL7K65,Ford/Fiesta,2025-05-28 10:55:00,2025-05-28 18:21:00,0 days 07:26:00,0,1,7.433333333333334,5,10,Wednesday,Quarta
29/05/2025,06:45,17:35,ALC1D23,Toyota/Corolla,2025-05-29 06:45:00,2025-05-29 17:35:00,0 days 10:50:00,0,1,10.833333333333334,5,6,Thursday,Quinta
29/05/2025,06:51,19:27,JDL2M45,Chevrolet/Onix,2025-05-29 06:51:00,2025-05-29 19:27:00,0 days 12:36:00,0,1,12.6,5,6,Thursday,Quinta
29/05/2025,06:18,15:55,QWE3R67,Volkswagen/Polo,2025-05-29 06:18:00,2025-05-29 15:55:00,0 days 09:37:00,0,1,9.616666666666667,5,6,Thursday,Quinta
29/05/2025,06:03,17:07,RTY4U89,Hyundai/HB20,2025-05-29 06:03:00,2025-05-29 17:07:00,0 days 11:04:00,0,1,11.066666666666666,5,6,Thursday,Quinta
29/05/2025,06:38,18:06,UIO5P10,Honda/Civic,2025-05-29 06:38:00,2025-05-29 18:06:00,0 days 11:28:00,0,1,11.466666666666667,5,6,Thursday,Quinta
29/05/2025,06:12,19:12,ASD6F32,Nissan/Kicks,2025-05-29 06:12:00,2025-05-29 19:12:00,0 days 13:00:00,0,1,13.0,5,6,Thursday,Quinta
29/05/2025,06:13,17:54,ZXC7V54,Fiat/Fastback,2025-05-29 06:13:00,2025-05-29 17:54:00,0 days 11:41:00,0,1,11.683333333333334,5,6,Thursday,Quinta
29/05/2025,06:47,16:39,VBN8G76,Renault/Kwid,2025-05-29 06:47:00,2025-05-29 16:39:00,0 days 09:52:00,0,1,9.866666666666667,5,6,Thursday,Quinta
29/05/2025,06:37,19:59,MNB9H98,Jeep/Compass,2025-05-29 06:37:00,2025-05-29 19:59:00,0 days 13:22:00,0,1,13.366666666666667,5,6,Thursday,Quinta
29/05/2025,06:18,18:42,POI0J21,Peugeot/208,2025-05-29 06:18:00,2025-05-29 18:42:00,0 days 12:24:00,0,1,12.4,5,6,Thursday,Quinta
29/05/2025,06:10,19:03,LKM1Z43,Citroen/C3,2025-05-29 06:10:00,2025-05-29 19:03:00,0 days 12:53:00,0,1,12.883333333333333,5,6,Thursday,Quinta
29/05/2025,06:21,16:21,HGF2X65,BYD/Dolphin,2025-05-29 06:21:00,2025-05-29 16:21:00,0 days 10:00:00,0,1,10.0,5,6,Thursday,Quinta
29/05/2025,06:17,17:27,QAZ3W87,Toyota/Etios,2025-05-29 06:17:00,2025-05-29 17:27:00,0 days 11:10:00,0,1,11.166666666666666,5,6,Thursday,Quinta
29/05/2025,08:09,18:01,WSX4E09,Chevrolet/Cruze,2025-05-29 08:09:00,2025-05-29 18:01:00,0 days 09:52:00,0,1,9.866666666666667,5,8,Thursday,Quinta
29/05/2025,08:15,17:03,EDC5R21,Volkswagen/Fox,2025-05-29 08:15:00,2025-05-29 17:03:00,0 days 08:48:00,0,1,8.8,5,8,Thursday,Quinta
29/05/2025,08:58,17:01,RFV6T43,Hyundai/Tucson,2025-05-29 08:58:00,2025-05-29 17:01:00,0 days 08:03:00,0,1,8.05,5,8,Thursday,Quinta
29/05/2025,08:35,16:01,TGB7Y65,Honda/Fit,2025-05-29 08:35:00,2025-05-29 16:01:00,0 days 07:26:00,0,1,7.433333333333334,5,8,Thursday,Quinta
29/05/2025,09:25,17:45,YHN8U87,Nissan/March,2025-05-29 09:25:00,2025-05-29 17:45:00,0 days 08:20:00,0,1,8.333333333333334,5,9,Thursday,Quinta
29/05/2025,08:57,15:40,UJM9I09,Fiat/Palio,2025-05-29 08:57:00,2025-05-29 15:40:00,0 days 06:43:00,0,1,6.716666666666667,5,8,Thursday,Quinta
29/05/2025,08:52,19:56,IKL0O21,Renault/Sandero,2025-05-29 08:52:00,2025-05-29 19:56:00,0 days 11:04:00,0,1,11.066666666666666,5,8,Thursday,Quinta
29/05/2025,08:58,19:03,OLP1P43,Jeep/Renegade,2025-05-29 08:58:00,2025-05-29 19:03:00,0 days 10:05:00,0,1,10.083333333333334,5,8,Thursday,Quinta
29/05/2025,09:58,15:10,PAS2D65,Peugeot/308,2025-05-29 09:58:00,2025-05-29 15:10:00,0 days 05:12:00,0,1,5.2,5,9,Thursday,Quinta
29/05/2025,09:20,17:07,DFG3S87,Citroen/C4,2025-05-29 09:20:00,2025-05-29 17:07:00,0 days 07:47:00,0,1,7.783333333333333,5,9,Thursday,Quinta
29/05/2025,09:45,15:58,SDF4G09,Ford/Focus,2025-05-29 09:45:00,2025-05-29 15:58:00,0 days 06:13:00,0,1,6.216666666666667,5,9,Thursday,Quinta
29/05/2025,08:24,18:46,GHG5H21,Kia/Soul,2025-05-29 08:24:00,2025-05-29 18:46:00,0 days 10:22:00,0,1,10.366666666666667,5,8,Thursday,Quinta
29/05/2025,09:51,16:50,HJK6J43,Mitsubishi/ASX,2025-05-29 09:51:00,2025-05-29 16:50:00,0 days 06:59:00,0,1,6.983333333333333,5,9,Thursday,Quinta
29/05/2025,09:01,15:49,JKL7K65,Suzuki/Swift,2025-05-29 09:01:00,2025-05-29 15:49:00,0 days 06:48:00,0,1,6.8,5,9,Thursday,Quinta
29/05/2025,08:19,18:03,AJC7M65,Chevrolet/Celta,2025-05-29 08:19:00,2025-05-29 18:03:00,0 days 09:44:00,0,1,9.733333333333333,5,8,Thursday,Quinta
29/05/2025,10:55,17:05,DEF7L65,Fiat/Uno,2025-05-29 10:55:00,2025-05-29 17:05:00,0 days 06:10:00,0,1,6.166666666666667,5,10,Thursday,Quinta
29/05/2025,10:53,16:05,JBL7K65,Ford/Fiesta,2025-05-29 10:53:00,2025-05-29 16:05:00,0 days 05:12:00,0,1,5.2,5,10,Thursday,Quinta
30/05/2025,06:13,17:29,ALC1D23,Toyota/Corolla,2025-05-30 06:13:00,2025-05-30 17:29:00,0 days 11:16:00,0,1,11.266666666666667,5,6,Friday,Sexta
30/05/2025,06:20,15:01,JDL2M45,Chevrolet/Onix,2025-05-30 06:20:00,2025-05-30 15:01:00,0 days 08:41:00,0,1,8.683333333333334,5,6,Friday,Sexta
30/05/2025,06:24,18:41,QWE3R67,Volkswagen/Polo,2025-05-30 06:24:00,2025-05-30 18:41:00,0 days 12:17:00,0,1,12.283333333333333,5,6,Friday,Sexta
30/05/2025,06:10,19:12,RTY4U89,Hyundai/HB20,2025-05-30 06:10:00,2025-05-30 19:12:00,0 days 13:02:00,0,1,13.033333333333333,5,6,Friday,Sexta
30/05/2025,06:50,16:17,UIO5P10,Honda/Civic,2025-05-30 06:50:00,2025-05-30 16:17:00,0 days 09:27:00,0,1,9.45,5,6,Friday,Sexta
30/05/2025,06:01,19:33,ASD6F32,Nissan/Kicks,2025-05-30 06:01:00,2025-05-30 19:33:00,0 days 13:32:00,0,1,13.533333333333333,5,6,Friday,Sexta
30/05/2025,06:34,19:30,ZXC7V54,Fiat/Fastback,2025-05-30 06:34:00,2025-05-30 19:30:00,0 days 12:56:00,0,1,12.933333333333334,5,6,Friday,Sexta
30/05/2025,06:44,19:02,VBN8G76,Renault/Kwid,2025-05-30 06:44:00,2025-05-30 19:02:00,0 days 12:18:00,0,1,12.3,5,6,Friday,Sexta
30/05/2025,06:38,16:14,MNB9H98,Jeep/Compass,2025-05-30 06:38:00,2025-05-30 16:14:00,0 days 09:36:00,0,1,9.6,5,6,Friday,Sexta
30/05/2025,06:50,18:42,POI0J21,Peugeot/208,2025-05-30 06:50:00,2025-05-30 18:42:00,0 days 11:52:00,0,1,11.866666666666667,5,6,Friday,Sexta
30/05/2025,06:37,15:12,LKM1Z43,Citroen/C3,2025-05-30 06:37:00,2025-05-30 15:12:00,0 days 08:35:00,0,1,8.583333333333334,5,6,Friday,Sexta
30/05/2025,06:06,16:10,HGF2X65,BYD/Dolphin,2025-05-30 06:06:00,2025-05-30 16:10:00,0 days 10:04:00,0,1,10.066666666666666,5,6,Friday,Sexta
30/05/2025,06:22,19:15,QAZ3W87,Toyota/Etios,2025-05-30 06:22:00,2025-05-30 19:15:00,0 days 12:53:00,0,1,12.883333333333333,5,6,Friday,Sexta
30/05/2025,08:26,17:45,WSX4E09,Chevrolet/Cruze,2025-05-30 08:26:00,2025-05-30 17:45:00,0 days 09:19:00,0,1,9.316666666666666,5,8,Friday,Sexta
30/05/2025,09:30,15:38,EDC5R21,Volkswagen/Fox,2025-05-30 09:30:00,2025-05-30 15:38:00,0 days 06:08:00,0,1,6.133333333333334,5,9,Friday,Sexta
30/05/2025,09:37,18:59,RFV6T43,Hyundai/Tucson,2025-05-30 09:37:00,2025-05-30 18:59:00,0 days 09:22:00,0,1,9.366666666666667,5,9,Friday,Sexta
30/05/2025,08:51,16:50,TGB7Y65,Honda/Fit,2025-05-30 08:51:00,2025-05-30 16:50:00,0 days 07:59:00,0,1,7.983333333333333,5,8,Friday,Sexta
30/05/2025,09:05,19:28,YHN8U87,Nissan/March,2025-05-30 09:05:00,2025-05-30 19:28:00,0 days 10:23:00,0,1,10.383333333333333,5,9,Friday,Sexta
30/05/2025,09:55,17:15,UJM9I09,Fiat/Palio,2025-05-30 09:55:00,2025-05-30 17:15:00,0 days 07:20:00,0,1,7.333333333333333,5,9,Friday,Sexta
30/05/2025,09:58,19:34,IKL0O21,Renault/Sandero,2025-05-30 09:58:00,2025-05-30 19:34:00,0 days 09:36:00,0,1,9.6,5,9,Friday,Sexta
30/05/2025,09:10,15:14,OLP1P43,Jeep/Renegade,2025-05-30 09:10:00,2025-05-30 15:14:00,0 days 06:04:00,0,1,6.066666666666666,5,9,Friday,Sexta
30/05/2025,09:25,16:20,PAS2D65,Peugeot/308,2025-05-30 09:25:00,2025-05-30 16:20:00,0 days 06:55:00,0,1,6.916666666666667,5,9,Friday,Sexta
30/05/2025,09:28,18:50,DFG3S87,Citroen/C4,2025-05-30 09:28:00,2025-05-30 18:50:00,0 days 09:22:00,0,1,9.366666666666667,5,9,Friday,Sexta
30/05/2025,08:06,15:28,SDF4G09,Ford/Focus,2025-05-30 08:06:00,2025-05-30 15:28:00,0 days 07:22:00,0,1,7.366666666666666,5,8,Friday,Sexta
30/05/2025,08:01,15:45,GHG5H21,Kia/Soul,2025-05-30 08:01:00,2025-05-30 15:45:00,0 days 07:44:00,0,1,7.733333333333333,5,8,Friday,Sexta
30/05/2025,08:16,19:10,HJK6J43,Mitsubishi/ASX,2025-05-30 08:16:00,2025-05-30 19:10:00,0 days 10:54:00,0,1,10.9,5,8,Friday,Sexta
30/05/2025,10:39,15:42,JKL7K65,Suzuki/Swift,2025-05-30 10:39:00,2025-05-30 15:42:00,0 days 05:03:00,0,1,5.05,5,10,Friday,Sexta
30/05/2025,10:13,19:45,AJC7M65,Chevrolet/Celta,2025-05-30 10:13:00,2025-05-30 19:45:00,0 days 09:32:00,0,1,9.533333333333333,5,10,Friday,Sexta
30/05/2025,10:13,16:19,DEF7L65,Fiat/Uno,2025-05-30 10:13:00,2025-05-30 16:19:00,0 days 06:06:00,0,1,6.1,5,10,Friday,Sexta
30/05/2025,10:00,18:45,JBL7K65,Ford/Fiesta,2025-05-30 10:00:00,2025-05-30 18:45:00,0 days 08:45:00,0,1,8.75,5,10,Friday,Sexta
31/05/2025,08:53,15:03,EDC5R21,Volkswagen/Fox,2025-05-31 08:53:00,2025-05-31 15:03:00,0 days 06:10:00,0,1,6.166666666666667,5,8,Saturday,Sábado
31/05/2025,08:53,18:06,TGB7Y65,Honda/Fit,2025-05-31 08:53:00,2025-05-31 18:06:00,0 days 09:13:00,0,1,9.216666666666667,5,8,Saturday,Sábado
31/05/2025,09:17,17:21,UJM9I09,Fiat/Palio,2025-05-31 09:17:00,2025-05-31 17:21:00,0 days 08:04:00,0,1,8.066666666666666,5,9,Saturday,Sábado
31/05/2025,09:50,19:54,IKL0O21,Renault/Sandero,2025-05-31 09:50:00,2025-05-31 19:54:00,0 days 10:04:00,0,1,10.066666666666666,5,9,Saturday,Sábado
31/05/2025,08:58,15:41,OLP1P43,Jeep/Renegade,2025-05-31 08:58:00,2025-05-31 15:41:00,0 days 06:43:00,0,1,6.716666666666667,5,8,Saturday,Sábado
31/05/2025,08:01,19:35,PAS2D65,Peugeot/308,2025-05-31 08:01:00,2025-05-31 19:35:00,0 days 11:34:00,0,1,11.566666666666666,5,8,Saturday,Sábado
31/05/2025,08:38,18:38,SDF4G09,Ford/Focus,2025-05-31 08:38:00,2025-05-31 18:38:00,0 days 10:00:00,0,1,10.0,5,8,Saturday,Sábado
31/05/2025,09:02,15:46,GHG5H21,Kia/Soul,2025-05-31 09:02:00,2025-05-31 15:46:00,0 days 06:44:00,0,1,6.733333333333333,5,9,Saturday,Sábado
02/06/2025,06:02,18:04,ALC1D23,Toyota/Corolla,2025-06-02 06:02:00,2025-06-02 18:04:00,0 days 12:02:00,0,1,12.033333333333333,6,6,Monday,Segunda
02/06/2025,06:02,19:27,JDL2M45,Chevrolet/Onix,2025-06-02 06:02:00,2025-06-02 19:27:00,0 days 13:25:00,0,1,13.416666666666666,6,6,Monday,Segunda
02/06/2025,06:42,15:34,QWE3R67,Volkswagen/Polo,2025-06-02 06:42:00,2025-06-02 15:34:00,0 days 08:52:00,0,1,8.866666666666667,6,6,Monday,Segunda
02/06/2025,06:13,18:00,RTY4U89,Hyundai/HB20,2025-06-02 06:13:00,2025-06-02 18:00:00,0 days 11:47:00,0,1,11.783333333333333,6,6,Monday,Segunda
02/06/2025,06:18,17:42,UIO5P10,Honda/Civic,2025-06-02 06:18:00,2025-06-02 17:42:00,0 days 11:24:00,0,1,11.4,6,6,Monday,Segunda
02/06/2025,06:13,16:02,ASD6F32,Nissan/Kicks,2025-06-02 06:13:00,2025-06-02 16:02:00,0 days 09:49:00,0,1,9.816666666666666,6,6,Monday,Segunda
02/06/2025,06:21,18:40,ZXC7V54,Fiat/Fastback,2025-06-02 06:21:00,2025-06-02 18:40:00,0 days 12:19:00,0,1,12.316666666666666,6,6,Monday,Segunda
02/06/2025,06:21,16:21,VBN8G76,Renault/Kwid,2025-06-02 06:21:00,2025-06-02 16:21:00,0 days 10:00:00,0,1,10.0,6,6,Monday,Segunda
02/06/2025,06:36,15:09,MNB9H98,Jeep/Compass,2025-06-02 06:36:00,2025-06-02 15:09:00,0 days 08:33:00,0,1,8.55,6,6,Monday,Segunda
02/06/2025,06:18,17:23,POI0J21,Peugeot/208,2025-06-02 06:18:00,2025-06-02 17:23:00,0 days 11:05:00,0,1,11.083333333333334,6,6,Monday,Segunda
02/06/2025,06:05,18:03,LKM1Z43,Citroen/C3,2025-06-02 06:05:00,2025-06-02 18:03:00,0 days 11:58:00,0,1,11.966666666666667,6,6,Monday,Segunda
02/06/2025,06:45,16:35,HGF2X65,BYD/Dolphin,2025-06-02 06:45:00,2025-06-02 16:35:00,0 days 09:50:00,0,1,9.833333333333334,6,6,Monday,Segunda
02/06/2025,06:29,19:52,QAZ3W87,Toyota/Etios,2025-06-02 06:29:00,2025-06-02 19:52:00,0 days 13:23:00,0,1,13.383333333333333,6,6,Monday,Segunda
02/06/2025,08:25,17:33,WSX4E09,Chevrolet/Cruze,2025-06-02 08:25:00,2025-06-02 17:33:00,0 days 09:08:00,0,1,9.133333333333333,6,8,Monday,Segunda
02/06/2025,09:52,17:35,EDC5R21,Volkswagen/Fox,2025-06-02 09:52:00,2025-06-02 17:35:00,0 days 07:43:00,0,1,7.716666666666667,6,9,Monday,Segunda
02/06/2025,08:40,18:44,RFV6T43,Hyundai/Tucson,2025-06-02 08:40:00,2025-06-02 18:44:00,0 days 10:04:00,0,1,10.066666666666666,6,8,Monday,Segunda
02/06/2025,09:34,18:39,TGB7Y65,Honda/Fit,2025-06-02 09:34:00,2025-06-02 18:39:00,0 days 09:05:00,0,1,9.083333333333334,6,9,Monday,Segunda
02/06/2025,08:02,17:50,YHN8U87,Nissan/March,2025-06-02 08:02:00,2025-06-02 17:50:00,0 days 09:48:00,0,1,9.8,6,8,Monday,Segunda
02/06/2025,09:36,15:32,UJM9I09,Fiat/Palio,2025-06-02 09:36:00,2025-06-02 15:32:00,0 days 05:56:00,0,1,5.933333333333334,6,9,Monday,Segunda
02/06/2025,08:36,15:24,IKL0O21,Renault/Sandero,2025-06-02 08:36:00,2025-06-02 15:24:00,0 days 06:48:00,0,1,6.8,6,8,Monday,Segunda
02/06/2025,08:27,19:24,OLP1P43,Jeep/Renegade,2025-06-02 08:27:00,2025-06-02 19:24:00,0 days 10:57:00,0,1,10.95,6,8,Monday,Segunda
02/06/2025,09:09,15:08,PAS2D65,Peugeot/308,2025-06-02 09:09:00,2025-06-02 15:08:00,0 days 05:59:00,0,1,5.983333333333333,6,9,Monday,Segunda
02/06/2025,08:29,18:45,DFG3S87,Citroen/C4,2025-06-02 08:29:00,2025-06-02 18:45:00,0 days 10:16:00,0,1,10.266666666666667,6,8,Monday,Segunda
02/06/2025,09:29,17:07,SDF4G09,Ford/Focus,2025-06-02 09:29:00,2025-06-02 17:07:00,0 days 07:38:00,0,1,7.633333333333334,6,9,Monday,Segunda
02/06/2025,09:54,16:44,GHG5H21,Kia/Soul,2025-06-02 09:54:00,2025-06-02 16:44:00,0 days 06:50:00,0,1,6.833333333333333,6,9,Monday,Segunda
02/06/2025,09:30,16:55,HJK6J43,Mitsubishi/ASX,2025-06-02 09:30:00,2025-06-02 16:55:00,0 days 07:25:00,0,1,7.416666666666667,6,9,Monday,Segunda
02/06/2025,08:50,18:49,JKL7K65,Suzuki/Swift,2025-06-02 08:50:00,2025-06-02 18:49:00,0 days 09:59:00,0,1,9.983333333333333,6,8,Monday,Segunda
02/06/2025,09:09,19:29,AJC7M65,Chevrolet/Celta,2025-06-02 09:09:00,2025-06-02 19:29:00,0 days 10:20:00,0,1,10.333333333333334,6,9,Monday,Segunda
02/06/2025,08:06,17:28,DEF7L65,Fiat/Uno,2025-06-02 08:06:00,2025-06-02 17:28:00,0 days 09:22:00,0,1,9.366666666666667,6,8,Monday,Segunda
02/06/2025,09:33,15:13,JBL7K65,Ford/Fiesta,2025-06-02 09:33:00,2025-06-02 15:13:00,0 days 05:40:00,0,1,5.666666666666667,6,9,Monday,Segunda
03/06/2025,06:49,17:49,ALC1D23,Toyota/Corolla,2025-06-03 06:49:00,2025-06-03 17:49:00,0 days 11:00:00,0,1,11.0,6,6,Tuesday,Terça
03/06/2025,06:54,18:04,JDL2M45,Chevrolet/Onix,2025-06-03 06:54:00,2025-06-03 18:04:00,0 days 11:10:00,0,1,11.166666666666666,6,6,Tuesday,Terça
03/06/2025,06:10,15:04,QWE3R67,Volkswagen/Polo,2025-06-03 06:10:00,2025-06-03 15:04:00,0 days 08:54:00,0,1,8.9,6,6,Tuesday,Terça
03/06/2025,06:00,17:08,RTY4U89,Hyundai/HB20,2025-06-03 06:00:00,2025-06-03 17:08:00,0 days 11:08:00,0,1,11.133333333333333,6,6,Tuesday,Terça
03/06/2025,06:40,17:15,UIO5P10,Honda/Civic,2025-06-03 06:40:00,2025-06-03 17:15:00,0 days 10:35:00,0,1,10.583333333333334,6,6,Tuesday,Terça
03/06/2025,06:44,15:48,ASD6F32,Nissan/Kicks,2025-06-03 06:44:00,2025-06-03 15:48:00,0 days 09:04:00,0,1,9.066666666666666,6,6,Tuesday,Terça
03/06/2025,06:47,18:35,ZXC7V54,Fiat/Fastback,2025-06-03 06:47:00,2025-06-03 18:35:00,0 days 11:48:00,0,1,11.8,6,6,Tuesday,Terça
03/06/2025,06:10,16:42,VBN8G76,Renault/Kwid,2025-06-03 06:10:00,2025-06-03 16:42:00,0 days 10:32:00,0,1,10.533333333333333,6,6,Tuesday,Terça
03/06/2025,06:29,18:42,MNB9H98,Jeep/Compass,2025-06-03 06:29:00,2025-06-03 18:42:00,0 days 12:13:00,0,1,12.216666666666667,6,6,Tuesday,Terça
03/06/2025,06:52,17:53,POI0J21,Peugeot/208,2025-06-03 06:52:00,2025-06-03 17:53:00,0 days 11:01:00,0,1,11.016666666666667,6,6,Tuesday,Terça
03/06/2025,06:36,15:18,LKM1Z43,Citroen/C3,2025-06-03 06:36:00,2025-06-03 15:18:00,0 days 08:42:00,0,1,8.7,6,6,Tuesday,Terça
03/06/2025,06:26,19:11,HGF2X65,BYD/Dolphin,2025-06-03 06:26:00,2025-06-03 19:11:00,0 days 12:45:00,0,1,12.75,6,6,Tuesday,Terça
03/06/2025,06:02,18:18,QAZ3W87,Toyota/Etios,2025-06-03 06:02:00,2025-06-03 18:18:00,0 days 12:16:00,0,1,12.266666666666667,6,6,Tuesday,Terça
03/06/2025,09:33,16:30,WSX4E09,Chevrolet/Cruze,2025-06-03 09:33:00,2025-06-03 16:30:00,0 days 06:57:00,0,1,6.95,6,9,Tuesday,Terça
03/06/2025,08:56,15:46,EDC5R21,Volkswagen/Fox,2025-06-03 08:56:00,2025-06-03 15:46:00,0 days 06:50:00,0,1,6.833333333333333,6,8,Tuesday,Terça
03/06/2025,08:55,17:31,RFV6T43,Hyundai/Tucson,2025-06-03 08:55:00,2025-06-03 17:31:00,0 days 08:36:00,0,1,8.6,6,8,Tuesday,Terça
03/06/2025,09:20,16:55,TGB7Y65,Honda/Fit,2025-06-03 09:20:00,2025-06-03 16:55:00,0 days 07:35:00,0,1,7.583333333333333,6,9,Tuesday,Terça
03/06/2025,08:37,16:11,YHN8U87,Nissan/March,2025-06-03 08:37:00,2025-06-03 16:11:00,0 days 07:34:00,0,1,7.566666666666666,6,8,Tuesday,Terça
03/06/2025,09:08,19:07,UJM9I09,Fiat/Palio,2025-06-03 09:08:00,2025-06-03 19:07:00,0 days 09:59:00,0,1,9.983333333333333,6,9,Tuesday,Terça
03/06/2025,09:19,17:08,IKL0O21,Renault/Sandero,2025-06-03 09:19:00,2025-06-03 17:08:00,0 days 07:49:00,0,1,7.816666666666666,6,9,Tuesday,Terça
03/06/2025,08:01,19:23,OLP1P43,Jeep/Renegade,2025-06-03 08:01:00,2025-06-03 19:23:00,0 days 11:22:00,0,1,11.366666666666667,6,8,Tuesday,Terça
03/06/2025,08:24,18:14,PAS2D65,Peugeot/308,2025-06-03 08:24:00,2025-06-03 18:14:00,0 days 09:50:00,0,1,9.833333333333334,6,8,Tuesday,Terça
03/06/2025,08:00,17:31,DFG3S87,Citroen/C4,2025-06-03 08:00:00,2025-06-03 17:31:00,0 days 09:31:00,0,1,9.516666666666667,6,8,Tuesday,Terça
03/06/2025,09:45,15:33,SDF4G09,Ford/Focus,2025-06-03 09:45:00,2025-06-03 15:33:00,0 days 05:48:00,0,1,5.8,6,9,Tuesday,Terça
03/06/2025,08:30,18:07,GHG5H21,Kia/Soul,2025-06-03 08:30:00,2025-06-03 18:07:00,0 days 09:37:00,0,1,9.616666666666667,6,8,Tuesday,Terça
03/06/2025,09:54,15:48,HJK6J43,Mitsubishi/ASX,2025-06-03 09:54:00,2025-06-03 15:48:00,0 days 05:54:00,0,1,5.9,6,9,Tuesday,Terça
03/06/2025,10:27,18:37,JKL7K65,Suzuki/Swift,2025-06-03 10:27:00,2025-06-03 18:37:00,0 days 08:10:00,0,1,8.166666666666666,6,10,Tuesday,Terça
03/06/2025,10:44,17:38,AJC7M65,Chevrolet/Celta,2025-06-03 10:44:00,2025-06-03 17:38:00,0 days 06:54:00,0,1,6.9,6,10,Tuesday,Terça
03/06/2025,10:52,16:34,DEF7L65,Fiat/Uno,2025-06-03 10:52:00,2025-06-03 16:34:00,0 days 05:42:00,0,1,5.7,6,10,Tuesday,Terça
03/06/2025,08:38,17:18,JBL7K65,Ford/Fiesta,2025-06-03 08:38:00,2025-06-03 17:18:00,0 days 08:40:00,0,1,8.666666666666666,6,8,Tuesday,Terça
04/06/2025,06:11,18:33,ALC1D23,Toyota/Corolla,2025-06-04 06:11:00,2025-06-04 18:33:00,0 days 12:22:00,0,1,12.366666666666667,6,6,Wednesday,Quarta
04/06/2025,06:58,18:57,JDL2M45,Chevrolet/Onix,2025-06-04 06:58:00,2025-06-04 18:57:00,0 days 11:59:00,0,1,11.983333333333333,6,6,Wednesday,Quarta
04/06/2025,06:24,16:24,QWE3R67,Volkswagen/Polo,2025-06-04 06:24:00,2025-06-04 16:24:00,0 days 10:00:00,0,1,10.0,6,6,Wednesday,Quarta
04/06/2025,06:55,18:46,RTY4U89,Hyundai/HB20,2025-06-04 06:55:00,2025-06-04 18:46:00,0 days 11:51:00,0,1,11.85,6,6,Wednesday,Quarta
04/06/2025,06:43,17:15,UIO5P10,Honda/Civic,2025-06-04 06:43:00,2025-06-04 17:15:00,0 days 10:32:00,0,1,10.533333333333333,6,6,Wednesday,Quarta
04/06/2025,06:38,18:19,ASD6F32,Nissan/Kicks,2025-06-04 06:38:00,2025-06-04 18:19:00,0 days 11:41:00,0,1,11.683333333333334,6,6,Wednesday,Quarta
04/06/2025,06:10,15:44,ZXC7V54,Fiat/Fastback,2025-06-04 06:10:00,2025-06-04 15:44:00,0 days 09:34:00,0,1,9.566666666666666,6,6,Wednesday,Quarta
04/06/2025,06:39,16:25,VBN8G76,Renault/Kwid,2025-06-04 06:39:00,2025-06-04 16:25:00,0 days 09:46:00,0,1,9.766666666666667,6,6,Wednesday,Quarta
04/06/2025,06:02,15:37,MNB9H98,Jeep/Compass,2025-06-04 06:02:00,2025-06-04 15:37:00,0 days 09:35:00,0,1,9.583333333333334,6,6,Wednesday,Quarta
04/06/2025,06:52,16:08,POI0J21,Peugeot/208,2025-06-04 06:52:00,2025-06-04 16:08:00,0 days 09:16:00,0,1,9.266666666666667,6,6,Wednesday,Quarta
04/06/2025,06:14,19:27,LKM1Z43,Citroen/C3,2025-06-04 06:14:00,2025-06-04 19:27:00,0 days 13:13:00,0,1,13.216666666666667,6,6,Wednesday,Quarta
04/06/2025,06:30,18:30,HGF2X65,BYD/Dolphin,2025-06-04 06:30:00,2025-06-04 18:30:00,0 days 12:00:00,0,1,12.0,6,6,Wednesday,Quarta
04/06/2025,06:15,16:56,QAZ3W87,Toyota/Etios,2025-06-04 06:15:00,2025-06-04 16:56:00,0 days 10:41:00,0,1,10.683333333333334,6,6,Wednesday,Quarta
04/06/2025,08:00,19:58,WSX4E09,Chevrolet/Cruze,2025-06-04 08:00:00,2025-06-04 19:58:00,0 days 11:58:00,0,1,11.966666666666667,6,8,Wednesday,Quarta
04/06/2025,09:00,16:39,EDC5R21,Volkswagen/Fox,2025-06-04 09:00:00,2025-06-04 16:39:00,0 days 07:39:00,0,1,7.65,6,9,Wednesday,Quarta
04/06/2025,08:55,15:36,RFV6T43,Hyundai/Tucson,2025-06-04 08:55:00,2025-06-04 15:36:00,0 days 06:41:00,0,1,6.683333333333334,6,8,Wednesday,Quarta
04/06/2025,08:59,17:07,TGB7Y65,Honda/Fit,2025-06-04 08:59:00,2025-06-04 17:07:00,0 days 08:08:00,0,1,8.133333333333333,6,8,Wednesday,Quarta
04/06/2025,08:06,15:31,YHN8U87,Nissan/March,2025-06-04 08:06:00,2025-06-04 15:31:00,0 days 07:25:00,0,1,7.416666666666667,6,8,Wednesday,Quarta
04/06/2025,09:15,19:33,UJM9I09,Fiat/Palio,2025-06-04 09:15:00,2025-06-04 19:33:00,0 days 10:18:00,0,1,10.3,6,9,Wednesday,Quarta
04/06/2025,09:57,18:18,IKL0O21,Renault/Sandero,2025-06-04 09:57:00,2025-06-04 18:18:00,0 days 08:21:00,0,1,8.35,6,9,Wednesday,Quarta
04/06/2025,09:51,17:08,OLP1P43,Jeep/Renegade,2025-06-04 09:51:00,2025-06-04 17:08:00,0 days 07:17:00,0,1,7.283333333333333,6,9,Wednesday,Quarta
04/06/2025,08:36,17:50,PAS2D65,Peugeot/308,2025-06-04 08:36:00,2025-06-04 17:50:00,0 days 09:14:00,0,1,9.233333333333333,6,8,Wednesday,Quarta
04/06/2025,09:49,17:19,DFG3S87,Citroen/C4,2025-06-04 09:49:00,2025-06-04 17:19:00,0 days 07:30:00,0,1,7.5,6,9,Wednesday,Quarta
04/06/2025,09:08,18:13,SDF4G09,Ford/Focus,2025-06-04 09:08:00,2025-06-04 18:13:00,0 days 09:05:00,0,1,9.083333333333334,6,9,Wednesday,Quarta
04/06/2025,09:44,18:24,GHG5H21,Kia/Soul,2025-06-04 09:44:00,2025-06-04 18:24:00,0 days 08:40:00,0,1,8.666666666666666,6,9,Wednesday,Quarta
04/06/2025,08:22,19:26,HJK6J43,Mitsubishi/ASX,2025-06-04 08:22:00,2025-06-04 19:26:00,0 days 11:04:00,0,1,11.066666666666666,6,8,Wednesday,Quarta
04/06/2025,09:31,17:00,JKL7K65,Suzuki/Swift,2025-06-04 09:31:00,2025-06-04 17:00:00,0 days 07:29:00,0,1,7.483333333333333,6,9,Wednesday,Quarta
04/06/2025,08:21,16:26,AJC7M65,Chevrolet/Celta,2025-06-04 08:21:00,2025-06-04 16:26:00,0 days 08:05:00,0,1,8.083333333333334,6,8,Wednesday,Quarta
04/06/2025,10:20,16:21,DEF7L65,Fiat/Uno,2025-06-04 10:20:00,2025-06-04 16:21:00,0 days 06:01:00,0,1,6.016666666666667,6,10,Wednesday,Quarta
04/06/2025,09:37,19:12,JBL7K65,Ford/Fiesta,2025-06-04 09:37:00,2025-06-04 19:12:00,0 days 09:35:00,0,1,9.583333333333334,6,9,Wednesday,Quarta
05/06/2025,06:25,18:42,ALC1D23,Toyota/Corolla,2025-06-05 06:25:00,2025-06-05 18:42:00,0 days 12:17:00,0,1,12.283333333333333,6,6,Thursday,Quinta
05/06/2025,06:38,15:47,JDL2M45,Chevrolet/Onix,2025-06-05 06:38:00,2025-06-05 15:47:00,0 days 09:09:00,0,1,9.15,6,6,Thursday,Quinta
05/06/2025,06:45,17:33,QWE3R67,Volkswagen/Polo,2025-06-05 06:45:00,2025-06-05 17:33:00,0 days 10:48:00,0,1,10.8,6,6,Thursday,Quinta
05/06/2025,06:02,16:08,RTY4U89,Hyundai/HB20,2025-06-05 06:02:00,2025-06-05 16:08:00,0 days 10:06:00,0,1,10.1,6,6,Thursday,Quinta
05/06/2025,06:07,19:07,UIO5P10,Honda/Civic,2025-06-05 06:07:00,2025-06-05 19:07:00,0 days 13:00:00,0,1,13.0,6,6,Thursday,Quinta
05/06/2025,06:41,16:59,ASD6F32,Nissan/Kicks,2025-06-05 06:41:00,2025-06-05 16:59:00,0 days 10:18:00,0,1,10.3,6,6,Thursday,Quinta
05/06/2025,06:36,17:32,ZXC7V54,Fiat/Fastback,2025-06-05 06:36:00,2025-06-05 17:32:00,0 days 10:56:00,0,1,10.933333333333334,6,6,Thursday,Quinta
05/06/2025,06:47,17:37,VBN8G76,Renault/Kwid,2025-06-05 06:47:00,2025-06-05 17:37:00,0 days 10:50:00,0,1,10.833333333333334,6,6,Thursday,Quinta
05/06/2025,06:06,17:55,MNB9H98,Jeep/Compass,2025-06-05 06:06:00,2025-06-05 17:55:00,0 days 11:49:00,0,1,11.816666666666666,6,6,Thursday,Quinta
05/06/2025,06:33,15:55,POI0J21,Peugeot/208,2025-06-05 06:33:00,2025-06-05 15:55:00,0 days 09:22:00,0,1,9.366666666666667,6,6,Thursday,Quinta
05/06/2025,06:56,15:32,LKM1Z43,Citroen/C3,2025-06-05 06:56:00,2025-06-05 15:32:00,0 days 08:36:00,0,1,8.6,6,6,Thursday,Quinta
05/06/2025,06:12,16:45,HGF2X65,BYD/Dolphin,2025-06-05 06:12:00,2025-06-05 16:45:00,0 days 10:33:00,0,1,10.55,6,6,Thursday,Quinta
05/06/2025,06:47,15:51,QAZ3W87,Toyota/Etios,2025-06-05 06:47:00,2025-06-05 15:51:00,0 days 09:04:00,0,1,9.066666666666666,6,6,Thursday,Quinta
05/06/2025,08:16,18:57,WSX4E09,Chevrolet/Cruze,2025-06-05 08:16:00,2025-06-05 18:57:00,0 days 10:41:00,0,1,10.683333333333334,6,8,Thursday,Quinta
05/06/2025,09:24,18:43,EDC5R21,Volkswagen/Fox,2025-06-05 09:24:00,2025-06-05 18:43:00,0 days 09:19:00,0,1,9.316666666666666,6,9,Thursday,Quinta
05/06/2025,09:22,18:57,RFV6T43,Hyundai/Tucson,2025-06-05 09:22:00,2025-06-05 18:57:00,0 days 09:35:00,0,1,9.583333333333334,6,9,Thursday,Quinta
05/06/2025,09:35,17:55,TGB7Y65,Honda/Fit,2025-06-05 09:35:00,2025-06-05 17:55:00,0 days 08:20:00,0,1,8.333333333333334,6,9,Thursday,Quinta
05/06/2025,09:59,18:26,YHN8U87,Nissan/March,2025-06-05 09:59:00,2025-06-05 18:26:00,0 days 08:27:00,0,1,8.45,6,9,Thursday,Quinta
05/06/2025,09:02,18:38,UJM9I09,Fiat/Palio,2025-06-05 09:02:00,2025-06-05 18:38:00,0 days 09:36:00,0,1,9.6,6,9,Thursday,Quinta
05/06/2025,09:47,18:05,IKL0O21,Renault/Sandero,2025-06-05 09:47:00,2025-06-05 18:05:00,0 days 08:18:00,0,1,8.3,6,9,Thursday,Quinta
05/06/2025,09:37,16:22,OLP1P43,Jeep/Renegade,2025-06-05 09:37:00,2025-06-05 16:22:00,0 days 06:45:00,0,1,6.75,6,9,Thursday,Quinta
05/06/2025,08:45,16:09,PAS2D65,Peugeot/308,2025-06-05 08:45:00,2025-06-05 16:09:00,0 days 07:24:00,0,1,7.4,6,8,Thursday,Quinta
05/06/2025,08:32,16:28,DFG3S87,Citroen/C4,2025-06-05 08:32:00,2025-06-05 16:28:00,0 days 07:56:00,0,1,7.933333333333334,6,8,Thursday,Quinta
05/06/2025,09:55,19:26,SDF4G09,Ford/Focus,2025-06-05 09:55:00,2025-06-05 19:26:00,0 days 09:31:00,0,1,9.516666666666667,6,9,Thursday,Quinta
05/06/2025,09:49,19:07,GHG5H21,Kia/Soul,2025-06-05 09:49:00,2025-06-05 19:07:00,0 days 09:18:00,0,1,9.3,6,9,Thursday,Quinta
05/06/2025,09:33,18:40,HJK6J43,Mitsubishi/ASX,2025-06-05 09:33:00,2025-06-05 18:40:00,0 days 09:07:00,0,1,9.116666666666667,6,9,Thursday,Quinta
05/06/2025,09:15,16:03,JKL7K65,Suzuki/Swift,2025-06-05 09:15:00,2025-06-05 16:03:00,0 days 06:48:00,0,1,6.8,6,9,Thursday,Quinta
05/06/2025,10:30,19:23,AJC7M65,Chevrolet/Celta,2025-06-05 10:30:00,2025-06-05 19:23:00,0 days 08:53:00,0,1,8.883333333333333,6,10,Thursday,Quinta
05/06/2025,08:42,19:01,DEF7L65,Fiat/Uno,2025-06-05 08:42:00,2025-06-05 19:01:00,0 days 10:19:00,0,1,10.316666666666666,6,8,Thursday,Quinta
05/06/2025,08:49,19:39,JBL7K65,Ford/Fiesta,2025-06-05 08:49:00,2025-06-05 19:39:00,0 days 10:50:00,0,1,10.833333333333334,6,8,Thursday,Quinta
06/06/2025,06:04,19:31,ALC1D23,Toyota/Corolla,2025-06-06 06:04:00,2025-06-06 19:31:00,0 days 13:27:00,0,1,13.45,6,6,Friday,Sexta
06/06/2025,06:04,17:24,JDL2M45,Chevrolet/Onix,2025-06-06 06:04:00,2025-06-06 17:24:00,0 days 11:20:00,0,1,11.333333333333334,6,6,Friday,Sexta
06/06/2025,06:54,16:16,QWE3R67,Volkswagen/Polo,2025-06-06 06:54:00,2025-06-06 16:16:00,0 days 09:22:00,0,1,9.366666666666667,6,6,Friday,Sexta
06/06/2025,06:05,18:35,RTY4U89,Hyundai/HB20,2025-06-06 06:05:00,2025-06-06 18:35:00,0 days 12:30:00,0,1,12.5,6,6,Friday,Sexta
06/06/2025,06:25,15:46,UIO5P10,Honda/Civic,2025-06-06 06:25:00,2025-06-06 15:46:00,0 days 09:21:00,0,1,9.35,6,6,Friday,Sexta
06/06/2025,06:44,16:22,ASD6F32,Nissan/Kicks,2025-06-06 06:44:00,2025-06-06 16:22:00,0 days 09:38:00,0,1,9.633333333333333,6,6,Friday,Sexta
06/06/2025,06:31,15:01,ZXC7V54,Fiat/Fastback,2025-06-06 06:31:00,2025-06-06 15:01:00,0 days 08:30:00,0,1,8.5,6,6,Friday,Sexta
06/06/2025,06:41,15:33,VBN8G76,Renault/Kwid,2025-06-06 06:41:00,2025-06-06 15:33:00,0 days 08:52:00,0,1,8.866666666666667,6,6,Friday,Sexta
06/06/2025,06:35,19:50,MNB9H98,Jeep/Compass,2025-06-06 06:35:00,2025-06-06 19:50:00,0 days 13:15:00,0,1,13.25,6,6,Friday,Sexta
06/06/2025,06:36,17:22,POI0J21,Peugeot/208,2025-06-06 06:36:00,2025-06-06 17:22:00,0 days 10:46:00,0,1,10.766666666666667,6,6,Friday,Sexta
06/06/2025,06:19,15:23,LKM1Z43,Citroen/C3,2025-06-06 06:19:00,2025-06-06 15:23:00,0 days 09:04:00,0,1,9.066666666666666,6,6,Friday,Sexta
06/06/2025,06:22,16:40,HGF2X65,BYD/Dolphin,2025-06-06 06:22:00,2025-06-06 16:40:00,0 days 10:18:00,0,1,10.3,6,6,Friday,Sexta
06/06/2025,06:03,15:17,QAZ3W87,Toyota/Etios,2025-06-06 06:03:00,2025-06-06 15:17:00,0 days 09:14:00,0,1,9.233333333333333,6,6,Friday,Sexta
06/06/2025,08:43,18:13,WSX4E09,Chevrolet/Cruze,2025-06-06 08:43:00,2025-06-06 18:13:00,0 days 09:30:00,0,1,9.5,6,8,Friday,Sexta
06/06/2025,09:14,19:02,EDC5R21,Volkswagen/Fox,2025-06-06 09:14:00,2025-06-06 19:02:00,0 days 09:48:00,0,1,9.8,6,9,Friday,Sexta
06/06/2025,09:52,17:36,RFV6T43,Hyundai/Tucson,2025-06-06 09:52:00,2025-06-06 17:36:00,0 days 07:44:00,0,1,7.733333333333333,6,9,Friday,Sexta
06/06/2025,08:34,19:21,TGB7Y65,Honda/Fit,2025-06-06 08:34:00,2025-06-06 19:21:00,0 days 10:47:00,0,1,10.783333333333333,6,8,Friday,Sexta
06/06/2025,09:55,15:40,YHN8U87,Nissan/March,2025-06-06 09:55:00,2025-06-06 15:40:00,0 days 05:45:00,0,1,5.75,6,9,Friday,Sexta
06/06/2025,09:23,19:34,UJM9I09,Fiat/Palio,2025-06-06 09:23:00,2025-06-06 19:34:00,0 days 10:11:00,0,1,10.183333333333334,6,9,Friday,Sexta
06/06/2025,08:37,18:08,IKL0O21,Renault/Sandero,2025-06-06 08:37:00,2025-06-06 18:08:00,0 days 09:31:00,0,1,9.516666666666667,6,8,Friday,Sexta
06/06/2025,09:46,17:15,OLP1P43,Jeep/Renegade,2025-06-06 09:46:00,2025-06-06 17:15:00,0 days 07:29:00,0,1,7.483333333333333,6,9,Friday,Sexta
06/06/2025,09:57,15:55,PAS2D65,Peugeot/308,2025-06-06 09:57:00,2025-06-06 15:55:00,0 days 05:58:00,0,1,5.966666666666667,6,9,Friday,Sexta
06/06/2025,08:28,15:08,DFG3S87,Citroen/C4,2025-06-06 08:28:00,2025-06-06 15:08:00,0 days 06:40:00,0,1,6.666666666666667,6,8,Friday,Sexta
06/06/2025,08:33,17:42,SDF4G09,Ford/Focus,2025-06-06 08:33:00,2025-06-06 17:42:00,0 days 09:09:00,0,1,9.15,6,8,Friday,Sexta
06/06/2025,09:35,17:14,GHG5H21,Kia/Soul,2025-06-06 09:35:00,2025-06-06 17:14:00,0 days 07:39:00,0,1,7.65,6,9,Friday,Sexta
06/06/2025,08:32,18:46,HJK6J43,Mitsubishi/ASX,2025-06-06 08:32:00,2025-06-06 18:46:00,0 days 10:14:00,0,1,10.233333333333333,6,8,Friday,Sexta
06/06/2025,09:55,16:38,JKL7K65,Suzuki/Swift,2025-06-06 09:55:00,2025-06-06 16:38:00,0 days 06:43:00,0,1,6.716666666666667,6,9,Friday,Sexta
06/06/2025,10:40,19:40,AJC7M65,Chevrolet/Celta,2025-06-06 10:40:00,2025-06-06 19:40:00,0 days 09:00:00,0,1,9.0,6,10,Friday,Sexta
06/06/2025,09:19,16:25,DEF7L65,Fiat/Uno,2025-06-06 09:19:00,2025-06-06 16:25:00,0 days 07:06:00,0,1,7.1,6,9,Friday,Sexta
06/06/2025,09:50,17:15,JBL7K65,Ford/Fiesta,2025-06-06 09:50:00,2025-06-06 17:15:00,0 days 07:25:00,0,1,7.416666666666667,6,9,Friday,Sexta
07/06/2025,08:10,16:14,WSX4E09,Chevrolet/Cruze,2025-06-07 08:10:00,2025-06-07 16:14:00,0 days 08:04:00,0,1,8.066666666666666,6,8,Saturday,Sábado
07/06/2025,08:28,15:36,EDC5R21,Volkswagen/Fox,2025-06-07 08:28:00,2025-06-07 15:36:00,0 days 07:08:00,0,1,7.133333333333334,6,8,Saturday,Sábado
07/06/2025,09:20,18:21,RFV6T43,Hyundai/Tucson,2025-06-07 09:20:00,2025-06-07 18:21:00,0 days 09:01:00,0,1,9.016666666666667,6,9,Saturday,Sábado
07/06/2025,08:51,17:20,TGB7Y65,Honda/Fit,2025-06-07 08:51:00,2025-06-07 17:20:00,0 days 08:29:00,0,1,8.483333333333333,6,8,Saturday,Sábado
07/06/2025,08:42,17:46,UJM9I09,Fiat/Palio,2025-06-07 08:42:00,2025-06-07 17:46:00,0 days 09:04:00,0,1,9.066666666666666,6,8,Saturday,Sábado
07/06/2025,09:58,17:32,IKL0O21,Renault/Sandero,2025-06-07 09:58:00,2025-06-07 17:32:00,0 days 07:34:00,0,1,7.566666666666666,6,9,Saturday,Sábado
07/06/2025,09:28,16:49,PAS2D65,Peugeot/308,2025-06-07 09:28:00,2025-06-07 16:49:00,0 days 07:21:00,0,1,7.35,6,9,Saturday,Sábado
07/06/2025,08:33,18:13,DFG3S87,Citroen/C4,2025-06-07 08:33:00,2025-06-07 18:13:00,0 days 09:40:00,0,1,9.666666666666666,6,8,Saturday,Sábado
07/06/2025,08:55,19:14,HJK6J43,Mitsubishi/ASX,2025-06-07 08:55:00,2025-06-07 19:14:00,0 days 10:19:00,0,1,10.316666666666666,6,8,Saturday,Sábado
09/06/2025,06:11,18:37,ALC1D23,Toyota/Corolla,2025-06-09 06:11:00,2025-06-09 18:37:00,0 days 12:26:00,0,1,12.433333333333334,6,6,Monday,Segunda
09/06/2025,06:25,19:54,JDL2M45,Chevrolet/Onix,2025-06-09 06:25:00,2025-06-09 19:54:00,0 days 13:29:00,0,1,13.483333333333333,6,6,Monday,Segunda
09/06/2025,06:24,18:05,QWE3R67,Volkswagen/Polo,2025-06-09 06:24:00,2025-06-09 18:05:00,0 days 11:41:00,0,1,11.683333333333334,6,6,Monday,Segunda
09/06/2025,06:15,19:15,RTY4U89,Hyundai/HB20,2025-06-09 06:15:00,2025-06-09 19:15:00,0 days 13:00:00,0,1,13.0,6,6,Monday,Segunda
09/06/2025,06:05,15:28,UIO5P10,Honda/Civic,2025-06-09 06:05:00,2025-06-09 15:28:00,0 days 09:23:00,0,1,9.383333333333333,6,6,Monday,Segunda
09/06/2025,06:41,18:43,ASD6F32,Nissan/Kicks,2025-06-09 06:41:00,2025-06-09 18:43:00,0 days 12:02:00,0,1,12.033333333333333,6,6,Monday,Segunda
09/06/2025,06:20,19:17,ZXC7V54,Fiat/Fastback,2025-06-09 06:20:00,2025-06-09 19:17:00,0 days 12:57:00,0,1,12.95,6,6,Monday,Segunda
09/06/2025,06:15,19:45,VBN8G76,Renault/Kwid,2025-06-09 06:15:00,2025-06-09 19:45:00,0 days 13:30:00,0,1,13.5,6,6,Monday,Segunda
09/06/2025,06:10,18:40,MNB9H98,Jeep/Compass,2025-06-09 06:10:00,2025-06-09 18:40:00,0 days 12:30:00,0,1,12.5,6,6,Monday,Segunda
09/06/2025,06:29,16:52,POI0J21,Peugeot/208,2025-06-09 06:29:00,2025-06-09 16:52:00,0 days 10:23:00,0,1,10.383333333333333,6,6,Monday,Segunda
09/06/2025,06:14,17:00,LKM1Z43,Citroen/C3,2025-06-09 06:14:00,2025-06-09 17:00:00,0 days 10:46:00,0,1,10.766666666666667,6,6,Monday,Segunda
09/06/2025,06:26,17:41,HGF2X65,BYD/Dolphin,2025-06-09 06:26:00,2025-06-09 17:41:00,0 days 11:15:00,0,1,11.25,6,6,Monday,Segunda
09/06/2025,06:43,17:16,QAZ3W87,Toyota/Etios,2025-06-09 06:43:00,2025-06-09 17:16:00,0 days 10:33:00,0,1,10.55,6,6,Monday,Segunda
09/06/2025,08:00,16:13,WSX4E09,Chevrolet/Cruze,2025-06-09 08:00:00,2025-06-09 16:13:00,0 days 08:13:00,0,1,8.216666666666667,6,8,Monday,Segunda
09/06/2025,08:31,17:35,EDC5R21,Volkswagen/Fox,2025-06-09 08:31:00,2025-06-09 17:35:00,0 days 09:04:00,0,1,9.066666666666666,6,8,Monday,Segunda
09/06/2025,08:57,16:36,RFV6T43,Hyundai/Tucson,2025-06-09 08:57:00,2025-06-09 16:36:00,0 days 07:39:00,0,1,7.65,6,8,Monday,Segunda
09/06/2025,08:09,15:31,TGB7Y65,Honda/Fit,2025-06-09 08:09:00,2025-06-09 15:31:00,0 days 07:22:00,0,1,7.366666666666666,6,8,Monday,Segunda
09/06/2025,09:03,16:27,YHN8U87,Nissan/March,2025-06-09 09:03:00,2025-06-09 16:27:00,0 days 07:24:00,0,1,7.4,6,9,Monday,Segunda
09/06/2025,09:32,17:44,UJM9I09,Fiat/Palio,2025-06-09 09:32:00,2025-06-09 17:44:00,0 days 08:12:00,0,1,8.2,6,9,Monday,Segunda
09/06/2025,08:13,19:41,IKL0O21,Renault/Sandero,2025-06-09 08:13:00,2025-06-09 19:41:00,0 days 11:28:00,0,1,11.466666666666667,6,8,Monday,Segunda
09/06/2025,08:32,16:00,OLP1P43,Jeep/Renegade,2025-06-09 08:32:00,2025-06-09 16:00:00,0 days 07:28:00,0,1,7.466666666666667,6,8,Monday,Segunda
09/06/2025,08:16,19:44,PAS2D65,Peugeot/308,2025-06-09 08:16:00,2025-06-09 19:44:00,0 days 11:28:00,0,1,11.466666666666667,6,8,Monday,Segunda
09/06/2025,08:01,18:03,DFG3S87,Citroen/C4,2025-06-09 08:01:00,2025-06-09 18:03:00,0 days 10:02:00,0,1,10.033333333333333,6,8,Monday,Segunda
09/06/2025,09:30,18:29,SDF4G09,Ford/Focus,2025-06-09 09:30:00,2025-06-09 18:29:00,0 days 08:59:00,0,1,8.983333333333333,6,9,Monday,Segunda
09/06/2025,08:03,19:17,GHG5H21,Kia/Soul,2025-06-09 08:03:00,2025-06-09 19:17:00,0 days 11:14:00,0,1,11.233333333333333,6,8,Monday,Segunda
09/06/2025,08:16,19:43,HJK6J43,Mitsubishi/ASX,2025-06-09 08:16:00,2025-06-09 19:43:00,0 days 11:27:00,0,1,11.45,6,8,Monday,Segunda
09/06/2025,09:19,18:24,JKL7K65,Suzuki/Swift,2025-06-09 09:19:00,2025-06-09 18:24:00,0 days 09:05:00,0,1,9.083333333333334,6,9,Monday,Segunda
09/06/2025,10:09,19:42,AJC7M65,Chevrolet/Celta,2025-06-09 10:09:00,2025-06-09 19:42:00,0 days 09:33:00,0,1,9.55,6,10,Monday,Segunda
09/06/2025,09:02,17:45,DEF7L65,Fiat/Uno,2025-06-09 09:02:00,2025-06-09 17:45:00,0 days 08:43:00,0,1,8.716666666666667,6,9,Monday,Segunda
09/06/2025,08:12,19:03,JBL7K65,Ford/Fiesta,2025-06-09 08:12:00,2025-06-09 19:03:00,0 days 10:51:00,0,1,10.85,6,8,Monday,Segunda
10/06/2025,06:59,18:02,ALC1D23,Toyota/Corolla,2025-06-10 06:59:00,2025-06-10 18:02:00,0 days 11:03:00,0,1,11.05,6,6,Tuesday,Terça
10/06/2025,06:50,15:47,JDL2M45,Chevrolet/Onix,2025-06-10 06:50:00,2025-06-10 15:47:00,0 days 08:57:00,0,1,8.95,6,6,Tuesday,Terça
10/06/2025,06:24,15:06,QWE3R67,Volkswagen/Polo,2025-06-10 06:24:00,2025-06-10 15:06:00,0 days 08:42:00,0,1,8.7,6,6,Tuesday,Terça
10/06/2025,06:23,16:17,RTY4U89,Hyundai/HB20,2025-06-10 06:23:00,2025-06-10 16:17:00,0 days 09:54:00,0,1,9.9,6,6,Tuesday,Terça
10/06/2025,06:54,16:50,UIO5P10,Honda/Civic,2025-06-10 06:54:00,2025-06-10 16:50:00,0 days 09:56:00,0,1,9.933333333333334,6,6,Tuesday,Terça
10/06/2025,06:48,19:05,ASD6F32,Nissan/Kicks,2025-06-10 06:48:00,2025-06-10 19:05:00,0 days 12:17:00,0,1,12.283333333333333,6,6,Tuesday,Terça
10/06/2025,06:13,15:05,ZXC7V54,Fiat/Fastback,2025-06-10 06:13:00,2025-06-10 15:05:00,0 days 08:52:00,0,1,8.866666666666667,6,6,Tuesday,Terça
10/06/2025,06:24,15:36,VBN8G76,Renault/Kwid,2025-06-10 06:24:00,2025-06-10 15:36:00,0 days 09:12:00,0,1,9.2,6,6,Tuesday,Terça
10/06/2025,06:24,17:25,MNB9H98,Jeep/Compass,2025-06-10 06:24:00,2025-06-10 17:25:00,0 days 11:01:00,0,1,11.016666666666667,6,6,Tuesday,Terça
10/06/2025,06:19,16:10,POI0J21,Peugeot/208,2025-06-10 06:19:00,2025-06-10 16:10:00,0 days 09:51:00,0,1,9.85,6,6,Tuesday,Terça
10/06/2025,06:23,15:22,LKM1Z43,Citroen/C3,2025-06-10 06:23:00,2025-06-10 15:22:00,0 days 08:59:00,0,1,8.983333333333333,6,6,Tuesday,Terça
10/06/2025,06:54,15:34,HGF2X65,BYD/Dolphin,2025-06-10 06:54:00,2025-06-10 15:34:00,0 days 08:40:00,0,1,8.666666666666666,6,6,Tuesday,Terça
10/06/2025,06:29,15:15,QAZ3W87,Toyota/Etios,2025-06-10 06:29:00,2025-06-10 15:15:00,0 days 08:46:00,0,1,8.766666666666667,6,6,Tuesday,Terça
10/06/2025,08:21,19:59,WSX4E09,Chevrolet/Cruze,2025-06-10 08:21:00,2025-06-10 19:59:00,0 days 11:38:00,0,1,11.633333333333333,6,8,Tuesday,Terça
10/06/2025,09:09,16:37,EDC5R21,Volkswagen/Fox,2025-06-10 09:09:00,2025-06-10 16:37:00,0 days 07:28:00,0,1,7.466666666666667,6,9,Tuesday,Terça
10/06/2025,08:04,15:55,RFV6T43,Hyundai/Tucson,2025-06-10 08:04:00,2025-06-10 15:55:00,0 days 07:51:00,0,1,7.85,6,8,Tuesday,Terça
10/06/2025,08:26,19:28,TGB7Y65,Honda/Fit,2025-06-10 08:26:00,2025-06-10 19:28:00,0 days 11:02:00,0,1,11.033333333333333,6,8,Tuesday,Terça
10/06/2025,08:48,17:19,YHN8U87,Nissan/March,2025-06-10 08:48:00,2025-06-10 17:19:00,0 days 08:31:00,0,1,8.516666666666667,6,8,Tuesday,Terça
10/06/2025,08:05,18:17,UJM9I09,Fiat/Palio,2025-06-10 08:05:00,2025-06-10 18:17:00,0 days 10:12:00,0,1,10.2,6,8,Tuesday,Terça
10/06/2025,08:37,18:53,IKL0O21,Renault/Sandero,2025-06-10 08:37:00,2025-06-10 18:53:00,0 days 10:16:00,0,1,10.266666666666667,6,8,Tuesday,Terça
10/06/2025,09:38,17:09,OLP1P43,Jeep/Renegade,2025-06-10 09:38:00,2025-06-10 17:09:00,0 days 07:31:00,0,1,7.516666666666667,6,9,Tuesday,Terça
10/06/2025,09:08,19:12,PAS2D65,Peugeot/308,2025-06-10 09:08:00,2025-06-10 19:12:00,0 days 10:04:00,0,1,10.066666666666666,6,9,Tuesday,Terça
10/06/2025,09:15,16:24,DFG3S87,Citroen/C4,2025-06-10 09:15:00,2025-06-10 16:24:00,0 days 07:09:00,0,1,7.15,6,9,Tuesday,Terça
10/06/2025,09:59,15:37,SDF4G09,Ford/Focus,2025-06-10 09:59:00,2025-06-10 15:37:00,0 days 05:38:00,0,1,5.633333333333334,6,9,Tuesday,Terça
10/06/2025,09:58,15:18,GHG5H21,Kia/Soul,2025-06-10 09:58:00,2025-06-10 15:18:00,0 days 05:20:00,0,1,5.333333333333333,6,9,Tuesday,Terça
10/06/2025,08:07,19:55,HJK6J43,Mitsubishi/ASX,2025-06-10 08:07:00,2025-06-10 19:55:00,0 days 11:48:00,0,1,11.8,6,8,Tuesday,Terça
10/06/2025,10:51,19:00,JKL7K65,Suzuki/Swift,2025-06-10 10:51:00,2025-06-10 19:00:00,0 days 08:09:00,0,1,8.15,6,10,Tuesday,Terça
10/06/2025,10:24,18:31,AJC7M65,Chevrolet/Celta,2025-06-10 10:24:00,2025-06-10 18:31:00,0 days 08:07:00,0,1,8.116666666666667,6,10,Tuesday,Terça
10/06/2025,08:04,17:02,DEF7L65,Fiat/Uno,2025-06-10 08:04:00,2025-06-10 17:02:00,0 days 08:58:00,0,1,8.966666666666667,6,8,Tuesday,Terça
10/06/2025,10:10,17:21,JBL7K65,Ford/Fiesta,2025-06-10 10:10:00,2025-06-10 17:21:00,0 days 07:11:00,0,1,7.183333333333334,6,10,Tuesday,Terça
11/06/2025,06:15,19:30,ALC1D23,Toyota/Corolla,2025-06-11 06:15:00,2025-06-11 19:30:00,0 days 13:15:00,0,1,13.25,6,6,Wednesday,Quarta
11/06/2025,06:43,15:01,JDL2M45,Chevrolet/Onix,2025-06-11 06:43:00,2025-06-11 15:01:00,0 days 08:18:00,0,1,8.3,6,6,Wednesday,Quarta
11/06/2025,06:38,16:58,QWE3R67,Volkswagen/Polo,2025-06-11 06:38:00,2025-06-11 16:58:00,0 days 10:20:00,0,1,10.333333333333334,6,6,Wednesday,Quarta
11/06/2025,06:56,17:21,RTY4U89,Hyundai/HB20,2025-06-11 06:56:00,2025-06-11 17:21:00,0 days 10:25:00,0,1,10.416666666666666,6,6,Wednesday,Quarta
11/06/2025,06:21,17:07,UIO5P10,Honda/Civic,2025-06-11 06:21:00,2025-06-11 17:07:00,0 days 10:46:00,0,1,10.766666666666667,6,6,Wednesday,Quarta
11/06/2025,06:16,16:39,ASD6F32,Nissan/Kicks,2025-06-11 06:16:00,2025-06-11 16:39:00,0 days 10:23:00,0,1,10.383333333333333,6,6,Wednesday,Quarta
11/06/2025,06:05,18:31,ZXC7V54,Fiat/Fastback,2025-06-11 06:05:00,2025-06-11 18:31:00,0 days 12:26:00,0,1,12.433333333333334,6,6,Wednesday,Quarta
11/06/2025,06:51,18:42,VBN8G76,Renault/Kwid,2025-06-11 06:51:00,2025-06-11 18:42:00,0 days 11:51:00,0,1,11.85,6,6,Wednesday,Quarta
11/06/2025,06:26,19:10,MNB9H98,Jeep/Compass,2025-06-11 06:26:00,2025-06-11 19:10:00,0 days 12:44:00,0,1,12.733333333333333,6,6,Wednesday,Quarta
11/06/2025,06:16,18:51,POI0J21,Peugeot/208,2025-06-11 06:16:00,2025-06-11 18:51:00,0 days 12:35:00,0,1,12.583333333333334,6,6,Wednesday,Quarta
11/06/2025,06:52,15:18,LKM1Z43,Citroen/C3,2025-06-11 06:52:00,2025-06-11 15:18:00,0 days 08:26:00,0,1,8.433333333333334,6,6,Wednesday,Quarta
11/06/2025,06:52,15:08,HGF2X65,BYD/Dolphin,2025-06-11 06:52:00,2025-06-11 15:08:00,0 days 08:16:00,0,1,8.266666666666667,6,6,Wednesday,Quarta
11/06/2025,06:24,19:00,QAZ3W87,Toyota/Etios,2025-06-11 06:24:00,2025-06-11 19:00:00,0 days 12:36:00,0,1,12.6,6,6,Wednesday,Quarta
11/06/2025,09:10,19:27,WSX4E09,Chevrolet/Cruze,2025-06-11 09:10:00,2025-06-11 19:27:00,0 days 10:17:00,0,1,10.283333333333333,6,9,Wednesday,Quarta
11/06/2025,09:21,17:29,EDC5R21,Volkswagen/Fox,2025-06-11 09:21:00,2025-06-11 17:29:00,0 days 08:08:00,0,1,8.133333333333333,6,9,Wednesday,Quarta
11/06/2025,09:22,17:16,RFV6T43,Hyundai/Tucson,2025-06-11 09:22:00,2025-06-11 17:16:00,0 days 07:54:00,0,1,7.9,6,9,Wednesday,Quarta
11/06/2025,08:55,16:57,TGB7Y65,Honda/Fit,2025-06-11 08:55:00,2025-06-11 16:57:00,0 days 08:02:00,0,1,8.033333333333333,6,8,Wednesday,Quarta
11/06/2025,09:06,15:27,YHN8U87,Nissan/March,2025-06-11 09:06:00,2025-06-11 15:27:00,0 days 06:21:00,0,1,6.35,6,9,Wednesday,Quarta
11/06/2025,09:44,19:03,UJM9I09,Fiat/Palio,2025-06-11 09:44:00,2025-06-11 19:03:00,0 days 09:19:00,0,1,9.316666666666666,6,9,Wednesday,Quarta
11/06/2025,09:13,18:38,IKL0O21,Renault/Sandero,2025-06-11 09:13:00,2025-06-11 18:38:00,0 days 09:25:00,0,1,9.416666666666666,6,9,Wednesday,Quarta
11/06/2025,09:43,15:35,OLP1P43,Jeep/Renegade,2025-06-11 09:43:00,2025-06-11 15:35:00,0 days 05:52:00,0,1,5.866666666666666,6,9,Wednesday,Quarta
11/06/2025,08:33,15:01,PAS2D65,Peugeot/308,2025-06-11 08:33:00,2025-06-11 15:01:00,0 days 06:28:00,0,1,6.466666666666667,6,8,Wednesday,Quarta
11/06/2025,08:24,15:15,DFG3S87,Citroen/C4,2025-06-11 08:24:00,2025-06-11 15:15:00,0 days 06:51:00,0,1,6.85,6,8,Wednesday,Quarta
11/06/2025,09:54,17:49,SDF4G09,Ford/Focus,2025-06-11 09:54:00,2025-06-11 17:49:00,0 days 07:55:00,0,1,7.916666666666667,6,9,Wednesday,Quarta
11/06/2025,09:17,15:54,GHG5H21,Kia/Soul,2025-06-11 09:17:00,2025-06-11 15:54:00,0 days 06:37:00,0,1,6.616666666666666,6,9,Wednesday,Quarta
11/06/2025,09:35,17:37,HJK6J43,Mitsubishi/ASX,2025-06-11 09:35:00,2025-06-11 17:37:00,0 days 08:02:00,0,1,8.033333333333333,6,9,Wednesday,Quarta
11/06/2025,09:57,19:18,JKL7K65,Suzuki/Swift,2025-06-11 09:57:00,2025-06-11 19:18:00,0 days 09:21:00,0,1,9.35,6,9,Wednesday,Quarta
11/06/2025,10:50,15:28,AJC7M65,Chevrolet/Celta,2025-06-11 10:50:00,2025-06-11 15:28:00,0 days 04:38:00,0,1,4.633333333333334,6,10,Wednesday,Quarta
11/06/2025,09:27,18:39,DEF7L65,Fiat/Uno,2025-06-11 09:27:00,2025-06-11 18:39:00,0 days 09:12:00,0,1,9.2,6,9,Wednesday,Quarta
11/06/2025,08:44,18:55,JBL7K65,Ford/Fiesta,2025-06-11 08:44:00,2025-06-11 18:55:00,0 days 10:11:00,0,1,10.183333333333334,6,8,Wednesday,Quarta
12/06/2025,06:05,17:01,ALC1D23,Toyota/Corolla,2025-06-12 06:05:00,2025-06-12 17:01:00,0 days 10:56:00,0,1,10.933333333333334,6,6,Thursday,Quinta
12/06/2025,06:17,16:53,JDL2M45,Chevrolet/Onix,2025-06-12 06:17:00,2025-06-12 16:53:00,0 days 10:36:00,0,1,10.6,6,6,Thursday,Quinta
12/06/2025,06:54,15:38,QWE3R67,Volkswagen/Polo,2025-06-12 06:54:00,2025-06-12 15:38:00,0 days 08:44:00,0,1,8.733333333333333,6,6,Thursday,Quinta
12/06/2025,06:33,15:11,RTY4U89,Hyundai/HB20,2025-06-12 06:33:00,2025-06-12 15:11:00,0 days 08:38:00,0,1,8.633333333333333,6,6,Thursday,Quinta
12/06/2025,06:10,15:56,UIO5P10,Honda/Civic,2025-06-12 06:10:00,2025-06-12 15:56:00,0 days 09:46:00,0,1,9.766666666666667,6,6,Thursday,Quinta
12/06/2025,06:18,19:28,ASD6F32,Nissan/Kicks,2025-06-12 06:18:00,2025-06-12 19:28:00,0 days 13:10:00,0,1,13.166666666666666,6,6,Thursday,Quinta
12/06/2025,06:17,15:32,ZXC7V54,Fiat/Fastback,2025-06-12 06:17:00,2025-06-12 15:32:00,0 days 09:15:00,0,1,9.25,6,6,Thursday,Quinta
12/06/2025,06:32,18:52,VBN8G76,Renault/Kwid,2025-06-12 06:32:00,2025-06-12 18:52:00,0 days 12:20:00,0,1,12.333333333333334,6,6,Thursday,Quinta
12/06/2025,06:10,19:41,MNB9H98,Jeep/Compass,2025-06-12 06:10:00,2025-06-12 19:41:00,0 days 13:31:00,0,1,13.516666666666667,6,6,Thursday,Quinta
12/06/2025,06:33,18:13,POI0J21,Peugeot/208,2025-06-12 06:33:00,2025-06-12 18:13:00,0 days 11:40:00,0,1,11.666666666666666,6,6,Thursday,Quinta
12/06/2025,06:04,16:49,LKM1Z43,Citroen/C3,2025-06-12 06:04:00,2025-06-12 16:49:00,0 days 10:45:00,0,1,10.75,6,6,Thursday,Quinta
12/06/2025,06:28,17:31,HGF2X65,BYD/Dolphin,2025-06-12 06:28:00,2025-06-12 17:31:00,0 days 11:03:00,0,1,11.05,6,6,Thursday,Quinta
12/06/2025,06:50,17:51,QAZ3W87,Toyota/Etios,2025-06-12 06:50:00,2025-06-12 17:51:00,0 days 11:01:00,0,1,11.016666666666667,6,6,Thursday,Quinta
12/06/2025,08:42,15:16,WSX4E09,Chevrolet/Cruze,2025-06-12 08:42:00,2025-06-12 15:16:00,0 days 06:34:00,0,1,6.566666666666666,6,8,Thursday,Quinta
12/06/2025,09:36,17:20,EDC5R21,Volkswagen/Fox,2025-06-12 09:36:00,2025-06-12 17:20:00,0 days 07:44:00,0,1,7.733333333333333,6,9,Thursday,Quinta
12/06/2025,09:00,17:07,RFV6T43,Hyundai/Tucson,2025-06-12 09:00:00,2025-06-12 17:07:00,0 days 08:07:00,0,1,8.116666666666667,6,9,Thursday,Quinta
12/06/2025,09:08,19:58,TGB7Y65,Honda/Fit,2025-06-12 09:08:00,2025-06-12 19:58:00,0 days 10:50:00,0,1,10.833333333333334,6,9,Thursday,Quinta
12/06/2025,09:00,19:16,YHN8U87,Nissan/March,2025-06-12 09:00:00,2025-06-12 19:16:00,0 days 10:16:00,0,1,10.266666666666667,6,9,Thursday,Quinta
12/06/2025,08:08,15:56,UJM9I09,Fiat/Palio,2025-06-12 08:08:00,2025-06-12 15:56:00,0 days 07:48:00,0,1,7.8,6,8,Thursday,Quinta
12/06/2025,08:08,15:43,IKL0O21,Renault/Sandero,2025-06-12 08:08:00,2025-06-12 15:43:00,0 days 07:35:00,0,1,7.583333333333333,6,8,Thursday,Quinta
12/06/2025,08:59,17:11,OLP1P43,Jeep/Renegade,2025-06-12 08:59:00,2025-06-12 17:11:00,0 days 08:12:00,0,1,8.2,6,8,Thursday,Quinta
12/06/2025,08:17,17:06,PAS2D65,Peugeot/308,2025-06-12 08:17:00,2025-06-12 17:06:00,0 days 08:49:00,0,1,8.816666666666666,6,8,Thursday,Quinta
12/06/2025,09:15,18:37,DFG3S87,Citroen/C4,2025-06-12 09:15:00,2025-06-12 18:37:00,0 days 09:22:00,0,1,9.366666666666667,6,9,Thursday,Quinta
12/06/2025,08:24,15:39,SDF4G09,Ford/Focus,2025-06-12 08:24:00,2025-06-12 15:39:00,0 days 07:15:00,0,1,7.25,6,8,Thursday,Quinta
12/06/2025,08:22,15:30,GHG5H21,Kia/Soul,2025-06-12 08:22:00,2025-06-12 15:30:00,0 days 07:08:00,0,1,7.133333333333334,6,8,Thursday,Quinta
12/06/2025,08:32,19:18,HJK6J43,Mitsubishi/ASX,2025-06-12 08:32:00,2025-06-12 19:18:00,0 days 10:46:00,0,1,10.766666666666667,6,8,Thursday,Quinta
12/06/2025,09:03,18:40,JKL7K65,Suzuki/Swift,2025-06-12 09:03:00,2025-06-12 18:40:00,0 days 09:37:00,0,1,9.616666666666667,6,9,Thursday,Quinta
12/06/2025,10:57,17:24,AJC7M65,Chevrolet/Celta,2025-06-12 10:57:00,2025-06-12 17:24:00,0 days 06:27:00,0,1,6.45,6,10,Thursday,Quinta
12/06/2025,10:32,16:15,DEF7L65,Fiat/Uno,2025-06-12 10:32:00,2025-06-12 16:15:00,0 days 05:43:00,0,1,5.716666666666667,6,10,Thursday,Quinta
12/06/2025,09:00,19:22,JBL7K65,Ford/Fiesta,2025-06-12 09:00:00,2025-06-12 19:22:00,0 days 10:22:00,0,1,10.366666666666667,6,9,Thursday,Quinta
13/06/2025,06:00,15:18,ALC1D23,Toyota/Corolla,2025-06-13 06:00:00,2025-06-13 15:18:00,0 days 09:18:00,0,1,9.3,6,6,Friday,Sexta
13/06/2025,06:31,19:00,JDL2M45,Chevrolet/Onix,2025-06-13 06:31:00,2025-06-13 19:00:00,0 days 12:29:00,0,1,12.483333333333333,6,6,Friday,Sexta
13/06/2025,06:11,15:19,QWE3R67,Volkswagen/Polo,2025-06-13 06:11:00,2025-06-13 15:19:00,0 days 09:08:00,0,1,9.133333333333333,6,6,Friday,Sexta
13/06/2025,06:23,18:48,RTY4U89,Hyundai/HB20,2025-06-13 06:23:00,2025-06-13 18:48:00,0 days 12:25:00,0,1,12.416666666666666,6,6,Friday,Sexta
13/06/2025,06:58,17:33,UIO5P10,Honda/Civic,2025-06-13 06:58:00,2025-06-13 17:33:00,0 days 10:35:00,0,1,10.583333333333334,6,6,Friday,Sexta
13/06/2025,06:28,19:02,ASD6F32,Nissan/Kicks,2025-06-13 06:28:00,2025-06-13 19:02:00,0 days 12:34:00,0,1,12.566666666666666,6,6,Friday,Sexta
13/06/2025,06:07,19:40,ZXC7V54,Fiat/Fastback,2025-06-13 06:07:00,2025-06-13 19:40:00,0 days 13:33:00,0,1,13.55,6,6,Friday,Sexta
13/06/2025,06:52,18:04,VBN8G76,Renault/Kwid,2025-06-13 06:52:00,2025-06-13 18:04:00,0 days 11:12:00,0,1,11.2,6,6,Friday,Sexta
13/06/2025,06:30,19:26,MNB9H98,Jeep/Compass,2025-06-13 06:30:00,2025-06-13 19:26:00,0 days 12:56:00,0,1,12.933333333333334,6,6,Friday,Sexta
13/06/2025,06:48,16:39,POI0J21,Peugeot/208,2025-06-13 06:48:00,2025-06-13 16:39:00,0 days 09:51:00,0,1,9.85,6,6,Friday,Sexta
13/06/2025,06:52,16:54,LKM1Z43,Citroen/C3,2025-06-13 06:52:00,2025-06-13 16:54:00,0 days 10:02:00,0,1,10.033333333333333,6,6,Friday,Sexta
13/06/2025,06:17,15:38,HGF2X65,BYD/Dolphin,2025-06-13 06:17:00,2025-06-13 15:38:00,0 days 09:21:00,0,1,9.35,6,6,Friday,Sexta
13/06/2025,06:23,18:32,QAZ3W87,Toyota/Etios,2025-06-13 06:23:00,2025-06-13 18:32:00,0 days 12:09:00,0,1,12.15,6,6,Friday,Sexta
13/06/2025,09:28,18:16,WSX4E09,Chevrolet/Cruze,2025-06-13 09:28:00,2025-06-13 18:16:00,0 days 08:48:00,0,1,8.8,6,9,Friday,Sexta
13/06/2025,08:24,16:30,EDC5R21,Volkswagen/Fox,2025-06-13 08:24:00,2025-06-13 16:30:00,0 days 08:06:00,0,1,8.1,6,8,Friday,Sexta
13/06/2025,08:20,16:47,RFV6T43,Hyundai/Tucson,2025-06-13 08:20:00,2025-06-13 16:47:00,0 days 08:27:00,0,1,8.45,6,8,Friday,Sexta
13/06/2025,09:01,16:45,TGB7Y65,Honda/Fit,2025-06-13 09:01:00,2025-06-13 16:45:00,0 days 07:44:00,0,1,7.733333333333333,6,9,Friday,Sexta
13/06/2025,09:45,18:54,YHN8U87,Nissan/March,2025-06-13 09:45:00,2025-06-13 18:54:00,0 days 09:09:00,0,1,9.15,6,9,Friday,Sexta
13/06/2025,08:30,17:44,UJM9I09,Fiat/Palio,2025-06-13 08:30:00,2025-06-13 17:44:00,0 days 09:14:00,0,1,9.233333333333333,6,8,Friday,Sexta
13/06/2025,08:29,19:45,IKL0O21,Renault/Sandero,2025-06-13 08:29:00,2025-06-13 19:45:00,0 days 11:16:00,0,1,11.266666666666667,6,8,Friday,Sexta
13/06/2025,09:31,19:51,OLP1P43,Jeep/Renegade,2025-06-13 09:31:00,2025-06-13 19:51:00,0 days 10:20:00,0,1,10.333333333333334,6,9,Friday,Sexta
13/06/2025,08:42,19:56,PAS2D65,Peugeot/308,2025-06-13 08:42:00,2025-06-13 19:56:00,0 days 11:14:00,0,1,11.233333333333333,6,8,Friday,Sexta
13/06/2025,09:31,16:45,DFG3S87,Citroen/C4,2025-06-13 09:31:00,2025-06-13 16:45:00,0 days 07:14:00,0,1,7.233333333333333,6,9,Friday,Sexta
13/06/2025,09:11,19:51,SDF4G09,Ford/Focus,2025-06-13 09:11:00,2025-06-13 19:51:00,0 days 10:40:00,0,1,10.666666666666666,6,9,Friday,Sexta
13/06/2025,09:48,17:10,GHG5H21,Kia/Soul,2025-06-13 09:48:00,2025-06-13 17:10:00,0 days 07:22:00,0,1,7.366666666666666,6,9,Friday,Sexta
13/06/2025,08:46,19:33,HJK6J43,Mitsubishi/ASX,2025-06-13 08:46:00,2025-06-13 19:33:00,0 days 10:47:00,0,1,10.783333333333333,6,8,Friday,Sexta
13/06/2025,09:24,19:36,JKL7K65,Suzuki/Swift,2025-06-13 09:24:00,2025-06-13 19:36:00,0 days 10:12:00,0,1,10.2,6,9,Friday,Sexta
13/06/2025,08:21,15:47,AJC7M65,Chevrolet/Celta,2025-06-13 08:21:00,2025-06-13 15:47:00,0 days 07:26:00,0,1,7.433333333333334,6,8,Friday,Sexta
13/06/2025,09:54,17:51,DEF7L65,Fiat/Uno,2025-06-13 09:54:00,2025-06-13 17:51:00,0 days 07:57:00,0,1,7.95,6,9,Friday,Sexta
13/06/2025,08:28,16:40,JBL7K65,Ford/Fiesta,2025-06-13 08:28:00,2025-06-13 16:40:00,0 days 08:12:00,0,1,8.2,6,8,Friday,Sexta
14/06/2025,08:21,16:55,WSX4E09,Chevrolet/Cruze,2025-06-14 08:21:00,2025-06-14 16:55:00,0 days 08:34:00,0,1,8.566666666666666,6,8,Saturday,Sábado
14/06/2025,09:39,15:02,EDC5R21,Volkswagen/Fox,2025-06-14 09:39:00,2025-06-14 15:02:00,0 days 05:23:00,0,1,5.383333333333334,6,9,Saturday,Sábado
14/06/2025,08:46,17:22,RFV6T43,Hyundai/Tucson,2025-06-14 08:46:00,2025-06-14 17:22:00,0 days 08:36:00,0,1,8.6,6,8,Saturday,Sábado
14/06/2025,08:30,19:07,YHN8U87,Nissan/March,2025-06-14 08:30:00,2025-06-14 19:07:00,0 days 10:37:00,0,1,10.616666666666667,6,8,Saturday,Sábado
14/06/2025,08:12,16:05,UJM9I09,Fiat/Palio,2025-06-14 08:12:00,2025-06-14 16:05:00,0 days 07:53:00,0,1,7.883333333333334,6,8,Saturday,Sábado
14/06/2025,09:44,17:44,OLP1P43,Jeep/Renegade,2025-06-14 09:44:00,2025-06-14 17:44:00,0 days 08:00:00,0,1,8.0,6,9,Saturday,Sábado
14/06/2025,08:19,16:55,PAS2D65,Peugeot/308,2025-06-14 08:19:00,2025-06-14 16:55:00,0 days 08:36:00,0,1,8.6,6,8,Saturday,Sábado
14/06/2025,09:39,19:16,DFG3S87,Citroen/C4,2025-06-14 09:39:00,2025-06-14 19:16:00,0 days 09:37:00,0,1,9.616666666666667,6,9,Saturday,Sábado
14/06/2025,09:40,17:35,SDF4G09,Ford/Focus,2025-06-14 09:40:00,2025-06-14 17:35:00,0 days 07:55:00,0,1,7.916666666666667,6,9,Saturday,Sábado
14/06/2025,09:01,19:43,HJK6J43,Mitsubishi/ASX,2025-06-14 09:01:00,2025-06-14 19:43:00,0 days 10:42:00,0,1,10.7,6,9,Saturday,Sábado
16/06/2025,06:51,15:59,ALC1D23,Toyota/Corolla,2025-06-16 06:51:00,2025-06-16 15:59:00,0 days 09:08:00,0,1,9.133333333333333,6,6,Monday,Segunda
16/06/2025,06:03,18:33,JDL2M45,Chevrolet/Onix,2025-06-16 06:03:00,2025-06-16 18:33:00,0 days 12:30:00,0,1,12.5,6,6,Monday,Segunda
16/06/2025,06:38,18:25,QWE3R67,Volkswagen/Polo,2025-06-16 06:38:00,2025-06-16 18:25:00,0 days 11:47:00,0,1,11.783333333333333,6,6,Monday,Segunda
16/06/2025,06:31,18:01,RTY4U89,Hyundai/HB20,2025-06-16 06:31:00,2025-06-16 18:01:00,0 days 11:30:00,0,1,11.5,6,6,Monday,Segunda
16/06/2025,06:32,15:07,UIO5P10,Honda/Civic,2025-06-16 06:32:00,2025-06-16 15:07:00,0 days 08:35:00,0,1,8.583333333333334,6,6,Monday,Segunda
16/06/2025,06:37,15:04,ASD6F32,Nissan/Kicks,2025-06-16 06:37:00,2025-06-16 15:04:00,0 days 08:27:00,0,1,8.45,6,6,Monday,Segunda
16/06/2025,06:11,18:46,ZXC7V54,Fiat/Fastback,2025-06-16 06:11:00,2025-06-16 18:46:00,0 days 12:35:00,0,1,12.583333333333334,6,6,Monday,Segunda
16/06/2025,06:12,17:39,VBN8G76,Renault/Kwid,2025-06-16 06:12:00,2025-06-16 17:39:00,0 days 11:27:00,0,1,11.45,6,6,Monday,Segunda
16/06/2025,06:49,16:16,MNB9H98,Jeep/Compass,2025-06-16 06:49:00,2025-06-16 16:16:00,0 days 09:27:00,0,1,9.45,6,6,Monday,Segunda
16/06/2025,06:33,18:59,POI0J21,Peugeot/208,2025-06-16 06:33:00,2025-06-16 18:59:00,0 days 12:26:00,0,1,12.433333333333334,6,6,Monday,Segunda
16/06/2025,06:23,16:32,LKM1Z43,Citroen/C3,2025-06-16 06:23:00,2025-06-16 16:32:00,0 days 10:09:00,0,1,10.15,6,6,Monday,Segunda
16/06/2025,06:38,18:01,HGF2X65,BYD/Dolphin,2025-06-16 06:38:00,2025-06-16 18:01:00,0 days 11:23:00,0,1,11.383333333333333,6,6,Monday,Segunda
16/06/2025,06:25,16:24,QAZ3W87,Toyota/Etios,2025-06-16 06:25:00,2025-06-16 16:24:00,0 days 09:59:00,0,1,9.983333333333333,6,6,Monday,Segunda
16/06/2025,08:39,16:14,WSX4E09,Chevrolet/Cruze,2025-06-16 08:39:00,2025-06-16 16:14:00,0 days 07:35:00,0,1,7.583333333333333,6,8,Monday,Segunda
16/06/2025,09:53,19:10,EDC5R21,Volkswagen/Fox,2025-06-16 09:53:00,2025-06-16 19:10:00,0 days 09:17:00,0,1,9.283333333333333,6,9,Monday,Segunda
16/06/2025,08:56,19:39,RFV6T43,Hyundai/Tucson,2025-06-16 08:56:00,2025-06-16 19:39:00,0 days 10:43:00,0,1,10.716666666666667,6,8,Monday,Segunda
16/06/2025,09:15,15:54,TGB7Y65,Honda/Fit,2025-06-16 09:15:00,2025-06-16 15:54:00,0 days 06:39:00,0,1,6.65,6,9,Monday,Segunda
16/06/2025,09:26,15:09,YHN8U87,Nissan/March,2025-06-16 09:26:00,2025-06-16 15:09:00,0 days 05:43:00,0,1,5.716666666666667,6,9,Monday,Segunda
16/06/2025,09:11,16:47,UJM9I09,Fiat/Palio,2025-06-16 09:11:00,2025-06-16 16:47:00,0 days 07:36:00,0,1,7.6,6,9,Monday,Segunda
16/06/2025,08:01,19:02,IKL0O21,Renault/Sandero,2025-06-16 08:01:00,2025-06-16 19:02:00,0 days 11:01:00,0,1,11.016666666666667,6,8,Monday,Segunda
16/06/2025,08:55,17:48,OLP1P43,Jeep/Renegade,2025-06-16 08:55:00,2025-06-16 17:48:00,0 days 08:53:00,0,1,8.883333333333333,6,8,Monday,Segunda
16/06/2025,08:53,15:24,PAS2D65,Peugeot/308,2025-06-16 08:53:00,2025-06-16 15:24:00,0 days 06:31:00,0,1,6.516666666666667,6,8,Monday,Segunda
16/06/2025,09:26,15:58,DFG3S87,Citroen/C4,2025-06-16 09:26:00,2025-06-16 15:58:00,0 days 06:32:00,0,1,6.533333333333333,6,9,Monday,Segunda
16/06/2025,08:20,15:50,SDF4G09,Ford/Focus,2025-06-16 08:20:00,2025-06-16 15:50:00,0 days 07:30:00,0,1,7.5,6,8,Monday,Segunda
16/06/2025,09:48,18:09,GHG5H21,Kia/Soul,2025-06-16 09:48:00,2025-06-16 18:09:00,0 days 08:21:00,0,1,8.35,6,9,Monday,Segunda
16/06/2025,09:51,15:37,HJK6J43,Mitsubishi/ASX,2025-06-16 09:51:00,2025-06-16 15:37:00,0 days 05:46:00,0,1,5.766666666666667,6,9,Monday,Segunda
16/06/2025,08:16,19:14,JKL7K65,Suzuki/Swift,2025-06-16 08:16:00,2025-06-16 19:14:00,0 days 10:58:00,0,1,10.966666666666667,6,8,Monday,Segunda
16/06/2025,08:11,18:16,AJC7M65,Chevrolet/Celta,2025-06-16 08:11:00,2025-06-16 18:16:00,0 days 10:05:00,0,1,10.083333333333334,6,8,Monday,Segunda
16/06/2025,09:34,16:38,DEF7L65,Fiat/Uno,2025-06-16 09:34:00,2025-06-16 16:38:00,0 days 07:04:00,0,1,7.066666666666666,6,9,Monday,Segunda
16/06/2025,10:58,16:31,JBL7K65,Ford/Fiesta,2025-06-16 10:58:00,2025-06-16 16:31:00,0 days 05:33:00,0,1,5.55,6,10,Monday,Segunda
17/06/2025,06:59,19:39,ALC1D23,Toyota/Corolla,2025-06-17 06:59:00,2025-06-17 19:39:00,0 days 12:40:00,0,1,12.666666666666666,6,6,Tuesday,Terça
17/06/2025,06:04,17:35,JDL2M45,Chevrolet/Onix,2025-06-17 06:04:00,2025-06-17 17:35:00,0 days 11:31:00,0,1,11.516666666666667,6,6,Tuesday,Terça
17/06/2025,06:41,15:08,QWE3R67,Volkswagen/Polo,2025-06-17 06:41:00,2025-06-17 15:08:00,0 days 08:27:00,0,1,8.45,6,6,Tuesday,Terça
17/06/2025,06:29,18:35,RTY4U89,Hyundai/HB20,2025-06-17 06:29:00,2025-06-17 18:35:00,0 days 12:06:00,0,1,12.1,6,6,Tuesday,Terça
17/06/2025,06:39,19:11,UIO5P10,Honda/Civic,2025-06-17 06:39:00,2025-06-17 19:11:00,0 days 12:32:00,0,1,12.533333333333333,6,6,Tuesday,Terça
17/06/2025,06:57,17:55,ASD6F32,Nissan/Kicks,2025-06-17 06:57:00,2025-06-17 17:55:00,0 days 10:58:00,0,1,10.966666666666667,6,6,Tuesday,Terça
17/06/2025,06:20,17:47,ZXC7V54,Fiat/Fastback,2025-06-17 06:20:00,2025-06-17 17:47:00,0 days 11:27:00,0,1,11.45,6,6,Tuesday,Terça
17/06/2025,06:28,18:21,VBN8G76,Renault/Kwid,2025-06-17 06:28:00,2025-06-17 18:21:00,0 days 11:53:00,0,1,11.883333333333333,6,6,Tuesday,Terça
17/06/2025,06:26,16:21,MNB9H98,Jeep/Compass,2025-06-17 06:26:00,2025-06-17 16:21:00,0 days 09:55:00,0,1,9.916666666666666,6,6,Tuesday,Terça
17/06/2025,06:19,19:50,POI0J21,Peugeot/208,2025-06-17 06:19:00,2025-06-17 19:50:00,0 days 13:31:00,0,1,13.516666666666667,6,6,Tuesday,Terça
17/06/2025,06:37,16:01,LKM1Z43,Citroen/C3,2025-06-17 06:37:00,2025-06-17 16:01:00,0 days 09:24:00,0,1,9.4,6,6,Tuesday,Terça
17/06/2025,06:55,17:48,HGF2X65,BYD/Dolphin,2025-06-17 06:55:00,2025-06-17 17:48:00,0 days 10:53:00,0,1,10.883333333333333,6,6,Tuesday,Terça
17/06/2025,06:39,18:43,QAZ3W87,Toyota/Etios,2025-06-17 06:39:00,2025-06-17 18:43:00,0 days 12:04:00,0,1,12.066666666666666,6,6,Tuesday,Terça
17/06/2025,08:36,17:29,WSX4E09,Chevrolet/Cruze,2025-06-17 08:36:00,2025-06-17 17:29:00,0 days 08:53:00,0,1,8.883333333333333,6,8,Tuesday,Terça
17/06/2025,08:32,15:55,EDC5R21,Volkswagen/Fox,2025-06-17 08:32:00,2025-06-17 15:55:00,0 days 07:23:00,0,1,7.383333333333334,6,8,Tuesday,Terça
17/06/2025,09:55,15:53,RFV6T43,Hyundai/Tucson,2025-06-17 09:55:00,2025-06-17 15:53:00,0 days 05:58:00,0,1,5.966666666666667,6,9,Tuesday,Terça
17/06/2025,09:46,15:35,TGB7Y65,Honda/Fit,2025-06-17 09:46:00,2025-06-17 15:35:00,0 days 05:49:00,0,1,5.816666666666666,6,9,Tuesday,Terça
17/06/2025,08:34,16:29,YHN8U87,Nissan/March,2025-06-17 08:34:00,2025-06-17 16:29:00,0 days 07:55:00,0,1,7.916666666666667,6,8,Tuesday,Terça
17/06/2025,08:05,15:53,UJM9I09,Fiat/Palio,2025-06-17 08:05:00,2025-06-17 15:53:00,0 days 07:48:00,0,1,7.8,6,8,Tuesday,Terça
17/06/2025,09:16,18:48,IKL0O21,Renault/Sandero,2025-06-17 09:16:00,2025-06-17 18:48:00,0 days 09:32:00,0,1,9.533333333333333,6,9,Tuesday,Terça
17/06/2025,08:07,19:56,OLP1P43,Jeep/Renegade,2025-06-17 08:07:00,2025-06-17 19:56:00,0 days 11:49:00,0,1,11.816666666666666,6,8,Tuesday,Terça
17/06/2025,09:50,16:17,PAS2D65,Peugeot/308,2025-06-17 09:50:00,2025-06-17 16:17:00,0 days 06:27:00,0,1,6.45,6,9,Tuesday,Terça
17/06/2025,08:49,19:10,DFG3S87,Citroen/C4,2025-06-17 08:49:00,2025-06-17 19:10:00,0 days 10:21:00,0,1,10.35,6,8,Tuesday,Terça
17/06/2025,08:28,16:51,SDF4G09,Ford/Focus,2025-06-17 08:28:00,2025-06-17 16:51:00,0 days 08:23:00,0,1,8.383333333333333,6,8,Tuesday,Terça
17/06/2025,08:56,19:50,GHG5H21,Kia/Soul,2025-06-17 08:56:00,2025-06-17 19:50:00,0 days 10:54:00,0,1,10.9,6,8,Tuesday,Terça
17/06/2025,08:27,19:47,HJK6J43,Mitsubishi/ASX,2025-06-17 08:27:00,2025-06-17 19:47:00,0 days 11:20:00,0,1,11.333333333333334,6,8,Tuesday,Terça
17/06/2025,08:52,18:54,JKL7K65,Suzuki/Swift,2025-06-17 08:52:00,2025-06-17 18:54:00,0 days 10:02:00,0,1,10.033333333333333,6,8,Tuesday,Terça
17/06/2025,09:37,16:30,AJC7M65,Chevrolet/Celta,2025-06-17 09:37:00,2025-06-17 16:30:00,0 days 06:53:00,0,1,6.883333333333334,6,9,Tuesday,Terça
17/06/2025,09:50,16:54,DEF7L65,Fiat/Uno,2025-06-17 09:50:00,2025-06-17 16:54:00,0 days 07:04:00,0,1,7.066666666666666,6,9,Tuesday,Terça
17/06/2025,09:28,17:13,JBL7K65,Ford/Fiesta,2025-06-17 09:28:00,2025-06-17 17:13:00,0 days 07:45:00,0,1,7.75,6,9,Tuesday,Terça
18/06/2025,06:03,18:45,ALC1D23,Toyota/Corolla,2025-06-18 06:03:00,2025-06-18 18:45:00,0 days 12:42:00,0,1,12.7,6,6,Wednesday,Quarta
18/06/2025,06:47,19:01,JDL2M45,Chevrolet/Onix,2025-06-18 06:47:00,2025-06-18 19:01:00,0 days 12:14:00,0,1,12.233333333333333,6,6,Wednesday,Quarta
18/06/2025,06:09,15:02,QWE3R67,Volkswagen/Polo,2025-06-18 06:09:00,2025-06-18 15:02:00,0 days 08:53:00,0,1,8.883333333333333,6,6,Wednesday,Quarta
18/06/2025,06:45,19:59,RTY4U89,Hyundai/HB20,2025-06-18 06:45:00,2025-06-18 19:59:00,0 days 13:14:00,0,1,13.233333333333333,6,6,Wednesday,Quarta
18/06/2025,06:48,15:05,UIO5P10,Honda/Civic,2025-06-18 06:48:00,2025-06-18 15:05:00,0 days 08:17:00,0,1,8.283333333333333,6,6,Wednesday,Quarta
18/06/2025,06:44,17:18,ASD6F32,Nissan/Kicks,2025-06-18 06:44:00,2025-06-18 17:18:00,0 days 10:34:00,0,1,10.566666666666666,6,6,Wednesday,Quarta
18/06/2025,06:05,15:42,ZXC7V54,Fiat/Fastback,2025-06-18 06:05:00,2025-06-18 15:42:00,0 days 09:37:00,0,1,9.616666666666667,6,6,Wednesday,Quarta
18/06/2025,06:48,15:54,VBN8G76,Renault/Kwid,2025-06-18 06:48:00,2025-06-18 15:54:00,0 days 09:06:00,0,1,9.1,6,6,Wednesday,Quarta
18/06/2025,06:03,18:59,MNB9H98,Jeep/Compass,2025-06-18 06:03:00,2025-06-18 18:59:00,0 days 12:56:00,0,1,12.933333333333334,6,6,Wednesday,Quarta
18/06/2025,06:11,19:03,POI0J21,Peugeot/208,2025-06-18 06:11:00,2025-06-18 19:03:00,0 days 12:52:00,0,1,12.866666666666667,6,6,Wednesday,Quarta
18/06/2025,06:15,17:35,LKM1Z43,Citroen/C3,2025-06-18 06:15:00,2025-06-18 17:35:00,0 days 11:20:00,0,1,11.333333333333334,6,6,Wednesday,Quarta
18/06/2025,06:37,18:41,HGF2X65,BYD/Dolphin,2025-06-18 06:37:00,2025-06-18 18:41:00,0 days 12:04:00,0,1,12.066666666666666,6,6,Wednesday,Quarta
18/06/2025,06:29,18:18,QAZ3W87,Toyota/Etios,2025-06-18 06:29:00,2025-06-18 18:18:00,0 days 11:49:00,0,1,11.816666666666666,6,6,Wednesday,Quarta
18/06/2025,09:42,17:18,WSX4E09,Chevrolet/Cruze,2025-06-18 09:42:00,2025-06-18 17:18:00,0 days 07:36:00,0,1,7.6,6,9,Wednesday,Quarta
18/06/2025,08:21,15:39,EDC5R21,Volkswagen/Fox,2025-06-18 08:21:00,2025-06-18 15:39:00,0 days 07:18:00,0,1,7.3,6,8,Wednesday,Quarta
18/06/2025,09:28,17:59,RFV6T43,Hyundai/Tucson,2025-06-18 09:28:00,2025-06-18 17:59:00,0 days 08:31:00,0,1,8.516666666666667,6,9,Wednesday,Quarta
18/06/2025,08:19,17:15,TGB7Y65,Honda/Fit,2025-06-18 08:19:00,2025-06-18 17:15:00,0 days 08:56:00,0,1,8.933333333333334,6,8,Wednesday,Quarta
18/06/2025,08:33,16:36,YHN8U87,Nissan/March,2025-06-18 08:33:00,2025-06-18 16:36:00,0 days 08:03:00,0,1,8.05,6,8,Wednesday,Quarta
18/06/2025,09:59,18:10,UJM9I09,Fiat/Palio,2025-06-18 09:59:00,2025-06-18 18:10:00,0 days 08:11:00,0,1,8.183333333333334,6,9,Wednesday,Quarta
18/06/2025,09:34,17:27,IKL0O21,Renault/Sandero,2025-06-18 09:34:00,2025-06-18 17:27:00,0 days 07:53:00,0,1,7.883333333333334,6,9,Wednesday,Quarta
18/06/2025,09:07,19:35,OLP1P43,Jeep/Renegade,2025-06-18 09:07:00,2025-06-18 19:35:00,0 days 10:28:00,0,1,10.466666666666667,6,9,Wednesday,Quarta
18/06/2025,08:40,15:57,PAS2D65,Peugeot/308,2025-06-18 08:40:00,2025-06-18 15:57:00,0 days 07:17:00,0,1,7.283333333333333,6,8,Wednesday,Quarta
18/06/2025,08:34,19:21,DFG3S87,Citroen/C4,2025-06-18 08:34:00,2025-06-18 19:21:00,0 days 10:47:00,0,1,10.783333333333333,6,8,Wednesday,Quarta
18/06/2025,08:44,17:55,SDF4G09,Ford/Focus,2025-06-18 08:44:00,2025-06-18 17:55:00,0 days 09:11:00,0,1,9.183333333333334,6,8,Wednesday,Quarta
18/06/2025,08:29,17:56,GHG5H21,Kia/Soul,2025-06-18 08:29:00,2025-06-18 17:56:00,0 days 09:27:00,0,1,9.45,6,8,Wednesday,Quarta
18/06/2025,09:43,17:53,HJK6J43,Mitsubishi/ASX,2025-06-18 09:43:00,2025-06-18 17:53:00,0 days 08:10:00,0,1,8.166666666666666,6,9,Wednesday,Quarta
18/06/2025,10:52,17:17,JKL7K65,Suzuki/Swift,2025-06-18 10:52:00,2025-06-18 17:17:00,0 days 06:25:00,0,1,6.416666666666667,6,10,Wednesday,Quarta
18/06/2025,08:26,17:45,AJC7M65,Chevrolet/Celta,2025-06-18 08:26:00,2025-06-18 17:45:00,0 days 09:19:00,0,1,9.316666666666666,6,8,Wednesday,Quarta
18/06/2025,10:50,16:13,DEF7L65,Fiat/Uno,2025-06-18 10:50:00,2025-06-18 16:13:00,0 days 05:23:00,0,1,5.383333333333334,6,10,Wednesday,Quarta
18/06/2025,09:34,15:57,JBL7K65,Ford/Fiesta,2025-06-18 09:34:00,2025-06-18 15:57:00,0 days 06:23:00,0,1,6.383333333333334,6,9,Wednesday,Quarta
19/06/2025,06:52,15:30,ALC1D23,Toyota/Corolla,2025-06-19 06:52:00,2025-06-19 15:30:00,0 days 08:38:00,0,1,8.633333333333333,6,6,Thursday,Quinta
19/06/2025,06:37,17:06,JDL2M45,Chevrolet/Onix,2025-06-19 06:37:00,2025-06-19 17:06:00,0 days 10:29:00,0,1,10.483333333333333,6,6,Thursday,Quinta
19/06/2025,06:11,19:33,QWE3R67,Volkswagen/Polo,2025-06-19 06:11:00,2025-06-19 19:33:00,0 days 13:22:00,0,1,13.366666666666667,6,6,Thursday,Quinta
19/06/2025,06:40,18:07,RTY4U89,Hyundai/HB20,2025-06-19 06:40:00,2025-06-19 18:07:00,0 days 11:27:00,0,1,11.45,6,6,Thursday,Quinta
19/06/2025,06:39,18:08,UIO5P10,Honda/Civic,2025-06-19 06:39:00,2025-06-19 18:08:00,0 days 11:29:00,0,1,11.483333333333333,6,6,Thursday,Quinta
19/06/2025,06:02,19:06,ASD6F32,Nissan/Kicks,2025-06-19 06:02:00,2025-06-19 19:06:00,0 days 13:04:00,0,1,13.066666666666666,6,6,Thursday,Quinta
19/06/2025,06:33,16:33,ZXC7V54,Fiat/Fastback,2025-06-19 06:33:00,2025-06-19 16:33:00,0 days 10:00:00,0,1,10.0,6,6,Thursday,Quinta
19/06/2025,06:55,18:55,VBN8G76,Renault/Kwid,2025-06-19 06:55:00,2025-06-19 18:55:00,0 days 12:00:00,0,1,12.0,6,6,Thursday,Quinta
19/06/2025,06:46,17:04,MNB9H98,Jeep/Compass,2025-06-19 06:46:00,2025-06-19 17:04:00,0 days 10:18:00,0,1,10.3,6,6,Thursday,Quinta
19/06/2025,06:56,18:18,POI0J21,Peugeot/208,2025-06-19 06:56:00,2025-06-19 18:18:00,0 days 11:22:00,0,1,11.366666666666667,6,6,Thursday,Quinta
19/06/2025,06:14,18:25,LKM1Z43,Citroen/C3,2025-06-19 06:14:00,2025-06-19 18:25:00,0 days 12:11:00,0,1,12.183333333333334,6,6,Thursday,Quinta
19/06/2025,06:37,18:11,HGF2X65,BYD/Dolphin,2025-06-19 06:37:00,2025-06-19 18:11:00,0 days 11:34:00,0,1,11.566666666666666,6,6,Thursday,Quinta
19/06/2025,06:19,16:42,QAZ3W87,Toyota/Etios,2025-06-19 06:19:00,2025-06-19 16:42:00,0 days 10:23:00,0,1,10.383333333333333,6,6,Thursday,Quinta
19/06/2025,09:27,17:06,WSX4E09,Chevrolet/Cruze,2025-06-19 09:27:00,2025-06-19 17:06:00,0 days 07:39:00,0,1,7.65,6,9,Thursday,Quinta
19/06/2025,09:28,15:43,EDC5R21,Volkswagen/Fox,2025-06-19 09:28:00,2025-06-19 15:43:00,0 days 06:15:00,0,1,6.25,6,9,Thursday,Quinta
19/06/2025,08:30,17:08,RFV6T43,Hyundai/Tucson,2025-06-19 08:30:00,2025-06-19 17:08:00,0 days 08:38:00,0,1,8.633333333333333,6,8,Thursday,Quinta
19/06/2025,08:19,15:40,TGB7Y65,Honda/Fit,2025-06-19 08:19:00,2025-06-19 15:40:00,0 days 07:21:00,0,1,7.35,6,8,Thursday,Quinta
19/06/2025,08:38,19:45,YHN8U87,Nissan/March,2025-06-19 08:38:00,2025-06-19 19:45:00,0 days 11:07:00,0,1,11.116666666666667,6,8,Thursday,Quinta
19/06/2025,09:35,18:30,UJM9I09,Fiat/Palio,2025-06-19 09:35:00,2025-06-19 18:30:00,0 days 08:55:00,0,1,8.916666666666666,6,9,Thursday,Quinta
19/06/2025,08:10,17:03,IKL0O21,Renault/Sandero,2025-06-19 08:10:00,2025-06-19 17:03:00,0 days 08:53:00,0,1,8.883333333333333,6,8,Thursday,Quinta
19/06/2025,09:01,19:40,OLP1P43,Jeep/Renegade,2025-06-19 09:01:00,2025-06-19 19:40:00,0 days 10:39:00,0,1,10.65,6,9,Thursday,Quinta
19/06/2025,08:11,19:50,PAS2D65,Peugeot/308,2025-06-19 08:11:00,2025-06-19 19:50:00,0 days 11:39:00,0,1,11.65,6,8,Thursday,Quinta
19/06/2025,09:44,19:37,DFG3S87,Citroen/C4,2025-06-19 09:44:00,2025-06-19 19:37:00,0 days 09:53:00,0,1,9.883333333333333,6,9,Thursday,Quinta
19/06/2025,08:47,18:15,SDF4G09,Ford/Focus,2025-06-19 08:47:00,2025-06-19 18:15:00,0 days 09:28:00,0,1,9.466666666666667,6,8,Thursday,Quinta
19/06/2025,08:38,18:50,GHG5H21,Kia/Soul,2025-06-19 08:38:00,2025-06-19 18:50:00,0 days 10:12:00,0,1,10.2,6,8,Thursday,Quinta
19/06/2025,08:10,16:04,HJK6J43,Mitsubishi/ASX,2025-06-19 08:10:00,2025-06-19 16:04:00,0 days 07:54:00,0,1,7.9,6,8,Thursday,Quinta
19/06/2025,09:18,18:44,JKL7K65,Suzuki/Swift,2025-06-19 09:18:00,2025-06-19 18:44:00,0 days 09:26:00,0,1,9.433333333333334,6,9,Thursday,Quinta
19/06/2025,10:18,17:08,AJC7M65,Chevrolet/Celta,2025-06-19 10:18:00,2025-06-19 17:08:00,0 days 06:50:00,0,1,6.833333333333333,6,10,Thursday,Quinta
19/06/2025,10:27,15:31,DEF7L65,Fiat/Uno,2025-06-19 10:27:00,2025-06-19 15:31:00,0 days 05:04:00,0,1,5.066666666666666,6,10,Thursday,Quinta
19/06/2025,09:42,19:40,JBL7K65,Ford/Fiesta,2025-06-19 09:42:00,2025-06-19 19:40:00,0 days 09:58:00,0,1,9.966666666666667,6,9,Thursday,Quinta
20/06/2025,06:27,18:52,ALC1D23,Toyota/Corolla,2025-06-20 06:27:00,2025-06-20 18:52:00,0 days 12:25:00,0,1,12.416666666666666,6,6,Friday,Sexta
20/06/2025,06:08,17:46,JDL2M45,Chevrolet/Onix,2025-06-20 06:08:00,2025-06-20 17:46:00,0 days 11:38:00,0,1,11.633333333333333,6,6,Friday,Sexta
20/06/2025,06:40,18:06,QWE3R67,Volkswagen/Polo,2025-06-20 06:40:00,2025-06-20 18:06:00,0 days 11:26:00,0,1,11.433333333333334,6,6,Friday,Sexta
20/06/2025,06:23,17:15,RTY4U89,Hyundai/HB20,2025-06-20 06:23:00,2025-06-20 17:15:00,0 days 10:52:00,0,1,10.866666666666667,6,6,Friday,Sexta
20/06/2025,06:05,15:05,UIO5P10,Honda/Civic,2025-06-20 06:05:00,2025-06-20 15:05:00,0 days 09:00:00,0,1,9.0,6,6,Friday,Sexta
20/06/2025,06:52,15:24,ASD6F32,Nissan/Kicks,2025-06-20 06:52:00,2025-06-20 15:24:00,0 days 08:32:00,0,1,8.533333333333333,6,6,Friday,Sexta
20/06/2025,06:40,17:54,ZXC7V54,Fiat/Fastback,2025-06-20 06:40:00,2025-06-20 17:54:00,0 days 11:14:00,0,1,11.233333333333333,6,6,Friday,Sexta
20/06/2025,06:15,17:03,VBN8G76,Renault/Kwid,2025-06-20 06:15:00,2025-06-20 17:03:00,0 days 10:48:00,0,1,10.8,6,6,Friday,Sexta
20/06/2025,06:56,15:03,MNB9H98,Jeep/Compass,2025-06-20 06:56:00,2025-06-20 15:03:00,0 days 08:07:00,0,1,8.116666666666667,6,6,Friday,Sexta
20/06/2025,06:01,19:29,POI0J21,Peugeot/208,2025-06-20 06:01:00,2025-06-20 19:29:00,0 days 13:28:00,0,1,13.466666666666667,6,6,Friday,Sexta
20/06/2025,06:32,15:24,LKM1Z43,Citroen/C3,2025-06-20 06:32:00,2025-06-20 15:24:00,0 days 08:52:00,0,1,8.866666666666667,6,6,Friday,Sexta
20/06/2025,06:39,18:02,HGF2X65,BYD/Dolphin,2025-06-20 06:39:00,2025-06-20 18:02:00,0 days 11:23:00,0,1,11.383333333333333,6,6,Friday,Sexta
20/06/2025,06:27,15:40,QAZ3W87,Toyota/Etios,2025-06-20 06:27:00,2025-06-20 15:40:00,0 days 09:13:00,0,1,9.216666666666667,6,6,Friday,Sexta
20/06/2025,08:07,15:19,WSX4E09,Chevrolet/Cruze,2025-06-20 08:07:00,2025-06-20 15:19:00,0 days 07:12:00,0,1,7.2,6,8,Friday,Sexta
20/06/2025,09:45,17:35,EDC5R21,Volkswagen/Fox,2025-06-20 09:45:00,2025-06-20 17:35:00,0 days 07:50:00,0,1,7.833333333333333,6,9,Friday,Sexta
20/06/2025,09:19,16:51,RFV6T43,Hyundai/Tucson,2025-06-20 09:19:00,2025-06-20 16:51:00,0 days 07:32:00,0,1,7.533333333333333,6,9,Friday,Sexta
20/06/2025,09:51,18:37,TGB7Y65,Honda/Fit,2025-06-20 09:51:00,2025-06-20 18:37:00,0 days 08:46:00,0,1,8.766666666666667,6,9,Friday,Sexta
20/06/2025,08:59,16:53,YHN8U87,Nissan/March,2025-06-20 08:59:00,2025-06-20 16:53:00,0 days 07:54:00,0,1,7.9,6,8,Friday,Sexta
20/06/2025,09:50,15:12,UJM9I09,Fiat/Palio,2025-06-20 09:50:00,2025-06-20 15:12:00,0 days 05:22:00,0,1,5.366666666666666,6,9,Friday,Sexta
20/06/2025,09:04,15:38,IKL0O21,Renault/Sandero,2025-06-20 09:04:00,2025-06-20 15:38:00,0 days 06:34:00,0,1,6.566666666666666,6,9,Friday,Sexta
20/06/2025,08:13,16:04,OLP1P43,Jeep/Renegade,2025-06-20 08:13:00,2025-06-20 16:04:00,0 days 07:51:00,0,1,7.85,6,8,Friday,Sexta
20/06/2025,09:38,16:55,PAS2D65,Peugeot/308,2025-06-20 09:38:00,2025-06-20 16:55:00,0 days 07:17:00,0,1,7.283333333333333,6,9,Friday,Sexta
20/06/2025,09:26,17:27,DFG3S87,Citroen/C4,2025-06-20 09:26:00,2025-06-20 17:27:00,0 days 08:01:00,0,1,8.016666666666667,6,9,Friday,Sexta
20/06/2025,09:13,18:27,SDF4G09,Ford/Focus,2025-06-20 09:13:00,2025-06-20 18:27:00,0 days 09:14:00,0,1,9.233333333333333,6,9,Friday,Sexta
20/06/2025,09:56,16:18,GHG5H21,Kia/Soul,2025-06-20 09:56:00,2025-06-20 16:18:00,0 days 06:22:00,0,1,6.366666666666666,6,9,Friday,Sexta
20/06/2025,08:25,15:36,HJK6J43,Mitsubishi/ASX,2025-06-20 08:25:00,2025-06-20 15:36:00,0 days 07:11:00,0,1,7.183333333333334,6,8,Friday,Sexta
20/06/2025,08:11,19:43,JKL7K65,Suzuki/Swift,2025-06-20 08:11:00,2025-06-20 19:43:00,0 days 11:32:00,0,1,11.533333333333333,6,8,Friday,Sexta
20/06/2025,09:01,17:26,AJC7M65,Chevrolet/Celta,2025-06-20 09:01:00,2025-06-20 17:26:00,0 days 08:25:00,0,1,8.416666666666666,6,9,Friday,Sexta
20/06/2025,09:29,19:27,DEF7L65,Fiat/Uno,2025-06-20 09:29:00,2025-06-20 19:27:00,0 days 09:58:00,0,1,9.966666666666667,6,9,Friday,Sexta
20/06/2025,08:56,19:15,JBL7K65,Ford/Fiesta,2025-06-20 08:56:00,2025-06-20 19:15:00,0 days 10:19:00,0,1,10.316666666666666,6,8,Friday,Sexta
21/06/2025,08:17,17:43,WSX4E09,Chevrolet/Cruze,2025-06-21 08:17:00,2025-06-21 17:43:00,0 days 09:26:00,0,1,9.433333333333334,6,8,Saturday,Sábado
21/06/2025,08:02,19:53,RFV6T43,Hyundai/Tucson,2025-06-21 08:02:00,2025-06-21 19:53:00,0 days 11:51:00,0,1,11.85,6,8,Saturday,Sábado
21/06/2025,08:48,17:49,UJM9I09,Fiat/Palio,2025-06-21 08:48:00,2025-06-21 17:49:00,0 days 09:01:00,0,1,9.016666666666667,6,8,Saturday,Sábado
21/06/2025,09:13,19:38,IKL0O21,Renault/Sandero,2025-06-21 09:13:00,2025-06-21 19:38:00,0 days 10:25:00,0,1,10.416666666666666,6,9,Saturday,Sábado
21/06/2025,08:18,16:19,OLP1P43,Jeep/Renegade,2025-06-21 08:18:00,2025-06-21 16:19:00,0 days 08:01:00,0,1,8.016666666666667,6,8,Saturday,Sábado
21/06/2025,08:38,17:21,PAS2D65,Peugeot/308,2025-06-21 08:38:00,2025-06-21 17:21:00,0 days 08:43:00,0,1,8.716666666666667,6,8,Saturday,Sábado
21/06/2025,09:46,16:33,GHG5H21,Kia/Soul,2025-06-21 09:46:00,2025-06-21 16:33:00,0 days 06:47:00,0,1,6.783333333333333,6,9,Saturday,Sábado
23/06/2025,06:55,18:09,ALC1D23,Toyota/Corolla,2025-06-23 06:55:00,2025-06-23 18:09:00,0 days 11:14:00,0,1,11.233333333333333,6,6,Monday,Segunda
23/06/2025,06:18,17:44,JDL2M45,Chevrolet/Onix,2025-06-23 06:18:00,2025-06-23 17:44:00,0 days 11:26:00,0,1,11.433333333333334,6,6,Monday,Segunda
23/06/2025,06:50,16:46,QWE3R67,Volkswagen/Polo,2025-06-23 06:50:00,2025-06-23 16:46:00,0 days 09:56:00,0,1,9.933333333333334,6,6,Monday,Segunda
23/06/2025,06:34,17:00,RTY4U89,Hyundai/HB20,2025-06-23 06:34:00,2025-06-23 17:00:00,0 days 10:26:00,0,1,10.433333333333334,6,6,Monday,Segunda
23/06/2025,06:40,16:42,UIO5P10,Honda/Civic,2025-06-23 06:40:00,2025-06-23 16:42:00,0 days 10:02:00,0,1,10.033333333333333,6,6,Monday,Segunda
23/06/2025,06:23,16:06,ASD6F32,Nissan/Kicks,2025-06-23 06:23:00,2025-06-23 16:06:00,0 days 09:43:00,0,1,9.716666666666667,6,6,Monday,Segunda
23/06/2025,06:42,16:09,ZXC7V54,Fiat/Fastback,2025-06-23 06:42:00,2025-06-23 16:09:00,0 days 09:27:00,0,1,9.45,6,6,Monday,Segunda
23/06/2025,06:57,17:54,VBN8G76,Renault/Kwid,2025-06-23 06:57:00,2025-06-23 17:54:00,0 days 10:57:00,0,1,10.95,6,6,Monday,Segunda
23/06/2025,06:27,18:55,MNB9H98,Jeep/Compass,2025-06-23 06:27:00,2025-06-23 18:55:00,0 days 12:28:00,0,1,12.466666666666667,6,6,Monday,Segunda
23/06/2025,06:39,17:13,POI0J21,Peugeot/208,2025-06-23 06:39:00,2025-06-23 17:13:00,0 days 10:34:00,0,1,10.566666666666666,6,6,Monday,Segunda
23/06/2025,06:41,18:34,LKM1Z43,Citroen/C3,2025-06-23 06:41:00,2025-06-23 18:34:00,0 days 11:53:00,0,1,11.883333333333333,6,6,Monday,Segunda
23/06/2025,06:27,19:20,HGF2X65,BYD/Dolphin,2025-06-23 06:27:00,2025-06-23 19:20:00,0 days 12:53:00,0,1,12.883333333333333,6,6,Monday,Segunda
23/06/2025,06:08,15:31,QAZ3W87,Toyota/Etios,2025-06-23 06:08:00,2025-06-23 15:31:00,0 days 09:23:00,0,1,9.383333333333333,6,6,Monday,Segunda
23/06/2025,09:57,18:19,WSX4E09,Chevrolet/Cruze,2025-06-23 09:57:00,2025-06-23 18:19:00,0 days 08:22:00,0,1,8.366666666666667,6,9,Monday,Segunda
23/06/2025,08:08,18:44,EDC5R21,Volkswagen/Fox,2025-06-23 08:08:00,2025-06-23 18:44:00,0 days 10:36:00,0,1,10.6,6,8,Monday,Segunda
23/06/2025,08:12,19:26,RFV6T43,Hyundai/Tucson,2025-06-23 08:12:00,2025-06-23 19:26:00,0 days 11:14:00,0,1,11.233333333333333,6,8,Monday,Segunda
23/06/2025,09:16,16:17,TGB7Y65,Honda/Fit,2025-06-23 09:16:00,2025-06-23 16:17:00,0 days 07:01:00,0,1,7.016666666666667,6,9,Monday,Segunda
23/06/2025,09:50,18:21,YHN8U87,Nissan/March,2025-06-23 09:50:00,2025-06-23 18:21:00,0 days 08:31:00,0,1,8.516666666666667,6,9,Monday,Segunda
23/06/2025,08:46,17:20,UJM9I09,Fiat/Palio,2025-06-23 08:46:00,2025-06-23 17:20:00,0 days 08:34:00,0,1,8.566666666666666,6,8,Monday,Segunda
23/06/2025,09:20,19:06,IKL0O21,Renault/Sandero,2025-06-23 09:20:00,2025-06-23 19:06:00,0 days 09:46:00,0,1,9.766666666666667,6,9,Monday,Segunda
23/06/2025,08:56,19:56,OLP1P43,Jeep/Renegade,2025-06-23 08:56:00,2025-06-23 19:56:00,0 days 11:00:00,0,1,11.0,6,8,Monday,Segunda
23/06/2025,09:26,16:04,PAS2D65,Peugeot/308,2025-06-23 09:26:00,2025-06-23 16:04:00,0 days 06:38:00,0,1,6.633333333333334,6,9,Monday,Segunda
23/06/2025,08:56,15:39,DFG3S87,Citroen/C4,2025-06-23 08:56:00,2025-06-23 15:39:00,0 days 06:43:00,0,1,6.716666666666667,6,8,Monday,Segunda
23/06/2025,09:17,17:20,SDF4G09,Ford/Focus,2025-06-23 09:17:00,2025-06-23 17:20:00,0 days 08:03:00,0,1,8.05,6,9,Monday,Segunda
23/06/2025,09:15,18:26,GHG5H21,Kia/Soul,2025-06-23 09:15:00,2025-06-23 18:26:00,0 days 09:11:00,0,1,9.183333333333334,6,9,Monday,Segunda
23/06/2025,09:43,18:26,HJK6J43,Mitsubishi/ASX,2025-06-23 09:43:00,2025-06-23 18:26:00,0 days 08:43:00,0,1,8.716666666666667,6,9,Monday,Segunda
23/06/2025,09:20,16:07,JKL7K65,Suzuki/Swift,2025-06-23 09:20:00,2025-06-23 16:07:00,0 days 06:47:00,0,1,6.783333333333333,6,9,Monday,Segunda
23/06/2025,10:16,18:44,AJC7M65,Chevrolet/Celta,2025-06-23 10:16:00,2025-06-23 18:44:00,0 days 08:28:00,0,1,8.466666666666667,6,10,Monday,Segunda
23/06/2025,08:12,18:41,DEF7L65,Fiat/Uno,2025-06-23 08:12:00,2025-06-23 18:41:00,0 days 10:29:00,0,1,10.483333333333333,6,8,Monday,Segunda
23/06/2025,08:31,15:41,JBL7K65,Ford/Fiesta,2025-06-23 08:31:00,2025-06-23 15:41:00,0 days 07:10:00,0,1,7.166666666666667,6,8,Monday,Segunda
24/06/2025,06:04,15:10,ALC1D23,Toyota/Corolla,2025-06-24 06:04:00,2025-06-24 15:10:00,0 days 09:06:00,0,1,9.1,6,6,Tuesday,Terça
24/06/2025,06:44,15:22,JDL2M45,Chevrolet/Onix,2025-06-24 06:44:00,2025-06-24 15:22:00,0 days 08:38:00,0,1,8.633333333333333,6,6,Tuesday,Terça
24/06/2025,06:46,17:55,QWE3R67,Volkswagen/Polo,2025-06-24 06:46:00,2025-06-24 17:55:00,0 days 11:09:00,0,1,11.15,6,6,Tuesday,Terça
24/06/2025,06:48,17:39,RTY4U89,Hyundai/HB20,2025-06-24 06:48:00,2025-06-24 17:39:00,0 days 10:51:00,0,1,10.85,6,6,Tuesday,Terça
24/06/2025,06:49,17:21,UIO5P10,Honda/Civic,2025-06-24 06:49:00,2025-06-24 17:21:00,0 days 10:32:00,0,1,10.533333333333333,6,6,Tuesday,Terça
24/06/2025,06:37,19:45,ASD6F32,Nissan/Kicks,2025-06-24 06:37:00,2025-06-24 19:45:00,0 days 13:08:00,0,1,13.133333333333333,6,6,Tuesday,Terça
24/06/2025,06:34,19:42,ZXC7V54,Fiat/Fastback,2025-06-24 06:34:00,2025-06-24 19:42:00,0 days 13:08:00,0,1,13.133333333333333,6,6,Tuesday,Terça
24/06/2025,06:15,17:10,VBN8G76,Renault/Kwid,2025-06-24 06:15:00,2025-06-24 17:10:00,0 days 10:55:00,0,1,10.916666666666666,6,6,Tuesday,Terça
24/06/2025,06:07,17:30,MNB9H98,Jeep/Compass,2025-06-24 06:07:00,2025-06-24 17:30:00,0 days 11:23:00,0,1,11.383333333333333,6,6,Tuesday,Terça
24/06/2025,06:07,19:38,POI0J21,Peugeot/208,2025-06-24 06:07:00,2025-06-24 19:38:00,0 days 13:31:00,0,1,13.516666666666667,6,6,Tuesday,Terça
24/06/2025,06:30,15:03,LKM1Z43,Citroen/C3,2025-06-24 06:30:00,2025-06-24 15:03:00,0 days 08:33:00,0,1,8.55,6,6,Tuesday,Terça
24/06/2025,06:24,18:25,HGF2X65,BYD/Dolphin,2025-06-24 06:24:00,2025-06-24 18:25:00,0 days 12:01:00,0,1,12.016666666666667,6,6,Tuesday,Terça
24/06/2025,06:53,17:48,QAZ3W87,Toyota/Etios,2025-06-24 06:53:00,2025-06-24 17:48:00,0 days 10:55:00,0,1,10.916666666666666,6,6,Tuesday,Terça
24/06/2025,08:17,16:58,WSX4E09,Chevrolet/Cruze,2025-06-24 08:17:00,2025-06-24 16:58:00,0 days 08:41:00,0,1,8.683333333333334,6,8,Tuesday,Terça
24/06/2025,08:03,17:17,EDC5R21,Volkswagen/Fox,2025-06-24 08:03:00,2025-06-24 17:17:00,0 days 09:14:00,0,1,9.233333333333333,6,8,Tuesday,Terça
24/06/2025,09:26,18:17,RFV6T43,Hyundai/Tucson,2025-06-24 09:26:00,2025-06-24 18:17:00,0 days 08:51:00,0,1,8.85,6,9,Tuesday,Terça
24/06/2025,08:23,19:08,TGB7Y65,Honda/Fit,2025-06-24 08:23:00,2025-06-24 19:08:00,0 days 10:45:00,0,1,10.75,6,8,Tuesday,Terça
24/06/2025,09:50,17:31,YHN8U87,Nissan/March,2025-06-24 09:50:00,2025-06-24 17:31:00,0 days 07:41:00,0,1,7.683333333333334,6,9,Tuesday,Terça
24/06/2025,08:59,18:50,UJM9I09,Fiat/Palio,2025-06-24 08:59:00,2025-06-24 18:50:00,0 days 09:51:00,0,1,9.85,6,8,Tuesday,Terça
24/06/2025,08:59,16:14,IKL0O21,Renault/Sandero,2025-06-24 08:59:00,2025-06-24 16:14:00,0 days 07:15:00,0,1,7.25,6,8,Tuesday,Terça
24/06/2025,09:43,16:26,OLP1P43,Jeep/Renegade,2025-06-24 09:43:00,2025-06-24 16:26:00,0 days 06:43:00,0,1,6.716666666666667,6,9,Tuesday,Terça
24/06/2025,09:30,17:19,PAS2D65,Peugeot/308,2025-06-24 09:30:00,2025-06-24 17:19:00,0 days 07:49:00,0,1,7.816666666666666,6,9,Tuesday,Terça
24/06/2025,09:38,17:55,DFG3S87,Citroen/C4,2025-06-24 09:38:00,2025-06-24 17:55:00,0 days 08:17:00,0,1,8.283333333333333,6,9,Tuesday,Terça
24/06/2025,08:11,19:18,SDF4G09,Ford/Focus,2025-06-24 08:11:00,2025-06-24 19:18:00,0 days 11:07:00,0,1,11.116666666666667,6,8,Tuesday,Terça
24/06/2025,08:15,19:13,GHG5H21,Kia/Soul,2025-06-24 08:15:00,2025-06-24 19:13:00,0 days 10:58:00,0,1,10.966666666666667,6,8,Tuesday,Terça
24/06/2025,09:27,17:16,HJK6J43,Mitsubishi/ASX,2025-06-24 09:27:00,2025-06-24 17:16:00,0 days 07:49:00,0,1,7.816666666666666,6,9,Tuesday,Terça
24/06/2025,09:07,15:57,JKL7K65,Suzuki/Swift,2025-06-24 09:07:00,2025-06-24 15:57:00,0 days 06:50:00,0,1,6.833333333333333,6,9,Tuesday,Terça
24/06/2025,08:53,19:16,AJC7M65,Chevrolet/Celta,2025-06-24 08:53:00,2025-06-24 19:16:00,0 days 10:23:00,0,1,10.383333333333333,6,8,Tuesday,Terça
24/06/2025,08:56,15:11,DEF7L65,Fiat/Uno,2025-06-24 08:56:00,2025-06-24 15:11:00,0 days 06:15:00,0,1,6.25,6,8,Tuesday,Terça
24/06/2025,09:27,15:35,JBL7K65,Ford/Fiesta,2025-06-24 09:27:00,2025-06-24 15:35:00,0 days 06:08:00,0,1,6.133333333333334,6,9,Tuesday,Terça
25/06/2025,06:37,19:18,ALC1D23,Toyota/Corolla,2025-06-25 06:37:00,2025-06-25 19:18:00,0 days 12:41:00,0,1,12.683333333333334,6,6,Wednesday,Quarta
25/06/2025,06:39,17:13,JDL2M45,Chevrolet/Onix,2025-06-25 06:39:00,2025-06-25 17:13:00,0 days 10:34:00,0,1,10.566666666666666,6,6,Wednesday,Quarta
25/06/2025,06:28,16:40,QWE3R67,Volkswagen/Polo,2025-06-25 06:28:00,2025-06-25 16:40:00,0 days 10:12:00,0,1,10.2,6,6,Wednesday,Quarta
25/06/2025,06:33,16:51,RTY4U89,Hyundai/HB20,2025-06-25 06:33:00,2025-06-25 16:51:00,0 days 10:18:00,0,1,10.3,6,6,Wednesday,Quarta
25/06/2025,06:53,16:31,UIO5P10,Honda/Civic,2025-06-25 06:53:00,2025-06-25 16:31:00,0 days 09:38:00,0,1,9.633333333333333,6,6,Wednesday,Quarta
25/06/2025,06:35,16:42,ASD6F32,Nissan/Kicks,2025-06-25 06:35:00,2025-06-25 16:42:00,0 days 10:07:00,0,1,10.116666666666667,6,6,Wednesday,Quarta
25/06/2025,06:26,15:56,ZXC7V54,Fiat/Fastback,2025-06-25 06:26:00,2025-06-25 15:56:00,0 days 09:30:00,0,1,9.5,6,6,Wednesday,Quarta
25/06/2025,06:57,19:34,VBN8G76,Renault/Kwid,2025-06-25 06:57:00,2025-06-25 19:34:00,0 days 12:37:00,0,1,12.616666666666667,6,6,Wednesday,Quarta
25/06/2025,06:08,16:22,MNB9H98,Jeep/Compass,2025-06-25 06:08:00,2025-06-25 16:22:00,0 days 10:14:00,0,1,10.233333333333333,6,6,Wednesday,Quarta
25/06/2025,06:07,18:39,POI0J21,Peugeot/208,2025-06-25 06:07:00,2025-06-25 18:39:00,0 days 12:32:00,0,1,12.533333333333333,6,6,Wednesday,Quarta
25/06/2025,06:03,19:41,LKM1Z43,Citroen/C3,2025-06-25 06:03:00,2025-06-25 19:41:00,0 days 13:38:00,0,1,13.633333333333333,6,6,Wednesday,Quarta
25/06/2025,06:20,17:50,HGF2X65,BYD/Dolphin,2025-06-25 06:20:00,2025-06-25 17:50:00,0 days 11:30:00,0,1,11.5,6,6,Wednesday,Quarta
25/06/2025,06:25,15:20,QAZ3W87,Toyota/Etios,2025-06-25 06:25:00,2025-06-25 15:20:00,0 days 08:55:00,0,1,8.916666666666666,6,6,Wednesday,Quarta
25/06/2025,08:36,15:19,WSX4E09,Chevrolet/Cruze,2025-06-25 08:36:00,2025-06-25 15:19:00,0 days 06:43:00,0,1,6.716666666666667,6,8,Wednesday,Quarta
25/06/2025,08:12,19:55,EDC5R21,Volkswagen/Fox,2025-06-25 08:12:00,2025-06-25 19:55:00,0 days 11:43:00,0,1,11.716666666666667,6,8,Wednesday,Quarta
25/06/2025,09:48,15:48,RFV6T43,Hyundai/Tucson,2025-06-25 09:48:00,2025-06-25 15:48:00,0 days 06:00:00,0,1,6.0,6,9,Wednesday,Quarta
25/06/2025,09:45,16:25,TGB7Y65,Honda/Fit,2025-06-25 09:45:00,2025-06-25 16:25:00,0 days 06:40:00,0,1,6.666666666666667,6,9,Wednesday,Quarta
25/06/2025,08:33,16:32,YHN8U87,Nissan/March,2025-06-25 08:33:00,2025-06-25 16:32:00,0 days 07:59:00,0,1,7.983333333333333,6,8,Wednesday,Quarta
25/06/2025,08:57,16:29,UJM9I09,Fiat/Palio,2025-06-25 08:57:00,2025-06-25 16:29:00,0 days 07:32:00,0,1,7.533333333333333,6,8,Wednesday,Quarta
25/06/2025,08:40,19:55,IKL0O21,Renault/Sandero,2025-06-25 08:40:00,2025-06-25 19:55:00,0 days 11:15:00,0,1,11.25,6,8,Wednesday,Quarta
25/06/2025,08:15,18:32,OLP1P43,Jeep/Renegade,2025-06-25 08:15:00,2025-06-25 18:32:00,0 days 10:17:00,0,1,10.283333333333333,6,8,Wednesday,Quarta
25/06/2025,09:05,16:27,PAS2D65,Peugeot/308,2025-06-25 09:05:00,2025-06-25 16:27:00,0 days 07:22:00,0,1,7.366666666666666,6,9,Wednesday,Quarta
25/06/2025,09:48,17:06,DFG3S87,Citroen/C4,2025-06-25 09:48:00,2025-06-25 17:06:00,0 days 07:18:00,0,1,7.3,6,9,Wednesday,Quarta
25/06/2025,09:16,19:07,SDF4G09,Ford/Focus,2025-06-25 09:16:00,2025-06-25 19:07:00,0 days 09:51:00,0,1,9.85,6,9,Wednesday,Quarta
25/06/2025,09:06,18:14,GHG5H21,Kia/Soul,2025-06-25 09:06:00,2025-06-25 18:14:00,0 days 09:08:00,0,1,9.133333333333333,6,9,Wednesday,Quarta
25/06/2025,08:16,18:00,HJK6J43,Mitsubishi/ASX,2025-06-25 08:16:00,2025-06-25 18:00:00,0 days 09:44:00,0,1,9.733333333333333,6,8,Wednesday,Quarta
25/06/2025,09:01,17:47,JKL7K65,Suzuki/Swift,2025-06-25 09:01:00,2025-06-25 17:47:00,0 days 08:46:00,0,1,8.766666666666667,6,9,Wednesday,Quarta
25/06/2025,10:57,17:06,AJC7M65,Chevrolet/Celta,2025-06-25 10:57:00,2025-06-25 17:06:00,0 days 06:09:00,0,1,6.15,6,10,Wednesday,Quarta
25/06/2025,08:27,17:35,DEF7L65,Fiat/Uno,2025-06-25 08:27:00,2025-06-25 17:35:00,0 days 09:08:00,0,1,9.133333333333333,6,8,Wednesday,Quarta
25/06/2025,10:24,15:35,JBL7K65,Ford/Fiesta,2025-06-25 10:24:00,2025-06-25 15:35:00,0 days 05:11:00,0,1,5.183333333333334,6,10,Wednesday,Quarta
26/06/2025,06:32,18:17,ALC1D23,Toyota/Corolla,2025-06-26 06:32:00,2025-06-26 18:17:00,0 days 11:45:00,0,1,11.75,6,6,Thursday,Quinta
26/06/2025,06:07,17:39,JDL2M45,Chevrolet/Onix,2025-06-26 06:07:00,2025-06-26 17:39:00,0 days 11:32:00,0,1,11.533333333333333,6,6,Thursday,Quinta
26/06/2025,06:51,19:33,QWE3R67,Volkswagen/Polo,2025-06-26 06:51:00,2025-06-26 19:33:00,0 days 12:42:00,0,1,12.7,6,6,Thursday,Quinta
26/06/2025,06:55,18:07,RTY4U89,Hyundai/HB20,2025-06-26 06:55:00,2025-06-26 18:07:00,0 days 11:12:00,0,1,11.2,6,6,Thursday,Quinta
26/06/2025,06:42,15:03,UIO5P10,Honda/Civic,2025-06-26 06:42:00,2025-06-26 15:03:00,0 days 08:21:00,0,1,8.35,6,6,Thursday,Quinta
26/06/2025,06:49,17:33,ASD6F32,Nissan/Kicks,2025-06-26 06:49:00,2025-06-26 17:33:00,0 days 10:44:00,0,1,10.733333333333333,6,6,Thursday,Quinta
26/06/2025,06:12,17:25,ZXC7V54,Fiat/Fastback,2025-06-26 06:12:00,2025-06-26 17:25:00,0 days 11:13:00,0,1,11.216666666666667,6,6,Thursday,Quinta
26/06/2025,06:28,17:45,VBN8G76,Renault/Kwid,2025-06-26 06:28:00,2025-06-26 17:45:00,0 days 11:17:00,0,1,11.283333333333333,6,6,Thursday,Quinta
26/06/2025,06:35,16:59,MNB9H98,Jeep/Compass,2025-06-26 06:35:00,2025-06-26 16:59:00,0 days 10:24:00,0,1,10.4,6,6,Thursday,Quinta
26/06/2025,06:06,18:09,POI0J21,Peugeot/208,2025-06-26 06:06:00,2025-06-26 18:09:00,0 days 12:03:00,0,1,12.05,6,6,Thursday,Quinta
26/06/2025,06:58,15:06,LKM1Z43,Citroen/C3,2025-06-26 06:58:00,2025-06-26 15:06:00,0 days 08:08:00,0,1,8.133333333333333,6,6,Thursday,Quinta
26/06/2025,06:10,15:00,HGF2X65,BYD/Dolphin,2025-06-26 06:10:00,2025-06-26 15:00:00,0 days 08:50:00,0,1,8.833333333333334,6,6,Thursday,Quinta
26/06/2025,06:20,15:44,QAZ3W87,Toyota/Etios,2025-06-26 06:20:00,2025-06-26 15:44:00,0 days 09:24:00,0,1,9.4,6,6,Thursday,Quinta
26/06/2025,09:29,19:37,WSX4E09,Chevrolet/Cruze,2025-06-26 09:29:00,2025-06-26 19:37:00,0 days 10:08:00,0,1,10.133333333333333,6,9,Thursday,Quinta
26/06/2025,09:43,15:26,EDC5R21,Volkswagen/Fox,2025-06-26 09:43:00,2025-06-26 15:26:00,0 days 05:43:00,0,1,5.716666666666667,6,9,Thursday,Quinta
26/06/2025,08:57,15:15,RFV6T43,Hyundai/Tucson,2025-06-26 08:57:00,2025-06-26 15:15:00,0 days 06:18:00,0,1,6.3,6,8,Thursday,Quinta
26/06/2025,09:10,18:35,TGB7Y65,Honda/Fit,2025-06-26 09:10:00,2025-06-26 18:35:00,0 days 09:25:00,0,1,9.416666666666666,6,9,Thursday,Quinta
26/06/2025,09:21,17:08,YHN8U87,Nissan/March,2025-06-26 09:21:00,2025-06-26 17:08:00,0 days 07:47:00,0,1,7.783333333333333,6,9,Thursday,Quinta
26/06/2025,08:28,18:33,UJM9I09,Fiat/Palio,2025-06-26 08:28:00,2025-06-26 18:33:00,0 days 10:05:00,0,1,10.083333333333334,6,8,Thursday,Quinta
26/06/2025,08:40,16:50,IKL0O21,Renault/Sandero,2025-06-26 08:40:00,2025-06-26 16:50:00,0 days 08:10:00,0,1,8.166666666666666,6,8,Thursday,Quinta
26/06/2025,09:26,17:50,OLP1P43,Jeep/Renegade,2025-06-26 09:26:00,2025-06-26 17:50:00,0 days 08:24:00,0,1,8.4,6,9,Thursday,Quinta
26/06/2025,09:38,16:34,PAS2D65,Peugeot/308,2025-06-26 09:38:00,2025-06-26 16:34:00,0 days 06:56:00,0,1,6.933333333333334,6,9,Thursday,Quinta
26/06/2025,08:28,19:51,DFG3S87,Citroen/C4,2025-06-26 08:28:00,2025-06-26 19:51:00,0 days 11:23:00,0,1,11.383333333333333,6,8,Thursday,Quinta
26/06/2025,09:13,15:01,SDF4G09,Ford/Focus,2025-06-26 09:13:00,2025-06-26 15:01:00,0 days 05:48:00,0,1,5.8,6,9,Thursday,Quinta
26/06/2025,09:56,15:08,GHG5H21,Kia/Soul,2025-06-26 09:56:00,2025-06-26 15:08:00,0 days 05:12:00,0,1,5.2,6,9,Thursday,Quinta
26/06/2025,08:35,18:11,HJK6J43,Mitsubishi/ASX,2025-06-26 08:35:00,2025-06-26 18:11:00,0 days 09:36:00,0,1,9.6,6,8,Thursday,Quinta
26/06/2025,10:48,16:55,JKL7K65,Suzuki/Swift,2025-06-26 10:48:00,2025-06-26 16:55:00,0 days 06:07:00,0,1,6.116666666666666,6,10,Thursday,Quinta
26/06/2025,09:15,15:19,AJC7M65,Chevrolet/Celta,2025-06-26 09:15:00,2025-06-26 15:19:00,0 days 06:04:00,0,1,6.066666666666666,6,9,Thursday,Quinta
26/06/2025,08:09,16:42,DEF7L65,Fiat/Uno,2025-06-26 08:09:00,2025-06-26 16:42:00,0 days 08:33:00,0,1,8.55,6,8,Thursday,Quinta
26/06/2025,08:29,17:32,JBL7K65,Ford/Fiesta,2025-06-26 08:29:00,2025-06-26 17:32:00,0 days 09:03:00,0,1,9.05,6,8,Thursday,Quinta
27/06/2025,06:34,19:16,ALC1D23,Toyota/Corolla,2025-06-27 06:34:00,2025-06-27 19:16:00,0 days 12:42:00,0,1,12.7,6,6,Friday,Sexta
27/06/2025,06:52,17:23,JDL2M45,Chevrolet/Onix,2025-06-27 06:52:00,2025-06-27 17:23:00,0 days 10:31:00,0,1,10.516666666666667,6,6,Friday,Sexta
27/06/2025,06:33,15:25,QWE3R67,Volkswagen/Polo,2025-06-27 06:33:00,2025-06-27 15:25:00,0 days 08:52:00,0,1,8.866666666666667,6,6,Friday,Sexta
27/06/2025,06:52,17:29,RTY4U89,Hyundai/HB20,2025-06-27 06:52:00,2025-06-27 17:29:00,0 days 10:37:00,0,1,10.616666666666667,6,6,Friday,Sexta
27/06/2025,06:52,18:22,UIO5P10,Honda/Civic,2025-06-27 06:52:00,2025-06-27 18:22:00,0 days 11:30:00,0,1,11.5,6,6,Friday,Sexta
27/06/2025,06:25,19:52,ASD6F32,Nissan/Kicks,2025-06-27 06:25:00,2025-06-27 19:52:00,0 days 13:27:00,0,1,13.45,6,6,Friday,Sexta
27/06/2025,06:34,16:41,ZXC7V54,Fiat/Fastback,2025-06-27 06:34:00,2025-06-27 16:41:00,0 days 10:07:00,0,1,10.116666666666667,6,6,Friday,Sexta
27/06/2025,06:20,16:52,VBN8G76,Renault/Kwid,2025-06-27 06:20:00,2025-06-27 16:52:00,0 days 10:32:00,0,1,10.533333333333333,6,6,Friday,Sexta
27/06/2025,06:55,17:48,MNB9H98,Jeep/Compass,2025-06-27 06:55:00,2025-06-27 17:48:00,0 days 10:53:00,0,1,10.883333333333333,6,6,Friday,Sexta
27/06/2025,06:13,19:35,POI0J21,Peugeot/208,2025-06-27 06:13:00,2025-06-27 19:35:00,0 days 13:22:00,0,1,13.366666666666667,6,6,Friday,Sexta
27/06/2025,06:38,17:44,LKM1Z43,Citroen/C3,2025-06-27 06:38:00,2025-06-27 17:44:00,0 days 11:06:00,0,1,11.1,6,6,Friday,Sexta
27/06/2025,06:28,19:11,HGF2X65,BYD/Dolphin,2025-06-27 06:28:00,2025-06-27 19:11:00,0 days 12:43:00,0,1,12.716666666666667,6,6,Friday,Sexta
27/06/2025,06:52,18:41,QAZ3W87,Toyota/Etios,2025-06-27 06:52:00,2025-06-27 18:41:00,0 days 11:49:00,0,1,11.816666666666666,6,6,Friday,Sexta
27/06/2025,08:42,17:18,WSX4E09,Chevrolet/Cruze,2025-06-27 08:42:00,2025-06-27 17:18:00,0 days 08:36:00,0,1,8.6,6,8,Friday,Sexta
27/06/2025,08:18,15:42,EDC5R21,Volkswagen/Fox,2025-06-27 08:18:00,2025-06-27 15:42:00,0 days 07:24:00,0,1,7.4,6,8,Friday,Sexta
27/06/2025,08:54,18:52,RFV6T43,Hyundai/Tucson,2025-06-27 08:54:00,2025-06-27 18:52:00,0 days 09:58:00,0,1,9.966666666666667,6,8,Friday,Sexta
27/06/2025,08:49,18:48,TGB7Y65,Honda/Fit,2025-06-27 08:49:00,2025-06-27 18:48:00,0 days 09:59:00,0,1,9.983333333333333,6,8,Friday,Sexta
27/06/2025,09:15,16:42,YHN8U87,Nissan/March,2025-06-27 09:15:00,2025-06-27 16:42:00,0 days 07:27:00,0,1,7.45,6,9,Friday,Sexta
27/06/2025,09:23,19:40,UJM9I09,Fiat/Palio,2025-06-27 09:23:00,2025-06-27 19:40:00,0 days 10:17:00,0,1,10.283333333333333,6,9,Friday,Sexta
27/06/2025,09:51,18:52,IKL0O21,Renault/Sandero,2025-06-27 09:51:00,2025-06-27 18:52:00,0 days 09:01:00,0,1,9.016666666666667,6,9,Friday,Sexta
27/06/2025,08:22,17:38,OLP1P43,Jeep/Renegade,2025-06-27 08:22:00,2025-06-27 17:38:00,0 days 09:16:00,0,1,9.266666666666667,6,8,Friday,Sexta
27/06/2025,09:18,16:54,PAS2D65,Peugeot/308,2025-06-27 09:18:00,2025-06-27 16:54:00,0 days 07:36:00,0,1,7.6,6,9,Friday,Sexta
27/06/2025,08:19,18:04,DFG3S87,Citroen/C4,2025-06-27 08:19:00,2025-06-27 18:04:00,0 days 09:45:00,0,1,9.75,6,8,Friday,Sexta
27/06/2025,09:14,16:42,SDF4G09,Ford/Focus,2025-06-27 09:14:00,2025-06-27 16:42:00,0 days 07:28:00,0,1,7.466666666666667,6,9,Friday,Sexta
27/06/2025,09:32,18:22,GHG5H21,Kia/Soul,2025-06-27 09:32:00,2025-06-27 18:22:00,0 days 08:50:00,0,1,8.833333333333334,6,9,Friday,Sexta
27/06/2025,09:17,18:19,HJK6J43,Mitsubishi/ASX,2025-06-27 09:17:00,2025-06-27 18:19:00,0 days 09:02:00,0,1,9.033333333333333,6,9,Friday,Sexta
27/06/2025,08:49,19:33,JKL7K65,Suzuki/Swift,2025-06-27 08:49:00,2025-06-27 19:33:00,0 days 10:44:00,0,1,10.733333333333333,6,8,Friday,Sexta
27/06/2025,09:45,16:33,AJC7M65,Chevrolet/Celta,2025-06-27 09:45:00,2025-06-27 16:33:00,0 days 06:48:00,0,1,6.8,6,9,Friday,Sexta
27/06/2025,09:55,19:10,DEF7L65,Fiat/Uno,2025-06-27 09:55:00,2025-06-27 19:10:00,0 days 09:15:00,0,1,9.25,6,9,Friday,Sexta
27/06/2025,10:11,19:08,JBL7K65,Ford/Fiesta,2025-06-27 10:11:00,2025-06-27 19:08:00,0 days 08:57:00,0,1,8.95,6,10,Friday,Sexta
28/06/2025,08:11,15:09,WSX4E09,Chevrolet/Cruze,2025-06-28 08:11:00,2025-06-28 15:09:00,0 days 06:58:00,0,1,6.966666666666667,6,8,Saturday,Sábado
28/06/2025,09:56,16:38,EDC5R21,Volkswagen/Fox,2025-06-28 09:56:00,2025-06-28 16:38:00,0 days 06:42:00,0,1,6.7,6,9,Saturday,Sábado
28/06/2025,08:31,17:17,YHN8U87,Nissan/March,2025-06-28 08:31:00,2025-06-28 17:17:00,0 days 08:46:00,0,1,8.766666666666667,6,8,Saturday,Sábado
28/06/2025,08:11,19:09,UJM9I09,Fiat/Palio,2025-06-28 08:11:00,2025-06-28 19:09:00,0 days 10:58:00,0,1,10.966666666666667,6,8,Saturday,Sábado
28/06/2025,08:42,15:28,IKL0O21,Renault/Sandero,2025-06-28 08:42:00,2025-06-28 15:28:00,0 days 06:46:00,0,1,6.766666666666667,6,8,Saturday,Sábado
28/06/2025,08:18,19:38,OLP1P43,Jeep/Renegade,2025-06-28 08:18:00,2025-06-28 19:38:00,0 days 11:20:00,0,1,11.333333333333334,6,8,Saturday,Sábado
28/06/2025,08:19,17:51,PAS2D65,Peugeot/308,2025-06-28 08:19:00,2025-06-28 17:51:00,0 days 09:32:00,0,1,9.533333333333333,6,8,Saturday,Sábado
28/06/2025,08:52,16:31,SDF4G09,Ford/Focus,2025-06-28 08:52:00,2025-06-28 16:31:00,0 days 07:39:00,0,1,7.65,6,8,Saturday,Sábado
28/06/2025,08:20,17:24,GHG5H21,Kia/Soul,2025-06-28 08:20:00,2025-06-28 17:24:00,0 days 09:04:00,0,1,9.066666666666666,6,8,Saturday,Sábado
28/06/2025,09:46,17:54,HJK6J43,Mitsubishi/ASX,2025-06-28 09:46:00,2025-06-28 17:54:00,0 days 08:08:00,0,1,8.133333333333333,6,9,Saturday,Sábado
30/06/2025,06:27,19:08,ALC1D23,Toyota/Corolla,2025-06-30 06:27:00,2025-06-30 19:08:00,0 days 12:41:00,0,1,12.683333333333334,6,6,Monday,Segunda
30/06/2025,06:34,19:57,JDL2M45,Chevrolet/Onix,2025-06-30 06:34:00,2025-06-30 19:57:00,0 days 13:23:00,0,1,13.383333333333333,6,6,Monday,Segunda
30/06/2025,06:21,19:37,QWE3R67,Volkswagen/Polo,2025-06-30 06:21:00,2025-06-30 19:37:00,0 days 13:16:00,0,1,13.266666666666667,6,6,Monday,Segunda
30/06/2025,06:44,17:32,RTY4U89,Hyundai/HB20,2025-06-30 06:44:00,2025-06-30 17:32:00,0 days 10:48:00,0,1,10.8,6,6,Monday,Segunda
30/06/2025,06:47,18:14,UIO5P10,Honda/Civic,2025-06-30 06:47:00,2025-06-30 18:14:00,0 days 11:27:00,0,1,11.45,6,6,Monday,Segunda
30/06/2025,06:39,15:44,ASD6F32,Nissan/Kicks,2025-06-30 06:39:00,2025-06-30 15:44:00,0 days 09:05:00,0,1,9.083333333333334,6,6,Monday,Segunda
30/06/2025,06:23,19:44,ZXC7V54,Fiat/Fastback,2025-06-30 06:23:00,2025-06-30 19:44:00,0 days 13:21:00,0,1,13.35,6,6,Monday,Segunda
30/06/2025,06:01,17:35,VBN8G76,Renault/Kwid,2025-06-30 06:01:00,2025-06-30 17:35:00,0 days 11:34:00,0,1,11.566666666666666,6,6,Monday,Segunda
30/06/2025,06:08,18:09,MNB9H98,Jeep/Compass,2025-06-30 06:08:00,2025-06-30 18:09:00,0 days 12:01:00,0,1,12.016666666666667,6,6,Monday,Segunda
30/06/2025,06:19,19:46,POI0J21,Peugeot/208,2025-06-30 06:19:00,2025-06-30 19:46:00,0 days 13:27:00,0,1,13.45,6,6,Monday,Segunda
30/06/2025,06:22,17:08,LKM1Z43,Citroen/C3,2025-06-30 06:22:00,2025-06-30 17:08:00,0 days 10:46:00,0,1,10.766666666666667,6,6,Monday,Segunda
30/06/2025,06:35,15:16,HGF2X65,BYD/Dolphin,2025-06-30 06:35:00,2025-06-30 15:16:00,0 days 08:41:00,0,1,8.683333333333334,6,6,Monday,Segunda
30/06/2025,06:58,19:18,QAZ3W87,Toyota/Etios,2025-06-30 06:58:00,2025-06-30 19:18:00,0 days 12:20:00,0,1,12.333333333333334,6,6,Monday,Segunda
30/06/2025,09:02,15:43,WSX4E09,Chevrolet/Cruze,2025-06-30 09:02:00,2025-06-30 15:43:00,0 days 06:41:00,0,1,6.683333333333334,6,9,Monday,Segunda
30/06/2025,09:44,19:17,EDC5R21,Volkswagen/Fox,2025-06-30 09:44:00,2025-06-30 19:17:00,0 days 09:33:00,0,1,9.55,6,9,Monday,Segunda
30/06/2025,09:10,19:28,RFV6T43,Hyundai/Tucson,2025-06-30 09:10:00,2025-06-30 19:28:00,0 days 10:18:00,0,1,10.3,6,9,Monday,Segunda
30/06/2025,08:49,17:26,TGB7Y65,Honda/Fit,2025-06-30 08:49:00,2025-06-30 17:26:00,0 days 08:37:00,0,1,8.616666666666667,6,8,Monday,Segunda
30/06/2025,08:59,19:54,YHN8U87,Nissan/March,2025-06-30 08:59:00,2025-06-30 19:54:00,0 days 10:55:00,0,1,10.916666666666666,6,8,Monday,Segunda
30/06/2025,08:49,19:46,UJM9I09,Fiat/Palio,2025-06-30 08:49:00,2025-06-30 19:46:00,0 days 10:57:00,0,1,10.95,6,8,Monday,Segunda
30/06/2025,08:08,18:18,IKL0O21,Renault/Sandero,2025-06-30 08:08:00,2025-06-30 18:18:00,0 days 10:10:00,0,1,10.166666666666666,6,8,Monday,Segunda
30/06/2025,09:29,18:36,OLP1P43,Jeep/Renegade,2025-06-30 09:29:00,2025-06-30 18:36:00,0 days 09:07:00,0,1,9.116666666666667,6,9,Monday,Segunda
30/06/2025,09:34,18:16,PAS2D65,Peugeot/308,2025-06-30 09:34:00,2025-06-30 18:16:00,0 days 08:42:00,0,1,8.7,6,9,Monday,Segunda
30/06/2025,09:33,18:19,DFG3S87,Citroen/C4,2025-06-30 09:33:00,2025-06-30 18:19:00,0 days 08:46:00,0,1,8.766666666666667,6,9,Monday,Segunda
30/06/2025,09:25,15:09,SDF4G09,Ford/Focus,2025-06-30 09:25:00,2025-06-30 15:09:00,0 days 05:44:00,0,1,5.733333333333333,6,9,Monday,Segunda
30/06/2025,08:16,15:23,GHG5H21,Kia/Soul,2025-06-30 08:16:00,2025-06-30 15:23:00,0 days 07:07:00,0,1,7.116666666666666,6,8,Monday,Segunda
30/06/2025,08:42,17:41,HJK6J43,Mitsubishi/ASX,2025-06-30 08:42:00,2025-06-30 17:41:00,0 days 08:59:00,0,1,8.983333333333333,6,8,Monday,Segunda
30/06/2025,09:15,16:17,JKL7K65,Suzuki/Swift,2025-06-30 09:15:00,2025-06-30 16:17:00,0 days 07:02:00,0,1,7.033333333333333,6,9,Monday,Segunda
30/06/2025,10:23,15:51,AJC7M65,Chevrolet/Celta,2025-06-30 10:23:00,2025-06-30 15:51:00,0 days 05:28:00,0,1,5.466666666666667,6,10,Monday,Segunda
30/06/2025,08:45,15:28,DEF7L65,Fiat/Uno,2025-06-30 08:45:00,2025-06-30 15:28:00,0 days 06:43:00,0,1,6.716666666666667,6,8,Monday,Segunda
30/06/2025,09:19,16:24,JBL7K65,Ford/Fiesta,2025-06-30 09:19:00,2025-06-30 16:24:00,0 days 07:05:00,0,1,7.083333333333333,6,9,Monday,Segunda
01/07/2025,06:35,16:36,ALC1D23,Toyota/Corolla,2025-07-01 06:35:00,2025-07-01 16:36:00,0 days 10:01:00,0,1,10.016666666666667,7,6,Tuesday,Terça
01/07/2025,06:59,19:08,JDL2M45,Chevrolet/Onix,2025-07-01 06:59:00,2025-07-01 19:08:00,0 days 12:09:00,0,1,12.15,7,6,Tuesday,Terça
01/07/2025,06:31,15:07,QWE3R67,Volkswagen/Polo,2025-07-01 06:31:00,2025-07-01 15:07:00,0 days 08:36:00,0,1,8.6,7,6,Tuesday,Terça
01/07/2025,06:37,19:00,RTY4U89,Hyundai/HB20,2025-07-01 06:37:00,2025-07-01 19:00:00,0 days 12:23:00,0,1,12.383333333333333,7,6,Tuesday,Terça
01/07/2025,06:25,19:22,UIO5P10,Honda/Civic,2025-07-01 06:25:00,2025-07-01 19:22:00,0 days 12:57:00,0,1,12.95,7,6,Tuesday,Terça
01/07/2025,06:22,16:09,ASD6F32,Nissan/Kicks,2025-07-01 06:22:00,2025-07-01 16:09:00,0 days 09:47:00,0,1,9.783333333333333,7,6,Tuesday,Terça
01/07/2025,06:45,15:36,ZXC7V54,Fiat/Fastback,2025-07-01 06:45:00,2025-07-01 15:36:00,0 days 08:51:00,0,1,8.85,7,6,Tuesday,Terça
01/07/2025,06:56,19:45,VBN8G76,Renault/Kwid,2025-07-01 06:56:00,2025-07-01 19:45:00,0 days 12:49:00,0,1,12.816666666666666,7,6,Tuesday,Terça
01/07/2025,06:25,16:29,MNB9H98,Jeep/Compass,2025-07-01 06:25:00,2025-07-01 16:29:00,0 days 10:04:00,0,1,10.066666666666666,7,6,Tuesday,Terça
01/07/2025,06:35,15:47,POI0J21,Peugeot/208,2025-07-01 06:35:00,2025-07-01 15:47:00,0 days 09:12:00,0,1,9.2,7,6,Tuesday,Terça
01/07/2025,06:36,18:55,LKM1Z43,Citroen/C3,2025-07-01 06:36:00,2025-07-01 18:55:00,0 days 12:19:00,0,1,12.316666666666666,7,6,Tuesday,Terça
01/07/2025,06:42,16:28,HGF2X65,BYD/Dolphin,2025-07-01 06:42:00,2025-07-01 16:28:00,0 days 09:46:00,0,1,9.766666666666667,7,6,Tuesday,Terça
01/07/2025,06:17,19:39,QAZ3W87,Toyota/Etios,2025-07-01 06:17:00,2025-07-01 19:39:00,0 days 13:22:00,0,1,13.366666666666667,7,6,Tuesday,Terça
01/07/2025,08:48,15:46,WSX4E09,Chevrolet/Cruze,2025-07-01 08:48:00,2025-07-01 15:46:00,0 days 06:58:00,0,1,6.966666666666667,7,8,Tuesday,Terça
01/07/2025,08:57,15:18,EDC5R21,Volkswagen/Fox,2025-07-01 08:57:00,2025-07-01 15:18:00,0 days 06:21:00,0,1,6.35,7,8,Tuesday,Terça
01/07/2025,09:04,19:29,RFV6T43,Hyundai/Tucson,2025-07-01 09:04:00,2025-07-01 19:29:00,0 days 10:25:00,0,1,10.416666666666666,7,9,Tuesday,Terça
01/07/2025,09:44,15:37,TGB7Y65,Honda/Fit,2025-07-01 09:44:00,2025-07-01 15:37:00,0 days 05:53:00,0,1,5.883333333333334,7,9,Tuesday,Terça
01/07/2025,09:17,17:40,YHN8U87,Nissan/March,2025-07-01 09:17:00,2025-07-01 17:40:00,0 days 08:23:00,0,1,8.383333333333333,7,9,Tuesday,Terça
01/07/2025,09:10,15:50,UJM9I09,Fiat/Palio,2025-07-01 09:10:00,2025-07-01 15:50:00,0 days 06:40:00,0,1,6.666666666666667,7,9,Tuesday,Terça
01/07/2025,09:38,18:43,IKL0O21,Renault/Sandero,2025-07-01 09:38:00,2025-07-01 18:43:00,0 days 09:05:00,0,1,9.083333333333334,7,9,Tuesday,Terça
01/07/2025,08:01,18:30,OLP1P43,Jeep/Renegade,2025-07-01 08:01:00,2025-07-01 18:30:00,0 days 10:29:00,0,1,10.483333333333333,7,8,Tuesday,Terça
01/07/2025,08:22,17:58,PAS2D65,Peugeot/308,2025-07-01 08:22:00,2025-07-01 17:58:00,0 days 09:36:00,0,1,9.6,7,8,Tuesday,Terça
01/07/2025,09:20,18:34,DFG3S87,Citroen/C4,2025-07-01 09:20:00,2025-07-01 18:34:00,0 days 09:14:00,0,1,9.233333333333333,7,9,Tuesday,Terça
01/07/2025,09:55,17:30,SDF4G09,Ford/Focus,2025-07-01 09:55:00,2025-07-01 17:30:00,0 days 07:35:00,0,1,7.583333333333333,7,9,Tuesday,Terça
01/07/2025,09:53,15:30,GHG5H21,Kia/Soul,2025-07-01 09:53:00,2025-07-01 15:30:00,0 days 05:37:00,0,1,5.616666666666666,7,9,Tuesday,Terça
01/07/2025,09:27,17:21,HJK6J43,Mitsubishi/ASX,2025-07-01 09:27:00,2025-07-01 17:21:00,0 days 07:54:00,0,1,7.9,7,9,Tuesday,Terça
01/07/2025,10:49,15:03,JKL7K65,Suzuki/Swift,2025-07-01 10:49:00,2025-07-01 15:03:00,0 days 04:14:00,0,1,4.233333333333333,7,10,Tuesday,Terça
01/07/2025,09:30,19:04,AJC7M65,Chevrolet/Celta,2025-07-01 09:30:00,2025-07-01 19:04:00,0 days 09:34:00,0,1,9.566666666666666,7,9,Tuesday,Terça
01/07/2025,09:27,17:57,DEF7L65,Fiat/Uno,2025-07-01 09:27:00,2025-07-01 17:57:00,0 days 08:30:00,0,1,8.5,7,9,Tuesday,Terça
01/07/2025,08:08,18:18,JBL7K65,Ford/Fiesta,2025-07-01 08:08:00,2025-07-01 18:18:00,0 days 10:10:00,0,1,10.166666666666666,7,8,Tuesday,Terça
02/07/2025,06:23,17:15,ALC1D23,Toyota/Corolla,2025-07-02 06:23:00,2025-07-02 17:15:00,0 days 10:52:00,0,1,10.866666666666667,7,6,Wednesday,Quarta
02/07/2025,06:49,18:38,JDL2M45,Chevrolet/Onix,2025-07-02 06:49:00,2025-07-02 18:38:00,0 days 11:49:00,0,1,11.816666666666666,7,6,Wednesday,Quarta
02/07/2025,06:30,15:50,QWE3R67,Volkswagen/Polo,2025-07-02 06:30:00,2025-07-02 15:50:00,0 days 09:20:00,0,1,9.333333333333334,7,6,Wednesday,Quarta
02/07/2025,06:58,19:49,RTY4U89,Hyundai/HB20,2025-07-02 06:58:00,2025-07-02 19:49:00,0 days 12:51:00,0,1,12.85,7,6,Wednesday,Quarta
02/07/2025,06:39,16:07,UIO5P10,Honda/Civic,2025-07-02 06:39:00,2025-07-02 16:07:00,0 days 09:28:00,0,1,9.466666666666667,7,6,Wednesday,Quarta
02/07/2025,06:18,17:20,ASD6F32,Nissan/Kicks,2025-07-02 06:18:00,2025-07-02 17:20:00,0 days 11:02:00,0,1,11.033333333333333,7,6,Wednesday,Quarta
02/07/2025,06:16,15:34,ZXC7V54,Fiat/Fastback,2025-07-02 06:16:00,2025-07-02 15:34:00,0 days 09:18:00,0,1,9.3,7,6,Wednesday,Quarta
02/07/2025,06:11,18:01,VBN8G76,Renault/Kwid,2025-07-02 06:11:00,2025-07-02 18:01:00,0 days 11:50:00,0,1,11.833333333333334,7,6,Wednesday,Quarta
02/07/2025,06:35,15:04,MNB9H98,Jeep/Compass,2025-07-02 06:35:00,2025-07-02 15:04:00,0 days 08:29:00,0,1,8.483333333333333,7,6,Wednesday,Quarta
02/07/2025,06:18,15:51,POI0J21,Peugeot/208,2025-07-02 06:18:00,2025-07-02 15:51:00,0 days 09:33:00,0,1,9.55,7,6,Wednesday,Quarta
02/07/2025,06:43,15:03,LKM1Z43,Citroen/C3,2025-07-02 06:43:00,2025-07-02 15:03:00,0 days 08:20:00,0,1,8.333333333333334,7,6,Wednesday,Quarta
02/07/2025,06:05,16:00,HGF2X65,BYD/Dolphin,2025-07-02 06:05:00,2025-07-02 16:00:00,0 days 09:55:00,0,1,9.916666666666666,7,6,Wednesday,Quarta
02/07/2025,06:10,15:35,QAZ3W87,Toyota/Etios,2025-07-02 06:10:00,2025-07-02 15:35:00,0 days 09:25:00,0,1,9.416666666666666,7,6,Wednesday,Quarta
02/07/2025,09:05,18:17,WSX4E09,Chevrolet/Cruze,2025-07-02 09:05:00,2025-07-02 18:17:00,0 days 09:12:00,0,1,9.2,7,9,Wednesday,Quarta
02/07/2025,09:14,15:56,EDC5R21,Volkswagen/Fox,2025-07-02 09:14:00,2025-07-02 15:56:00,0 days 06:42:00,0,1,6.7,7,9,Wednesday,Quarta
02/07/2025,08:30,15:58,RFV6T43,Hyundai/Tucson,2025-07-02 08:30:00,2025-07-02 15:58:00,0 days 07:28:00,0,1,7.466666666666667,7,8,Wednesday,Quarta
02/07/2025,08:50,17:37,TGB7Y65,Honda/Fit,2025-07-02 08:50:00,2025-07-02 17:37:00,0 days 08:47:00,0,1,8.783333333333333,7,8,Wednesday,Quarta
02/07/2025,08:26,15:53,YHN8U87,Nissan/March,2025-07-02 08:26:00,2025-07-02 15:53:00,0 days 07:27:00,0,1,7.45,7,8,Wednesday,Quarta
02/07/2025,09:19,19:36,UJM9I09,Fiat/Palio,2025-07-02 09:19:00,2025-07-02 19:36:00,0 days 10:17:00,0,1,10.283333333333333,7,9,Wednesday,Quarta
02/07/2025,09:42,15:21,IKL0O21,Renault/Sandero,2025-07-02 09:42:00,2025-07-02 15:21:00,0 days 05:39:00,0,1,5.65,7,9,Wednesday,Quarta
02/07/2025,09:02,17:45,OLP1P43,Jeep/Renegade,2025-07-02 09:02:00,2025-07-02 17:45:00,0 days 08:43:00,0,1,8.716666666666667,7,9,Wednesday,Quarta
02/07/2025,08:59,19:46,PAS2D65,Peugeot/308,2025-07-02 08:59:00,2025-07-02 19:46:00,0 days 10:47:00,0,1,10.783333333333333,7,8,Wednesday,Quarta
02/07/2025,08:48,15:38,DFG3S87,Citroen/C4,2025-07-02 08:48:00,2025-07-02 15:38:00,0 days 06:50:00,0,1,6.833333333333333,7,8,Wednesday,Quarta
02/07/2025,09:28,16:08,SDF4G09,Ford/Focus,2025-07-02 09:28:00,2025-07-02 16:08:00,0 days 06:40:00,0,1,6.666666666666667,7,9,Wednesday,Quarta
02/07/2025,08:38,18:16,GHG5H21,Kia/Soul,2025-07-02 08:38:00,2025-07-02 18:16:00,0 days 09:38:00,0,1,9.633333333333333,7,8,Wednesday,Quarta
02/07/2025,08:31,15:45,HJK6J43,Mitsubishi/ASX,2025-07-02 08:31:00,2025-07-02 15:45:00,0 days 07:14:00,0,1,7.233333333333333,7,8,Wednesday,Quarta
02/07/2025,10:16,16:35,JKL7K65,Suzuki/Swift,2025-07-02 10:16:00,2025-07-02 16:35:00,0 days 06:19:00,0,1,6.316666666666666,7,10,Wednesday,Quarta
02/07/2025,10:31,15:27,AJC7M65,Chevrolet/Celta,2025-07-02 10:31:00,2025-07-02 15:27:00,0 days 04:56:00,0,1,4.933333333333334,7,10,Wednesday,Quarta
02/07/2025,09:06,17:44,DEF7L65,Fiat/Uno,2025-07-02 09:06:00,2025-07-02 17:44:00,0 days 08:38:00,0,1,8.633333333333333,7,9,Wednesday,Quarta
02/07/2025,09:59,18:29,JBL7K65,Ford/Fiesta,2025-07-02 09:59:00,2025-07-02 18:29:00,0 days 08:30:00,0,1,8.5,7,9,Wednesday,Quarta
03/07/2025,06:54,17:54,ALC1D23,Toyota/Corolla,2025-07-03 06:54:00,2025-07-03 17:54:00,0 days 11:00:00,0,1,11.0,7,6,Thursday,Quinta
03/07/2025,06:39,17:46,JDL2M45,Chevrolet/Onix,2025-07-03 06:39:00,2025-07-03 17:46:00,0 days 11:07:00,0,1,11.116666666666667,7,6,Thursday,Quinta
03/07/2025,06:32,17:31,QWE3R67,Volkswagen/Polo,2025-07-03 06:32:00,2025-07-03 17:31:00,0 days 10:59:00,0,1,10.983333333333333,7,6,Thursday,Quinta
03/07/2025,06:31,15:52,RTY4U89,Hyundai/HB20,2025-07-03 06:31:00,2025-07-03 15:52:00,0 days 09:21:00,0,1,9.35,7,6,Thursday,Quinta
03/07/2025,06:28,19:43,UIO5P10,Honda/Civic,2025-07-03 06:28:00,2025-07-03 19:43:00,0 days 13:15:00,0,1,13.25,7,6,Thursday,Quinta
03/07/2025,06:13,16:29,ASD6F32,Nissan/Kicks,2025-07-03 06:13:00,2025-07-03 16:29:00,0 days 10:16:00,0,1,10.266666666666667,7,6,Thursday,Quinta
03/07/2025,06:28,17:30,ZXC7V54,Fiat/Fastback,2025-07-03 06:28:00,2025-07-03 17:30:00,0 days 11:02:00,0,1,11.033333333333333,7,6,Thursday,Quinta
03/07/2025,06:37,18:49,VBN8G76,Renault/Kwid,2025-07-03 06:37:00,2025-07-03 18:49:00,0 days 12:12:00,0,1,12.2,7,6,Thursday,Quinta
03/07/2025,06:58,18:56,MNB9H98,Jeep/Compass,2025-07-03 06:58:00,2025-07-03 18:56:00,0 days 11:58:00,0,1,11.966666666666667,7,6,Thursday,Quinta
03/07/2025,06:34,15:31,POI0J21,Peugeot/208,2025-07-03 06:34:00,2025-07-03 15:31:00,0 days 08:57:00,0,1,8.95,7,6,Thursday,Quinta
03/07/2025,06:43,15:07,LKM1Z43,Citroen/C3,2025-07-03 06:43:00,2025-07-03 15:07:00,0 days 08:24:00,0,1,8.4,7,6,Thursday,Quinta
03/07/2025,06:15,15:35,HGF2X65,BYD/Dolphin,2025-07-03 06:15:00,2025-07-03 15:35:00,0 days 09:20:00,0,1,9.333333333333334,7,6,Thursday,Quinta
03/07/2025,06:20,18:11,QAZ3W87,Toyota/Etios,2025-07-03 06:20:00,2025-07-03 18:11:00,0 days 11:51:00,0,1,11.85,7,6,Thursday,Quinta
03/07/2025,08:35,18:06,WSX4E09,Chevrolet/Cruze,2025-07-03 08:35:00,2025-07-03 18:06:00,0 days 09:31:00,0,1,9.516666666666667,7,8,Thursday,Quinta
03/07/2025,09:06,19:38,EDC5R21,Volkswagen/Fox,2025-07-03 09:06:00,2025-07-03 19:38:00,0 days 10:32:00,0,1,10.533333333333333,7,9,Thursday,Quinta
03/07/2025,09:02,16:40,RFV6T43,Hyundai/Tucson,2025-07-03 09:02:00,2025-07-03 16:40:00,0 days 07:38:00,0,1,7.633333333333334,7,9,Thursday,Quinta
03/07/2025,08:46,19:21,TGB7Y65,Honda/Fit,2025-07-03 08:46:00,2025-07-03 19:21:00,0 days 10:35:00,0,1,10.583333333333334,7,8,Thursday,Quinta
03/07/2025,09:25,16:53,YHN8U87,Nissan/March,2025-07-03 09:25:00,2025-07-03 16:53:00,0 days 07:28:00,0,1,7.466666666666667,7,9,Thursday,Quinta
03/07/2025,09:11,18:36,UJM9I09,Fiat/Palio,2025-07-03 09:11:00,2025-07-03 18:36:00,0 days 09:25:00,0,1,9.416666666666666,7,9,Thursday,Quinta
03/07/2025,08:06,15:32,IKL0O21,Renault/Sandero,2025-07-03 08:06:00,2025-07-03 15:32:00,0 days 07:26:00,0,1,7.433333333333334,7,8,Thursday,Quinta
03/07/2025,08:31,17:41,OLP1P43,Jeep/Renegade,2025-07-03 08:31:00,2025-07-03 17:41:00,0 days 09:10:00,0,1,9.166666666666666,7,8,Thursday,Quinta
03/07/2025,08:26,19:54,PAS2D65,Peugeot/308,2025-07-03 08:26:00,2025-07-03 19:54:00,0 days 11:28:00,0,1,11.466666666666667,7,8,Thursday,Quinta
03/07/2025,09:44,16:31,DFG3S87,Citroen/C4,2025-07-03 09:44:00,2025-07-03 16:31:00,0 days 06:47:00,0,1,6.783333333333333,7,9,Thursday,Quinta
03/07/2025,08:57,15:27,SDF4G09,Ford/Focus,2025-07-03 08:57:00,2025-07-03 15:27:00,0 days 06:30:00,0,1,6.5,7,8,Thursday,Quinta
03/07/2025,09:24,17:25,GHG5H21,Kia/Soul,2025-07-03 09:24:00,2025-07-03 17:25:00,0 days 08:01:00,0,1,8.016666666666667,7,9,Thursday,Quinta
03/07/2025,09:00,18:20,HJK6J43,Mitsubishi/ASX,2025-07-03 09:00:00,2025-07-03 18:20:00,0 days 09:20:00,0,1,9.333333333333334,7,9,Thursday,Quinta
03/07/2025,08:09,17:33,JKL7K65,Suzuki/Swift,2025-07-03 08:09:00,2025-07-03 17:33:00,0 days 09:24:00,0,1,9.4,7,8,Thursday,Quinta
03/07/2025,09:14,18:22,AJC7M65,Chevrolet/Celta,2025-07-03 09:14:00,2025-07-03 18:22:00,0 days 09:08:00,0,1,9.133333333333333,7,9,Thursday,Quinta
03/07/2025,10:11,19:06,DEF7L65,Fiat/Uno,2025-07-03 10:11:00,2025-07-03 19:06:00,0 days 08:55:00,0,1,8.916666666666666,7,10,Thursday,Quinta
03/07/2025,10:07,16:59,JBL7K65,Ford/Fiesta,2025-07-03 10:07:00,2025-07-03 16:59:00,0 days 06:52:00,0,1,6.866666666666666,7,10,Thursday,Quinta
04/07/2025,06:42,15:13,ALC1D23,Toyota/Corolla,2025-07-04 06:42:00,2025-07-04 15:13:00,0 days 08:31:00,0,1,8.516666666666667,7,6,Friday,Sexta
04/07/2025,06:49,17:33,JDL2M45,Chevrolet/Onix,2025-07-04 06:49:00,2025-07-04 17:33:00,0 days 10:44:00,0,1,10.733333333333333,7,6,Friday,Sexta
04/07/2025,06:13,15:26,QWE3R67,Volkswagen/Polo,2025-07-04 06:13:00,2025-07-04 15:26:00,0 days 09:13:00,0,1,9.216666666666667,7,6,Friday,Sexta
04/07/2025,06:02,19:27,RTY4U89,Hyundai/HB20,2025-07-04 06:02:00,2025-07-04 19:27:00,0 days 13:25:00,0,1,13.416666666666666,7,6,Friday,Sexta
04/07/2025,06:56,18:37,UIO5P10,Honda/Civic,2025-07-04 06:56:00,2025-07-04 18:37:00,0 days 11:41:00,0,1,11.683333333333334,7,6,Friday,Sexta
04/07/2025,06:40,17:03,ASD6F32,Nissan/Kicks,2025-07-04 06:40:00,2025-07-04 17:03:00,0 days 10:23:00,0,1,10.383333333333333,7,6,Friday,Sexta
04/07/2025,06:50,18:33,ZXC7V54,Fiat/Fastback,2025-07-04 06:50:00,2025-07-04 18:33:00,0 days 11:43:00,0,1,11.716666666666667,7,6,Friday,Sexta
04/07/2025,06:48,18:46,VBN8G76,Renault/Kwid,2025-07-04 06:48:00,2025-07-04 18:46:00,0 days 11:58:00,0,1,11.966666666666667,7,6,Friday,Sexta
04/07/2025,06:50,15:37,MNB9H98,Jeep/Compass,2025-07-04 06:50:00,2025-07-04 15:37:00,0 days 08:47:00,0,1,8.783333333333333,7,6,Friday,Sexta
04/07/2025,06:34,19:29,POI0J21,Peugeot/208,2025-07-04 06:34:00,2025-07-04 19:29:00,0 days 12:55:00,0,1,12.916666666666666,7,6,Friday,Sexta
04/07/2025,06:55,17:37,LKM1Z43,Citroen/C3,2025-07-04 06:55:00,2025-07-04 17:37:00,0 days 10:42:00,0,1,10.7,7,6,Friday,Sexta
04/07/2025,06:11,17:52,HGF2X65,BYD/Dolphin,2025-07-04 06:11:00,2025-07-04 17:52:00,0 days 11:41:00,0,1,11.683333333333334,7,6,Friday,Sexta
04/07/2025,06:05,15:05,QAZ3W87,Toyota/Etios,2025-07-04 06:05:00,2025-07-04 15:05:00,0 days 09:00:00,0,1,9.0,7,6,Friday,Sexta
04/07/2025,08:48,15:52,WSX4E09,Chevrolet/Cruze,2025-07-04 08:48:00,2025-07-04 15:52:00,0 days 07:04:00,0,1,7.066666666666666,7,8,Friday,Sexta
04/07/2025,08:12,19:05,EDC5R21,Volkswagen/Fox,2025-07-04 08:12:00,2025-07-04 19:05:00,0 days 10:53:00,0,1,10.883333333333333,7,8,Friday,Sexta
04/07/2025,09:27,16:42,RFV6T43,Hyundai/Tucson,2025-07-04 09:27:00,2025-07-04 16:42:00,0 days 07:15:00,0,1,7.25,7,9,Friday,Sexta
04/07/2025,08:08,17:37,TGB7Y65,Honda/Fit,2025-07-04 08:08:00,2025-07-04 17:37:00,0 days 09:29:00,0,1,9.483333333333333,7,8,Friday,Sexta
04/07/2025,08:23,19:28,YHN8U87,Nissan/March,2025-07-04 08:23:00,2025-07-04 19:28:00,0 days 11:05:00,0,1,11.083333333333334,7,8,Friday,Sexta
04/07/2025,08:52,16:13,UJM9I09,Fiat/Palio,2025-07-04 08:52:00,2025-07-04 16:13:00,0 days 07:21:00,0,1,7.35,7,8,Friday,Sexta
04/07/2025,08:48,16:32,IKL0O21,Renault/Sandero,2025-07-04 08:48:00,2025-07-04 16:32:00,0 days 07:44:00,0,1,7.733333333333333,7,8,Friday,Sexta
04/07/2025,09:08,16:51,OLP1P43,Jeep/Renegade,2025-07-04 09:08:00,2025-07-04 16:51:00,0 days 07:43:00,0,1,7.716666666666667,7,9,Friday,Sexta
04/07/2025,09:18,18:46,PAS2D65,Peugeot/308,2025-07-04 09:18:00,2025-07-04 18:46:00,0 days 09:28:00,0,1,9.466666666666667,7,9,Friday,Sexta
04/07/2025,08:34,16:57,DFG3S87,Citroen/C4,2025-07-04 08:34:00,2025-07-04 16:57:00,0 days 08:23:00,0,1,8.383333333333333,7,8,Friday,Sexta
04/07/2025,08:43,19:22,SDF4G09,Ford/Focus,2025-07-04 08:43:00,2025-07-04 19:22:00,0 days 10:39:00,0,1,10.65,7,8,Friday,Sexta
04/07/2025,08:47,17:07,GHG5H21,Kia/Soul,2025-07-04 08:47:00,2025-07-04 17:07:00,0 days 08:20:00,0,1,8.333333333333334,7,8,Friday,Sexta
04/07/2025,09:23,18:33,HJK6J43,Mitsubishi/ASX,2025-07-04 09:23:00,2025-07-04 18:33:00,0 days 09:10:00,0,1,9.166666666666666,7,9,Friday,Sexta
04/07/2025,10:26,16:20,JKL7K65,Suzuki/Swift,2025-07-04 10:26:00,2025-07-04 16:20:00,0 days 05:54:00,0,1,5.9,7,10,Friday,Sexta
04/07/2025,08:11,19:47,AJC7M65,Chevrolet/Celta,2025-07-04 08:11:00,2025-07-04 19:47:00,0 days 11:36:00,0,1,11.6,7,8,Friday,Sexta
04/07/2025,08:53,15:48,DEF7L65,Fiat/Uno,2025-07-04 08:53:00,2025-07-04 15:48:00,0 days 06:55:00,0,1,6.916666666666667,7,8,Friday,Sexta
04/07/2025,10:28,17:43,JBL7K65,Ford/Fiesta,2025-07-04 10:28:00,2025-07-04 17:43:00,0 days 07:15:00,0,1,7.25,7,10,Friday,Sexta
05/07/2025,08:15,17:30,WSX4E09,Chevrolet/Cruze,2025-07-05 08:15:00,2025-07-05 17:30:00,0 days 09:15:00,0,1,9.25,7,8,Saturday,Sábado
05/07/2025,08:19,19:22,EDC5R21,Volkswagen/Fox,2025-07-05 08:19:00,2025-07-05 19:22:00,0 days 11:03:00,0,1,11.05,7,8,Saturday,Sábado
05/07/2025,08:29,18:43,RFV6T43,Hyundai/Tucson,2025-07-05 08:29:00,2025-07-05 18:43:00,0 days 10:14:00,0,1,10.233333333333333,7,8,Saturday,Sábado
05/07/2025,08:35,18:04,YHN8U87,Nissan/March,2025-07-05 08:35:00,2025-07-05 18:04:00,0 days 09:29:00,0,1,9.483333333333333,7,8,Saturday,Sábado
05/07/2025,09:53,19:38,IKL0O21,Renault/Sandero,2025-07-05 09:53:00,2025-07-05 19:38:00,0 days 09:45:00,0,1,9.75,7,9,Saturday,Sábado
05/07/2025,08:02,17:23,PAS2D65,Peugeot/308,2025-07-05 08:02:00,2025-07-05 17:23:00,0 days 09:21:00,0,1,9.35,7,8,Saturday,Sábado
05/07/2025,08:07,18:41,DFG3S87,Citroen/C4,2025-07-05 08:07:00,2025-07-05 18:41:00,0 days 10:34:00,0,1,10.566666666666666,7,8,Saturday,Sábado
05/07/2025,08:34,16:28,GHG5H21,Kia/Soul,2025-07-05 08:34:00,2025-07-05 16:28:00,0 days 07:54:00,0,1,7.9,7,8,Saturday,Sábado
05/07/2025,08:07,16:42,HJK6J43,Mitsubishi/ASX,2025-07-05 08:07:00,2025-07-05 16:42:00,0 days 08:35:00,0,1,8.583333333333334,7,8,Saturday,Sábado
07/07/2025,06:17,15:11,ALC1D23,Toyota/Corolla,2025-07-07 06:17:00,2025-07-07 15:11:00,0 days 08:54:00,0,1,8.9,7,6,Monday,Segunda
07/07/2025,06:07,19:28,JDL2M45,Chevrolet/Onix,2025-07-07 06:07:00,2025-07-07 19:28:00,0 days 13:21:00,0,1,13.35,7,6,Monday,Segunda
07/07/2025,06:25,17:28,QWE3R67,Volkswagen/Polo,2025-07-07 06:25:00,2025-07-07 17:28:00,0 days 11:03:00,0,1,11.05,7,6,Monday,Segunda
07/07/2025,06:47,15:55,RTY4U89,Hyundai/HB20,2025-07-07 06:47:00,2025-07-07 15:55:00,0 days 09:08:00,0,1,9.133333333333333,7,6,Monday,Segunda
07/07/2025,06:03,15:12,UIO5P10,Honda/Civic,2025-07-07 06:03:00,2025-07-07 15:12:00,0 days 09:09:00,0,1,9.15,7,6,Monday,Segunda
07/07/2025,06:44,15:53,ASD6F32,Nissan/Kicks,2025-07-07 06:44:00,2025-07-07 15:53:00,0 days 09:09:00,0,1,9.15,7,6,Monday,Segunda
07/07/2025,06:28,18:21,ZXC7V54,Fiat/Fastback,2025-07-07 06:28:00,2025-07-07 18:21:00,0 days 11:53:00,0,1,11.883333333333333,7,6,Monday,Segunda
07/07/2025,06:22,18:41,VBN8G76,Renault/Kwid,2025-07-07 06:22:00,2025-07-07 18:41:00,0 days 12:19:00,0,1,12.316666666666666,7,6,Monday,Segunda
07/07/2025,06:04,17:22,MNB9H98,Jeep/Compass,2025-07-07 06:04:00,2025-07-07 17:22:00,0 days 11:18:00,0,1,11.3,7,6,Monday,Segunda
07/07/2025,06:47,17:45,POI0J21,Peugeot/208,2025-07-07 06:47:00,2025-07-07 17:45:00,0 days 10:58:00,0,1,10.966666666666667,7,6,Monday,Segunda
07/07/2025,06:00,16:23,LKM1Z43,Citroen/C3,2025-07-07 06:00:00,2025-07-07 16:23:00,0 days 10:23:00,0,1,10.383333333333333,7,6,Monday,Segunda
07/07/2025,06:56,15:16,HGF2X65,BYD/Dolphin,2025-07-07 06:56:00,2025-07-07 15:16:00,0 days 08:20:00,0,1,8.333333333333334,7,6,Monday,Segunda
07/07/2025,06:43,15:16,QAZ3W87,Toyota/Etios,2025-07-07 06:43:00,2025-07-07 15:16:00,0 days 08:33:00,0,1,8.55,7,6,Monday,Segunda
07/07/2025,08:42,17:48,WSX4E09,Chevrolet/Cruze,2025-07-07 08:42:00,2025-07-07 17:48:00,0 days 09:06:00,0,1,9.1,7,8,Monday,Segunda
07/07/2025,08:39,15:18,EDC5R21,Volkswagen/Fox,2025-07-07 08:39:00,2025-07-07 15:18:00,0 days 06:39:00,0,1,6.65,7,8,Monday,Segunda
07/07/2025,08:32,16:55,RFV6T43,Hyundai/Tucson,2025-07-07 08:32:00,2025-07-07 16:55:00,0 days 08:23:00,0,1,8.383333333333333,7,8,Monday,Segunda
07/07/2025,08:55,15:50,TGB7Y65,Honda/Fit,2025-07-07 08:55:00,2025-07-07 15:50:00,0 days 06:55:00,0,1,6.916666666666667,7,8,Monday,Segunda
07/07/2025,08:38,17:58,YHN8U87,Nissan/March,2025-07-07 08:38:00,2025-07-07 17:58:00,0 days 09:20:00,0,1,9.333333333333334,7,8,Monday,Segunda
07/07/2025,09:55,15:56,UJM9I09,Fiat/Palio,2025-07-07 09:55:00,2025-07-07 15:56:00,0 days 06:01:00,0,1,6.016666666666667,7,9,Monday,Segunda
07/07/2025,08:20,17:09,IKL0O21,Renault/Sandero,2025-07-07 08:20:00,2025-07-07 17:09:00,0 days 08:49:00,0,1,8.816666666666666,7,8,Monday,Segunda
07/07/2025,09:33,19:47,OLP1P43,Jeep/Renegade,2025-07-07 09:33:00,2025-07-07 19:47:00,0 days 10:14:00,0,1,10.233333333333333,7,9,Monday,Segunda
07/07/2025,08:42,17:17,PAS2D65,Peugeot/308,2025-07-07 08:42:00,2025-07-07 17:17:00,0 days 08:35:00,0,1,8.583333333333334,7,8,Monday,Segunda
07/07/2025,09:36,16:03,DFG3S87,Citroen/C4,2025-07-07 09:36:00,2025-07-07 16:03:00,0 days 06:27:00,0,1,6.45,7,9,Monday,Segunda
07/07/2025,08:15,16:09,SDF4G09,Ford/Focus,2025-07-07 08:15:00,2025-07-07 16:09:00,0 days 07:54:00,0,1,7.9,7,8,Monday,Segunda
07/07/2025,09:04,19:18,GHG5H21,Kia/Soul,2025-07-07 09:04:00,2025-07-07 19:18:00,0 days 10:14:00,0,1,10.233333333333333,7,9,Monday,Segunda
07/07/2025,08:58,17:40,HJK6J43,Mitsubishi/ASX,2025-07-07 08:58:00,2025-07-07 17:40:00,0 days 08:42:00,0,1,8.7,7,8,Monday,Segunda
07/07/2025,09:49,19:26,JKL7K65,Suzuki/Swift,2025-07-07 09:49:00,2025-07-07 19:26:00,0 days 09:37:00,0,1,9.616666666666667,7,9,Monday,Segunda
07/07/2025,09:52,16:39,AJC7M65,Chevrolet/Celta,2025-07-07 09:52:00,2025-07-07 16:39:00,0 days 06:47:00,0,1,6.783333333333333,7,9,Monday,Segunda
07/07/2025,09:22,15:15,DEF7L65,Fiat/Uno,2025-07-07 09:22:00,2025-07-07 15:15:00,0 days 05:53:00,0,1,5.883333333333334,7,9,Monday,Segunda
07/07/2025,08:35,18:13,JBL7K65,Ford/Fiesta,2025-07-07 08:35:00,2025-07-07 18:13:00,0 days 09:38:00,0,1,9.633333333333333,7,8,Monday,Segunda
08/07/2025,06:07,16:14,ALC1D23,Toyota/Corolla,2025-07-08 06:07:00,2025-07-08 16:14:00,0 days 10:07:00,0,1,10.116666666666667,7,6,Tuesday,Terça
08/07/2025,06:35,16:32,JDL2M45,Chevrolet/Onix,2025-07-08 06:35:00,2025-07-08 16:32:00,0 days 09:57:00,0,1,9.95,7,6,Tuesday,Terça
08/07/2025,06:02,16:31,QWE3R67,Volkswagen/Polo,2025-07-08 06:02:00,2025-07-08 16:31:00,0 days 10:29:00,0,1,10.483333333333333,7,6,Tuesday,Terça
08/07/2025,06:33,15:50,RTY4U89,Hyundai/HB20,2025-07-08 06:33:00,2025-07-08 15:50:00,0 days 09:17:00,0,1,9.283333333333333,7,6,Tuesday,Terça
08/07/2025,06:55,16:10,UIO5P10,Honda/Civic,2025-07-08 06:55:00,2025-07-08 16:10:00,0 days 09:15:00,0,1,9.25,7,6,Tuesday,Terça
08/07/2025,06:12,16:36,ASD6F32,Nissan/Kicks,2025-07-08 06:12:00,2025-07-08 16:36:00,0 days 10:24:00,0,1,10.4,7,6,Tuesday,Terça
08/07/2025,06:47,16:03,ZXC7V54,Fiat/Fastback,2025-07-08 06:47:00,2025-07-08 16:03:00,0 days 09:16:00,0,1,9.266666666666667,7,6,Tuesday,Terça
08/07/2025,06:00,18:23,VBN8G76,Renault/Kwid,2025-07-08 06:00:00,2025-07-08 18:23:00,0 days 12:23:00,0,1,12.383333333333333,7,6,Tuesday,Terça
08/07/2025,06:54,15:27,MNB9H98,Jeep/Compass,2025-07-08 06:54:00,2025-07-08 15:27:00,0 days 08:33:00,0,1,8.55,7,6,Tuesday,Terça
08/07/2025,06:02,18:27,POI0J21,Peugeot/208,2025-07-08 06:02:00,2025-07-08 18:27:00,0 days 12:25:00,0,1,12.416666666666666,7,6,Tuesday,Terça
08/07/2025,06:12,17:18,LKM1Z43,Citroen/C3,2025-07-08 06:12:00,2025-07-08 17:18:00,0 days 11:06:00,0,1,11.1,7,6,Tuesday,Terça
08/07/2025,06:12,18:10,HGF2X65,BYD/Dolphin,2025-07-08 06:12:00,2025-07-08 18:10:00,0 days 11:58:00,0,1,11.966666666666667,7,6,Tuesday,Terça
08/07/2025,06:08,18:31,QAZ3W87,Toyota/Etios,2025-07-08 06:08:00,2025-07-08 18:31:00,0 days 12:23:00,0,1,12.383333333333333,7,6,Tuesday,Terça
08/07/2025,08:13,17:24,WSX4E09,Chevrolet/Cruze,2025-07-08 08:13:00,2025-07-08 17:24:00,0 days 09:11:00,0,1,9.183333333333334,7,8,Tuesday,Terça
08/07/2025,08:16,16:01,EDC5R21,Volkswagen/Fox,2025-07-08 08:16:00,2025-07-08 16:01:00,0 days 07:45:00,0,1,7.75,7,8,Tuesday,Terça
08/07/2025,08:25,17:27,RFV6T43,Hyundai/Tucson,2025-07-08 08:25:00,2025-07-08 17:27:00,0 days 09:02:00,0,1,9.033333333333333,7,8,Tuesday,Terça
08/07/2025,08:28,19:54,TGB7Y65,Honda/Fit,2025-07-08 08:28:00,2025-07-08 19:54:00,0 days 11:26:00,0,1,11.433333333333334,7,8,Tuesday,Terça
08/07/2025,09:46,16:19,YHN8U87,Nissan/March,2025-07-08 09:46:00,2025-07-08 16:19:00,0 days 06:33:00,0,1,6.55,7,9,Tuesday,Terça
08/07/2025,09:28,15:39,UJM9I09,Fiat/Palio,2025-07-08 09:28:00,2025-07-08 15:39:00,0 days 06:11:00,0,1,6.183333333333334,7,9,Tuesday,Terça
08/07/2025,08:35,19:20,IKL0O21,Renault/Sandero,2025-07-08 08:35:00,2025-07-08 19:20:00,0 days 10:45:00,0,1,10.75,7,8,Tuesday,Terça
08/07/2025,09:04,15:54,OLP1P43,Jeep/Renegade,2025-07-08 09:04:00,2025-07-08 15:54:00,0 days 06:50:00,0,1,6.833333333333333,7,9,Tuesday,Terça
08/07/2025,09:32,19:55,PAS2D65,Peugeot/308,2025-07-08 09:32:00,2025-07-08 19:55:00,0 days 10:23:00,0,1,10.383333333333333,7,9,Tuesday,Terça
08/07/2025,08:15,17:58,DFG3S87,Citroen/C4,2025-07-08 08:15:00,2025-07-08 17:58:00,0 days 09:43:00,0,1,9.716666666666667,7,8,Tuesday,Terça
08/07/2025,09:23,19:00,SDF4G09,Ford/Focus,2025-07-08 09:23:00,2025-07-08 19:00:00,0 days 09:37:00,0,1,9.616666666666667,7,9,Tuesday,Terça
08/07/2025,09:43,15:58,GHG5H21,Kia/Soul,2025-07-08 09:43:00,2025-07-08 15:58:00,0 days 06:15:00,0,1,6.25,7,9,Tuesday,Terça
08/07/2025,08:20,19:32,HJK6J43,Mitsubishi/ASX,2025-07-08 08:20:00,2025-07-08 19:32:00,0 days 11:12:00,0,1,11.2,7,8,Tuesday,Terça
08/07/2025,10:50,19:07,JKL7K65,Suzuki/Swift,2025-07-08 10:50:00,2025-07-08 19:07:00,0 days 08:17:00,0,1,8.283333333333333,7,10,Tuesday,Terça
08/07/2025,08:55,19:06,AJC7M65,Chevrolet/Celta,2025-07-08 08:55:00,2025-07-08 19:06:00,0 days 10:11:00,0,1,10.183333333333334,7,8,Tuesday,Terça
08/07/2025,08:58,15:07,DEF7L65,Fiat/Uno,2025-07-08 08:58:00,2025-07-08 15:07:00,0 days 06:09:00,0,1,6.15,7,8,Tuesday,Terça
08/07/2025,10:23,16:46,JBL7K65,Ford/Fiesta,2025-07-08 10:23:00,2025-07-08 16:46:00,0 days 06:23:00,0,1,6.383333333333334,7,10,Tuesday,Terça
09/07/2025,06:14,18:45,ALC1D23,Toyota/Corolla,2025-07-09 06:14:00,2025-07-09 18:45:00,0 days 12:31:00,0,1,12.516666666666667,7,6,Wednesday,Quarta
09/07/2025,06:24,17:01,JDL2M45,Chevrolet/Onix,2025-07-09 06:24:00,2025-07-09 17:01:00,0 days 10:37:00,0,1,10.616666666666667,7,6,Wednesday,Quarta
09/07/2025,06:33,17:07,QWE3R67,Volkswagen/Polo,2025-07-09 06:33:00,2025-07-09 17:07:00,0 days 10:34:00,0,1,10.566666666666666,7,6,Wednesday,Quarta
09/07/2025,06:16,15:59,RTY4U89,Hyundai/HB20,2025-07-09 06:16:00,2025-07-09 15:59:00,0 days 09:43:00,0,1,9.716666666666667,7,6,Wednesday,Quarta
09/07/2025,06:12,17:10,UIO5P10,Honda/Civic,2025-07-09 06:12:00,2025-07-09 17:10:00,0 days 10:58:00,0,1,10.966666666666667,7,6,Wednesday,Quarta
09/07/2025,06:30,17:04,ASD6F32,Nissan/Kicks,2025-07-09 06:30:00,2025-07-09 17:04:00,0 days 10:34:00,0,1,10.566666666666666,7,6,Wednesday,Quarta
09/07/2025,06:41,15:34,ZXC7V54,Fiat/Fastback,2025-07-09 06:41:00,2025-07-09 15:34:00,0 days 08:53:00,0,1,8.883333333333333,7,6,Wednesday,Quarta
09/07/2025,06:23,16:05,VBN8G76,Renault/Kwid,2025-07-09 06:23:00,2025-07-09 16:05:00,0 days 09:42:00,0,1,9.7,7,6,Wednesday,Quarta
09/07/2025,06:31,17:29,MNB9H98,Jeep/Compass,2025-07-09 06:31:00,2025-07-09 17:29:00,0 days 10:58:00,0,1,10.966666666666667,7,6,Wednesday,Quarta
09/07/2025,06:46,16:24,POI0J21,Peugeot/208,2025-07-09 06:46:00,2025-07-09 16:24:00,0 days 09:38:00,0,1,9.633333333333333,7,6,Wednesday,Quarta
09/07/2025,06:00,15:02,LKM1Z43,Citroen/C3,2025-07-09 06:00:00,2025-07-09 15:02:00,0 days 09:02:00,0,1,9.033333333333333,7,6,Wednesday,Quarta
09/07/2025,06:12,16:47,HGF2X65,BYD/Dolphin,2025-07-09 06:12:00,2025-07-09 16:47:00,0 days 10:35:00,0,1,10.583333333333334,7,6,Wednesday,Quarta
09/07/2025,06:00,17:23,QAZ3W87,Toyota/Etios,2025-07-09 06:00:00,2025-07-09 17:23:00,0 days 11:23:00,0,1,11.383333333333333,7,6,Wednesday,Quarta
09/07/2025,09:03,16:46,WSX4E09,Chevrolet/Cruze,2025-07-09 09:03:00,2025-07-09 16:46:00,0 days 07:43:00,0,1,7.716666666666667,7,9,Wednesday,Quarta
09/07/2025,08:10,15:58,EDC5R21,Volkswagen/Fox,2025-07-09 08:10:00,2025-07-09 15:58:00,0 days 07:48:00,0,1,7.8,7,8,Wednesday,Quarta
09/07/2025,09:07,15:58,RFV6T43,Hyundai/Tucson,2025-07-09 09:07:00,2025-07-09 15:58:00,0 days 06:51:00,0,1,6.85,7,9,Wednesday,Quarta
09/07/2025,09:33,19:08,TGB7Y65,Honda/Fit,2025-07-09 09:33:00,2025-07-09 19:08:00,0 days 09:35:00,0,1,9.583333333333334,7,9,Wednesday,Quarta
09/07/2025,09:16,16:46,YHN8U87,Nissan/March,2025-07-09 09:16:00,2025-07-09 16:46:00,0 days 07:30:00,0,1,7.5,7,9,Wednesday,Quarta
09/07/2025,08:51,15:04,UJM9I09,Fiat/Palio,2025-07-09 08:51:00,2025-07-09 15:04:00,0 days 06:13:00,0,1,6.216666666666667,7,8,Wednesday,Quarta
09/07/2025,09:26,18:46,IKL0O21,Renault/Sandero,2025-07-09 09:26:00,2025-07-09 18:46:00,0 days 09:20:00,0,1,9.333333333333334,7,9,Wednesday,Quarta
09/07/2025,09:26,18:52,OLP1P43,Jeep/Renegade,2025-07-09 09:26:00,2025-07-09 18:52:00,0 days 09:26:00,0,1,9.433333333333334,7,9,Wednesday,Quarta
09/07/2025,08:36,16:12,PAS2D65,Peugeot/308,2025-07-09 08:36:00,2025-07-09 16:12:00,0 days 07:36:00,0,1,7.6,7,8,Wednesday,Quarta
09/07/2025,09:07,15:49,DFG3S87,Citroen/C4,2025-07-09 09:07:00,2025-07-09 15:49:00,0 days 06:42:00,0,1,6.7,7,9,Wednesday,Quarta
09/07/2025,08:52,18:47,SDF4G09,Ford/Focus,2025-07-09 08:52:00,2025-07-09 18:47:00,0 days 09:55:00,0,1,9.916666666666666,7,8,Wednesday,Quarta
09/07/2025,09:57,17:25,GHG5H21,Kia/Soul,2025-07-09 09:57:00,2025-07-09 17:25:00,0 days 07:28:00,0,1,7.466666666666667,7,9,Wednesday,Quarta
09/07/2025,08:15,16:56,HJK6J43,Mitsubishi/ASX,2025-07-09 08:15:00,2025-07-09 16:56:00,0 days 08:41:00,0,1,8.683333333333334,7,8,Wednesday,Quarta
09/07/2025,10:00,16:19,JKL7K65,Suzuki/Swift,2025-07-09 10:00:00,2025-07-09 16:19:00,0 days 06:19:00,0,1,6.316666666666666,7,10,Wednesday,Quarta
09/07/2025,09:18,19:19,AJC7M65,Chevrolet/Celta,2025-07-09 09:18:00,2025-07-09 19:19:00,0 days 10:01:00,0,1,10.016666666666667,7,9,Wednesday,Quarta
09/07/2025,10:28,18:35,DEF7L65,Fiat/Uno,2025-07-09 10:28:00,2025-07-09 18:35:00,0 days 08:07:00,0,1,8.116666666666667,7,10,Wednesday,Quarta
09/07/2025,10:48,18:27,JBL7K65,Ford/Fiesta,2025-07-09 10:48:00,2025-07-09 18:27:00,0 days 07:39:00,0,1,7.65,7,10,Wednesday,Quarta
10/07/2025,06:00,17:16,ALC1D23,Toyota/Corolla,2025-07-10 06:00:00,2025-07-10 17:16:00,0 days 11:16:00,0,1,11.266666666666667,7,6,Thursday,Quinta
10/07/2025,06:53,17:20,JDL2M45,Chevrolet/Onix,2025-07-10 06:53:00,2025-07-10 17:20:00,0 days 10:27:00,0,1,10.45,7,6,Thursday,Quinta
10/07/2025,06:56,17:52,QWE3R67,Volkswagen/Polo,2025-07-10 06:56:00,2025-07-10 17:52:00,0 days 10:56:00,0,1,10.933333333333334,7,6,Thursday,Quinta
10/07/2025,06:50,16:52,RTY4U89,Hyundai/HB20,2025-07-10 06:50:00,2025-07-10 16:52:00,0 days 10:02:00,0,1,10.033333333333333,7,6,Thursday,Quinta
10/07/2025,06:32,16:44,UIO5P10,Honda/Civic,2025-07-10 06:32:00,2025-07-10 16:44:00,0 days 10:12:00,0,1,10.2,7,6,Thursday,Quinta
10/07/2025,06:49,19:08,ASD6F32,Nissan/Kicks,2025-07-10 06:49:00,2025-07-10 19:08:00,0 days 12:19:00,0,1,12.316666666666666,7,6,Thursday,Quinta
10/07/2025,06:42,17:09,ZXC7V54,Fiat/Fastback,2025-07-10 06:42:00,2025-07-10 17:09:00,0 days 10:27:00,0,1,10.45,7,6,Thursday,Quinta
10/07/2025,06:28,16:12,VBN8G76,Renault/Kwid,2025-07-10 06:28:00,2025-07-10 16:12:00,0 days 09:44:00,0,1,9.733333333333333,7,6,Thursday,Quinta
10/07/2025,06:22,18:13,MNB9H98,Jeep/Compass,2025-07-10 06:22:00,2025-07-10 18:13:00,0 days 11:51:00,0,1,11.85,7,6,Thursday,Quinta
10/07/2025,06:57,15:30,POI0J21,Peugeot/208,2025-07-10 06:57:00,2025-07-10 15:30:00,0 days 08:33:00,0,1,8.55,7,6,Thursday,Quinta
10/07/2025,06:50,18:10,LKM1Z43,Citroen/C3,2025-07-10 06:50:00,2025-07-10 18:10:00,0 days 11:20:00,0,1,11.333333333333334,7,6,Thursday,Quinta
10/07/2025,06:15,18:38,HGF2X65,BYD/Dolphin,2025-07-10 06:15:00,2025-07-10 18:38:00,0 days 12:23:00,0,1,12.383333333333333,7,6,Thursday,Quinta
10/07/2025,06:04,17:29,QAZ3W87,Toyota/Etios,2025-07-10 06:04:00,2025-07-10 17:29:00,0 days 11:25:00,0,1,11.416666666666666,7,6,Thursday,Quinta
10/07/2025,09:36,17:10,WSX4E09,Chevrolet/Cruze,2025-07-10 09:36:00,2025-07-10 17:10:00,0 days 07:34:00,0,1,7.566666666666666,7,9,Thursday,Quinta
10/07/2025,09:08,19:33,EDC5R21,Volkswagen/Fox,2025-07-10 09:08:00,2025-07-10 19:33:00,0 days 10:25:00,0,1,10.416666666666666,7,9,Thursday,Quinta
10/07/2025,08:37,19:36,RFV6T43,Hyundai/Tucson,2025-07-10 08:37:00,2025-07-10 19:36:00,0 days 10:59:00,0,1,10.983333333333333,7,8,Thursday,Quinta
10/07/2025,08:55,19:08,TGB7Y65,Honda/Fit,2025-07-10 08:55:00,2025-07-10 19:08:00,0 days 10:13:00,0,1,10.216666666666667,7,8,Thursday,Quinta
10/07/2025,09:37,18:10,YHN8U87,Nissan/March,2025-07-10 09:37:00,2025-07-10 18:10:00,0 days 08:33:00,0,1,8.55,7,9,Thursday,Quinta
10/07/2025,09:57,15:10,UJM9I09,Fiat/Palio,2025-07-10 09:57:00,2025-07-10 15:10:00,0 days 05:13:00,0,1,5.216666666666667,7,9,Thursday,Quinta
10/07/2025,09:08,19:21,IKL0O21,Renault/Sandero,2025-07-10 09:08:00,2025-07-10 19:21:00,0 days 10:13:00,0,1,10.216666666666667,7,9,Thursday,Quinta
10/07/2025,08:21,18:38,OLP1P43,Jeep/Renegade,2025-07-10 08:21:00,2025-07-10 18:38:00,0 days 10:17:00,0,1,10.283333333333333,7,8,Thursday,Quinta
10/07/2025,08:47,16:13,PAS2D65,Peugeot/308,2025-07-10 08:47:00,2025-07-10 16:13:00,0 days 07:26:00,0,1,7.433333333333334,7,8,Thursday,Quinta
10/07/2025,09:20,19:45,DFG3S87,Citroen/C4,2025-07-10 09:20:00,2025-07-10 19:45:00,0 days 10:25:00,0,1,10.416666666666666,7,9,Thursday,Quinta
10/07/2025,09:33,16:17,SDF4G09,Ford/Focus,2025-07-10 09:33:00,2025-07-10 16:17:00,0 days 06:44:00,0,1,6.733333333333333,7,9,Thursday,Quinta
10/07/2025,09:49,16:06,GHG5H21,Kia/Soul,2025-07-10 09:49:00,2025-07-10 16:06:00,0 days 06:17:00,0,1,6.283333333333333,7,9,Thursday,Quinta
10/07/2025,08:28,15:38,HJK6J43,Mitsubishi/ASX,2025-07-10 08:28:00,2025-07-10 15:38:00,0 days 07:10:00,0,1,7.166666666666667,7,8,Thursday,Quinta
10/07/2025,08:19,16:58,JKL7K65,Suzuki/Swift,2025-07-10 08:19:00,2025-07-10 16:58:00,0 days 08:39:00,0,1,8.65,7,8,Thursday,Quinta
10/07/2025,08:06,16:13,AJC7M65,Chevrolet/Celta,2025-07-10 08:06:00,2025-07-10 16:13:00,0 days 08:07:00,0,1,8.116666666666667,7,8,Thursday,Quinta
10/07/2025,09:05,18:11,DEF7L65,Fiat/Uno,2025-07-10 09:05:00,2025-07-10 18:11:00,0 days 09:06:00,0,1,9.1,7,9,Thursday,Quinta
10/07/2025,08:21,17:42,JBL7K65,Ford/Fiesta,2025-07-10 08:21:00,2025-07-10 17:42:00,0 days 09:21:00,0,1,9.35,7,8,Thursday,Quinta
11/07/2025,06:41,19:16,ALC1D23,Toyota/Corolla,2025-07-11 06:41:00,2025-07-11 19:16:00,0 days 12:35:00,0,1,12.583333333333334,7,6,Friday,Sexta
11/07/2025,06:22,18:45,JDL2M45,Chevrolet/Onix,2025-07-11 06:22:00,2025-07-11 18:45:00,0 days 12:23:00,0,1,12.383333333333333,7,6,Friday,Sexta
11/07/2025,06:27,19:25,QWE3R67,Volkswagen/Polo,2025-07-11 06:27:00,2025-07-11 19:25:00,0 days 12:58:00,0,1,12.966666666666667,7,6,Friday,Sexta
11/07/2025,06:04,17:40,RTY4U89,Hyundai/HB20,2025-07-11 06:04:00,2025-07-11 17:40:00,0 days 11:36:00,0,1,11.6,7,6,Friday,Sexta
11/07/2025,06:48,18:31,UIO5P10,Honda/Civic,2025-07-11 06:48:00,2025-07-11 18:31:00,0 days 11:43:00,0,1,11.716666666666667,7,6,Friday,Sexta
11/07/2025,06:23,16:01,ASD6F32,Nissan/Kicks,2025-07-11 06:23:00,2025-07-11 16:01:00,0 days 09:38:00,0,1,9.633333333333333,7,6,Friday,Sexta
11/07/2025,06:30,15:56,ZXC7V54,Fiat/Fastback,2025-07-11 06:30:00,2025-07-11 15:56:00,0 days 09:26:00,0,1,9.433333333333334,7,6,Friday,Sexta
11/07/2025,06:05,19:01,VBN8G76,Renault/Kwid,2025-07-11 06:05:00,2025-07-11 19:01:00,0 days 12:56:00,0,1,12.933333333333334,7,6,Friday,Sexta
11/07/2025,06:09,19:38,MNB9H98,Jeep/Compass,2025-07-11 06:09:00,2025-07-11 19:38:00,0 days 13:29:00,0,1,13.483333333333333,7,6,Friday,Sexta
11/07/2025,06:19,18:06,POI0J21,Peugeot/208,2025-07-11 06:19:00,2025-07-11 18:06:00,0 days 11:47:00,0,1,11.783333333333333,7,6,Friday,Sexta
11/07/2025,06:29,17:16,LKM1Z43,Citroen/C3,2025-07-11 06:29:00,2025-07-11 17:16:00,0 days 10:47:00,0,1,10.783333333333333,7,6,Friday,Sexta
11/07/2025,06:31,19:05,HGF2X65,BYD/Dolphin,2025-07-11 06:31:00,2025-07-11 19:05:00,0 days 12:34:00,0,1,12.566666666666666,7,6,Friday,Sexta
11/07/2025,06:17,18:08,QAZ3W87,Toyota/Etios,2025-07-11 06:17:00,2025-07-11 18:08:00,0 days 11:51:00,0,1,11.85,7,6,Friday,Sexta
11/07/2025,08:34,15:37,WSX4E09,Chevrolet/Cruze,2025-07-11 08:34:00,2025-07-11 15:37:00,0 days 07:03:00,0,1,7.05,7,8,Friday,Sexta
11/07/2025,08:49,16:13,EDC5R21,Volkswagen/Fox,2025-07-11 08:49:00,2025-07-11 16:13:00,0 days 07:24:00,0,1,7.4,7,8,Friday,Sexta
11/07/2025,08:24,19:34,RFV6T43,Hyundai/Tucson,2025-07-11 08:24:00,2025-07-11 19:34:00,0 days 11:10:00,0,1,11.166666666666666,7,8,Friday,Sexta
11/07/2025,08:38,15:33,TGB7Y65,Honda/Fit,2025-07-11 08:38:00,2025-07-11 15:33:00,0 days 06:55:00,0,1,6.916666666666667,7,8,Friday,Sexta
11/07/2025,08:21,18:56,YHN8U87,Nissan/March,2025-07-11 08:21:00,2025-07-11 18:56:00,0 days 10:35:00,0,1,10.583333333333334,7,8,Friday,Sexta
11/07/2025,08:00,15:35,UJM9I09,Fiat/Palio,2025-07-11 08:00:00,2025-07-11 15:35:00,0 days 07:35:00,0,1,7.583333333333333,7,8,Friday,Sexta
11/07/2025,09:26,19:58,IKL0O21,Renault/Sandero,2025-07-11 09:26:00,2025-07-11 19:58:00,0 days 10:32:00,0,1,10.533333333333333,7,9,Friday,Sexta
11/07/2025,08:33,19:04,OLP1P43,Jeep/Renegade,2025-07-11 08:33:00,2025-07-11 19:04:00,0 days 10:31:00,0,1,10.516666666666667,7,8,Friday,Sexta
11/07/2025,09:40,19:25,PAS2D65,Peugeot/308,2025-07-11 09:40:00,2025-07-11 19:25:00,0 days 09:45:00,0,1,9.75,7,9,Friday,Sexta
11/07/2025,09:48,15:12,DFG3S87,Citroen/C4,2025-07-11 09:48:00,2025-07-11 15:12:00,0 days 05:24:00,0,1,5.4,7,9,Friday,Sexta
11/07/2025,08:01,15:22,SDF4G09,Ford/Focus,2025-07-11 08:01:00,2025-07-11 15:22:00,0 days 07:21:00,0,1,7.35,7,8,Friday,Sexta
11/07/2025,08:00,19:37,GHG5H21,Kia/Soul,2025-07-11 08:00:00,2025-07-11 19:37:00,0 days 11:37:00,0,1,11.616666666666667,7,8,Friday,Sexta
11/07/2025,08:31,19:34,HJK6J43,Mitsubishi/ASX,2025-07-11 08:31:00,2025-07-11 19:34:00,0 days 11:03:00,0,1,11.05,7,8,Friday,Sexta
11/07/2025,09:11,17:00,JKL7K65,Suzuki/Swift,2025-07-11 09:11:00,2025-07-11 17:00:00,0 days 07:49:00,0,1,7.816666666666666,7,9,Friday,Sexta
11/07/2025,10:41,15:19,AJC7M65,Chevrolet/Celta,2025-07-11 10:41:00,2025-07-11 15:19:00,0 days 04:38:00,0,1,4.633333333333334,7,10,Friday,Sexta
11/07/2025,09:42,17:02,DEF7L65,Fiat/Uno,2025-07-11 09:42:00,2025-07-11 17:02:00,0 days 07:20:00,0,1,7.333333333333333,7,9,Friday,Sexta
11/07/2025,10:49,15:48,JBL7K65,Ford/Fiesta,2025-07-11 10:49:00,2025-07-11 15:48:00,0 days 04:59:00,0,1,4.983333333333333,7,10,Friday,Sexta
12/07/2025,09:15,15:08,WSX4E09,Chevrolet/Cruze,2025-07-12 09:15:00,2025-07-12 15:08:00,0 days 05:53:00,0,1,5.883333333333334,7,9,Saturday,Sábado
12/07/2025,09:16,16:09,EDC5R21,Volkswagen/Fox,2025-07-12 09:16:00,2025-07-12 16:09:00,0 days 06:53:00,0,1,6.883333333333334,7,9,Saturday,Sábado
12/07/2025,08:10,16:35,RFV6T43,Hyundai/Tucson,2025-07-12 08:10:00,2025-07-12 16:35:00,0 days 08:25:00,0,1,8.416666666666666,7,8,Saturday,Sábado
12/07/2025,08:35,15:44,TGB7Y65,Honda/Fit,2025-07-12 08:35:00,2025-07-12 15:44:00,0 days 07:09:00,0,1,7.15,7,8,Saturday,Sábado
12/07/2025,09:45,18:13,UJM9I09,Fiat/Palio,2025-07-12 09:45:00,2025-07-12 18:13:00,0 days 08:28:00,0,1,8.466666666666667,7,9,Saturday,Sábado
12/07/2025,09:50,18:05,IKL0O21,Renault/Sandero,2025-07-12 09:50:00,2025-07-12 18:05:00,0 days 08:15:00,0,1,8.25,7,9,Saturday,Sábado
12/07/2025,08:15,15:27,DFG3S87,Citroen/C4,2025-07-12 08:15:00,2025-07-12 15:27:00,0 days 07:12:00,0,1,7.2,7,8,Saturday,Sábado
12/07/2025,09:00,19:59,GHG5H21,Kia/Soul,2025-07-12 09:00:00,2025-07-12 19:59:00,0 days 10:59:00,0,1,10.983333333333333,7,9,Saturday,Sábado
12/07/2025,09:11,17:53,HJK6J43,Mitsubishi/ASX,2025-07-12 09:11:00,2025-07-12 17:53:00,0 days 08:42:00,0,1,8.7,7,9,Saturday,Sábado
14/07/2025,06:24,15:19,ALC1D23,Toyota/Corolla,2025-07-14 06:24:00,2025-07-14 15:19:00,0 days 08:55:00,0,1,8.916666666666666,7,6,Monday,Segunda
14/07/2025,06:48,17:56,JDL2M45,Chevrolet/Onix,2025-07-14 06:48:00,2025-07-14 17:56:00,0 days 11:08:00,0,1,11.133333333333333,7,6,Monday,Segunda
14/07/2025,06:55,15:25,QWE3R67,Volkswagen/Polo,2025-07-14 06:55:00,2025-07-14 15:25:00,0 days 08:30:00,0,1,8.5,7,6,Monday,Segunda
14/07/2025,06:02,18:47,RTY4U89,Hyundai/HB20,2025-07-14 06:02:00,2025-07-14 18:47:00,0 days 12:45:00,0,1,12.75,7,6,Monday,Segunda
14/07/2025,06:41,15:41,UIO5P10,Honda/Civic,2025-07-14 06:41:00,2025-07-14 15:41:00,0 days 09:00:00,0,1,9.0,7,6,Monday,Segunda
14/07/2025,06:05,17:37,ASD6F32,Nissan/Kicks,2025-07-14 06:05:00,2025-07-14 17:37:00,0 days 11:32:00,0,1,11.533333333333333,7,6,Monday,Segunda
14/07/2025,06:14,19:49,ZXC7V54,Fiat/Fastback,2025-07-14 06:14:00,2025-07-14 19:49:00,0 days 13:35:00,0,1,13.583333333333334,7,6,Monday,Segunda
14/07/2025,06:52,15:08,VBN8G76,Renault/Kwid,2025-07-14 06:52:00,2025-07-14 15:08:00,0 days 08:16:00,0,1,8.266666666666667,7,6,Monday,Segunda
14/07/2025,06:10,17:13,MNB9H98,Jeep/Compass,2025-07-14 06:10:00,2025-07-14 17:13:00,0 days 11:03:00,0,1,11.05,7,6,Monday,Segunda
14/07/2025,06:42,19:56,POI0J21,Peugeot/208,2025-07-14 06:42:00,2025-07-14 19:56:00,0 days 13:14:00,0,1,13.233333333333333,7,6,Monday,Segunda
14/07/2025,06:44,19:15,LKM1Z43,Citroen/C3,2025-07-14 06:44:00,2025-07-14 19:15:00,0 days 12:31:00,0,1,12.516666666666667,7,6,Monday,Segunda
14/07/2025,06:29,16:21,HGF2X65,BYD/Dolphin,2025-07-14 06:29:00,2025-07-14 16:21:00,0 days 09:52:00,0,1,9.866666666666667,7,6,Monday,Segunda
14/07/2025,06:57,18:30,QAZ3W87,Toyota/Etios,2025-07-14 06:57:00,2025-07-14 18:30:00,0 days 11:33:00,0,1,11.55,7,6,Monday,Segunda
14/07/2025,08:02,17:38,WSX4E09,Chevrolet/Cruze,2025-07-14 08:02:00,2025-07-14 17:38:00,0 days 09:36:00,0,1,9.6,7,8,Monday,Segunda
14/07/2025,08:25,15:59,EDC5R21,Volkswagen/Fox,2025-07-14 08:25:00,2025-07-14 15:59:00,0 days 07:34:00,0,1,7.566666666666666,7,8,Monday,Segunda
14/07/2025,09:10,17:22,RFV6T43,Hyundai/Tucson,2025-07-14 09:10:00,2025-07-14 17:22:00,0 days 08:12:00,0,1,8.2,7,9,Monday,Segunda
14/07/2025,08:21,18:10,TGB7Y65,Honda/Fit,2025-07-14 08:21:00,2025-07-14 18:10:00,0 days 09:49:00,0,1,9.816666666666666,7,8,Monday,Segunda
14/07/2025,08:39,16:45,YHN8U87,Nissan/March,2025-07-14 08:39:00,2025-07-14 16:45:00,0 days 08:06:00,0,1,8.1,7,8,Monday,Segunda
14/07/2025,08:17,16:25,UJM9I09,Fiat/Palio,2025-07-14 08:17:00,2025-07-14 16:25:00,0 days 08:08:00,0,1,8.133333333333333,7,8,Monday,Segunda
14/07/2025,08:50,18:09,IKL0O21,Renault/Sandero,2025-07-14 08:50:00,2025-07-14 18:09:00,0 days 09:19:00,0,1,9.316666666666666,7,8,Monday,Segunda
14/07/2025,09:17,18:03,OLP1P43,Jeep/Renegade,2025-07-14 09:17:00,2025-07-14 18:03:00,0 days 08:46:00,0,1,8.766666666666667,7,9,Monday,Segunda
14/07/2025,08:53,19:41,PAS2D65,Peugeot/308,2025-07-14 08:53:00,2025-07-14 19:41:00,0 days 10:48:00,0,1,10.8,7,8,Monday,Segunda
14/07/2025,09:58,16:21,DFG3S87,Citroen/C4,2025-07-14 09:58:00,2025-07-14 16:21:00,0 days 06:23:00,0,1,6.383333333333334,7,9,Monday,Segunda
14/07/2025,08:52,17:58,SDF4G09,Ford/Focus,2025-07-14 08:52:00,2025-07-14 17:58:00,0 days 09:06:00,0,1,9.1,7,8,Monday,Segunda
14/07/2025,08:08,18:30,GHG5H21,Kia/Soul,2025-07-14 08:08:00,2025-07-14 18:30:00,0 days 10:22:00,0,1,10.366666666666667,7,8,Monday,Segunda
14/07/2025,09:31,18:00,HJK6J43,Mitsubishi/ASX,2025-07-14 09:31:00,2025-07-14 18:00:00,0 days 08:29:00,0,1,8.483333333333333,7,9,Monday,Segunda
14/07/2025,09:11,16:20,JKL7K65,Suzuki/Swift,2025-07-14 09:11:00,2025-07-14 16:20:00,0 days 07:09:00,0,1,7.15,7,9,Monday,Segunda
14/07/2025,10:03,16:38,AJC7M65,Chevrolet/Celta,2025-07-14 10:03:00,2025-07-14 16:38:00,0 days 06:35:00,0,1,6.583333333333333,7,10,Monday,Segunda
14/07/2025,09:53,18:46,DEF7L65,Fiat/Uno,2025-07-14 09:53:00,2025-07-14 18:46:00,0 days 08:53:00,0,1,8.883333333333333,7,9,Monday,Segunda
14/07/2025,09:46,19:10,JBL7K65,Ford/Fiesta,2025-07-14 09:46:00,2025-07-14 19:10:00,0 days 09:24:00,0,1,9.4,7,9,Monday,Segunda
15/07/2025,06:36,17:26,ALC1D23,Toyota/Corolla,2025-07-15 06:36:00,2025-07-15 17:26:00,0 days 10:50:00,0,1,10.833333333333334,7,6,Tuesday,Terça
15/07/2025,06:01,15:41,JDL2M45,Chevrolet/Onix,2025-07-15 06:01:00,2025-07-15 15:41:00,0 days 09:40:00,0,1,9.666666666666666,7,6,Tuesday,Terça
15/07/2025,06:23,15:12,QWE3R67,Volkswagen/Polo,2025-07-15 06:23:00,2025-07-15 15:12:00,0 days 08:49:00,0,1,8.816666666666666,7,6,Tuesday,Terça
15/07/2025,06:19,19:06,RTY4U89,Hyundai/HB20,2025-07-15 06:19:00,2025-07-15 19:06:00,0 days 12:47:00,0,1,12.783333333333333,7,6,Tuesday,Terça
15/07/2025,06:42,15:20,UIO5P10,Honda/Civic,2025-07-15 06:42:00,2025-07-15 15:20:00,0 days 08:38:00,0,1,8.633333333333333,7,6,Tuesday,Terça
15/07/2025,06:45,16:37,ASD6F32,Nissan/Kicks,2025-07-15 06:45:00,2025-07-15 16:37:00,0 days 09:52:00,0,1,9.866666666666667,7,6,Tuesday,Terça
15/07/2025,06:38,19:30,ZXC7V54,Fiat/Fastback,2025-07-15 06:38:00,2025-07-15 19:30:00,0 days 12:52:00,0,1,12.866666666666667,7,6,Tuesday,Terça
15/07/2025,06:34,16:08,VBN8G76,Renault/Kwid,2025-07-15 06:34:00,2025-07-15 16:08:00,0 days 09:34:00,0,1,9.566666666666666,7,6,Tuesday,Terça
15/07/2025,06:40,19:27,MNB9H98,Jeep/Compass,2025-07-15 06:40:00,2025-07-15 19:27:00,0 days 12:47:00,0,1,12.783333333333333,7,6,Tuesday,Terça
15/07/2025,06:03,19:03,POI0J21,Peugeot/208,2025-07-15 06:03:00,2025-07-15 19:03:00,0 days 13:00:00,0,1,13.0,7,6,Tuesday,Terça
15/07/2025,06:22,19:17,LKM1Z43,Citroen/C3,2025-07-15 06:22:00,2025-07-15 19:17:00,0 days 12:55:00,0,1,12.916666666666666,7,6,Tuesday,Terça
15/07/2025,06:05,16:17,HGF2X65,BYD/Dolphin,2025-07-15 06:05:00,2025-07-15 16:17:00,0 days 10:12:00,0,1,10.2,7,6,Tuesday,Terça
15/07/2025,06:40,18:11,QAZ3W87,Toyota/Etios,2025-07-15 06:40:00,2025-07-15 18:11:00,0 days 11:31:00,0,1,11.516666666666667,7,6,Tuesday,Terça
15/07/2025,09:04,17:19,WSX4E09,Chevrolet/Cruze,2025-07-15 09:04:00,2025-07-15 17:19:00,0 days 08:15:00,0,1,8.25,7,9,Tuesday,Terça
15/07/2025,08:54,16:02,EDC5R21,Volkswagen/Fox,2025-07-15 08:54:00,2025-07-15 16:02:00,0 days 07:08:00,0,1,7.133333333333334,7,8,Tuesday,Terça
15/07/2025,09:30,16:48,RFV6T43,Hyundai/Tucson,2025-07-15 09:30:00,2025-07-15 16:48:00,0 days 07:18:00,0,1,7.3,7,9,Tuesday,Terça
15/07/2025,09:53,19:30,TGB7Y65,Honda/Fit,2025-07-15 09:53:00,2025-07-15 19:30:00,0 days 09:37:00,0,1,9.616666666666667,7,9,Tuesday,Terça
15/07/2025,09:14,16:44,YHN8U87,Nissan/March,2025-07-15 09:14:00,2025-07-15 16:44:00,0 days 07:30:00,0,1,7.5,7,9,Tuesday,Terça
15/07/2025,08:08,18:28,UJM9I09,Fiat/Palio,2025-07-15 08:08:00,2025-07-15 18:28:00,0 days 10:20:00,0,1,10.333333333333334,7,8,Tuesday,Terça
15/07/2025,08:03,19:04,IKL0O21,Renault/Sandero,2025-07-15 08:03:00,2025-07-15 19:04:00,0 days 11:01:00,0,1,11.016666666666667,7,8,Tuesday,Terça
15/07/2025,09:36,15:02,OLP1P43,Jeep/Renegade,2025-07-15 09:36:00,2025-07-15 15:02:00,0 days 05:26:00,0,1,5.433333333333334,7,9,Tuesday,Terça
15/07/2025,09:00,16:05,PAS2D65,Peugeot/308,2025-07-15 09:00:00,2025-07-15 16:05:00,0 days 07:05:00,0,1,7.083333333333333,7,9,Tuesday,Terça
15/07/2025,09:38,15:34,DFG3S87,Citroen/C4,2025-07-15 09:38:00,2025-07-15 15:34:00,0 days 05:56:00,0,1,5.933333333333334,7,9,Tuesday,Terça
15/07/2025,08:44,15:00,SDF4G09,Ford/Focus,2025-07-15 08:44:00,2025-07-15 15:00:00,0 days 06:16:00,0,1,6.266666666666667,7,8,Tuesday,Terça
15/07/2025,08:47,19:37,GHG5H21,Kia/Soul,2025-07-15 08:47:00,2025-07-15 19:37:00,0 days 10:50:00,0,1,10.833333333333334,7,8,Tuesday,Terça
15/07/2025,09:47,16:08,HJK6J43,Mitsubishi/ASX,2025-07-15 09:47:00,2025-07-15 16:08:00,0 days 06:21:00,0,1,6.35,7,9,Tuesday,Terça
15/07/2025,10:34,16:00,JKL7K65,Suzuki/Swift,2025-07-15 10:34:00,2025-07-15 16:00:00,0 days 05:26:00,0,1,5.433333333333334,7,10,Tuesday,Terça
15/07/2025,10:26,18:17,AJC7M65,Chevrolet/Celta,2025-07-15 10:26:00,2025-07-15 18:17:00,0 days 07:51:00,0,1,7.85,7,10,Tuesday,Terça
15/07/2025,09:54,19:33,DEF7L65,Fiat/Uno,2025-07-15 09:54:00,2025-07-15 19:33:00,0 days 09:39:00,0,1,9.65,7,9,Tuesday,Terça
15/07/2025,09:54,18:34,JBL7K65,Ford/Fiesta,2025-07-15 09:54:00,2025-07-15 18:34:00,0 days 08:40:00,0,1,8.666666666666666,7,9,Tuesday,Terça
16/07/2025,06:15,15:09,ALC1D23,Toyota/Corolla,2025-07-16 06:15:00,2025-07-16 15:09:00,0 days 08:54:00,0,1,8.9,7,6,Wednesday,Quarta
16/07/2025,06:29,16:17,JDL2M45,Chevrolet/Onix,2025-07-16 06:29:00,2025-07-16 16:17:00,0 days 09:48:00,0,1,9.8,7,6,Wednesday,Quarta
16/07/2025,06:40,15:59,QWE3R67,Volkswagen/Polo,2025-07-16 06:40:00,2025-07-16 15:59:00,0 days 09:19:00,0,1,9.316666666666666,7,6,Wednesday,Quarta
16/07/2025,06:35,18:38,RTY4U89,Hyundai/HB20,2025-07-16 06:35:00,2025-07-16 18:38:00,0 days 12:03:00,0,1,12.05,7,6,Wednesday,Quarta
16/07/2025,06:30,17:29,UIO5P10,Honda/Civic,2025-07-16 06:30:00,2025-07-16 17:29:00,0 days 10:59:00,0,1,10.983333333333333,7,6,Wednesday,Quarta
16/07/2025,06:34,18:21,ASD6F32,Nissan/Kicks,2025-07-16 06:34:00,2025-07-16 18:21:00,0 days 11:47:00,0,1,11.783333333333333,7,6,Wednesday,Quarta
16/07/2025,06:37,15:11,ZXC7V54,Fiat/Fastback,2025-07-16 06:37:00,2025-07-16 15:11:00,0 days 08:34:00,0,1,8.566666666666666,7,6,Wednesday,Quarta
16/07/2025,06:43,15:38,VBN8G76,Renault/Kwid,2025-07-16 06:43:00,2025-07-16 15:38:00,0 days 08:55:00,0,1,8.916666666666666,7,6,Wednesday,Quarta
16/07/2025,06:37,17:10,MNB9H98,Jeep/Compass,2025-07-16 06:37:00,2025-07-16 17:10:00,0 days 10:33:00,0,1,10.55,7,6,Wednesday,Quarta
16/07/2025,06:06,15:26,POI0J21,Peugeot/208,2025-07-16 06:06:00,2025-07-16 15:26:00,0 days 09:20:00,0,1,9.333333333333334,7,6,Wednesday,Quarta
16/07/2025,06:17,15:09,LKM1Z43,Citroen/C3,2025-07-16 06:17:00,2025-07-16 15:09:00,0 days 08:52:00,0,1,8.866666666666667,7,6,Wednesday,Quarta
16/07/2025,06:54,16:22,HGF2X65,BYD/Dolphin,2025-07-16 06:54:00,2025-07-16 16:22:00,0 days 09:28:00,0,1,9.466666666666667,7,6,Wednesday,Quarta
16/07/2025,06:33,17:50,QAZ3W87,Toyota/Etios,2025-07-16 06:33:00,2025-07-16 17:50:00,0 days 11:17:00,0,1,11.283333333333333,7,6,Wednesday,Quarta
16/07/2025,09:09,15:00,WSX4E09,Chevrolet/Cruze,2025-07-16 09:09:00,2025-07-16 15:00:00,0 days 05:51:00,0,1,5.85,7,9,Wednesday,Quarta
16/07/2025,09:02,16:50,EDC5R21,Volkswagen/Fox,2025-07-16 09:02:00,2025-07-16 16:50:00,0 days 07:48:00,0,1,7.8,7,9,Wednesday,Quarta
16/07/2025,09:05,16:30,RFV6T43,Hyundai/Tucson,2025-07-16 09:05:00,2025-07-16 16:30:00,0 days 07:25:00,0,1,7.416666666666667,7,9,Wednesday,Quarta
16/07/2025,08:40,16:34,TGB7Y65,Honda/Fit,2025-07-16 08:40:00,2025-07-16 16:34:00,0 days 07:54:00,0,1,7.9,7,8,Wednesday,Quarta
16/07/2025,09:00,17:07,YHN8U87,Nissan/March,2025-07-16 09:00:00,2025-07-16 17:07:00,0 days 08:07:00,0,1,8.116666666666667,7,9,Wednesday,Quarta
16/07/2025,08:28,15:31,UJM9I09,Fiat/Palio,2025-07-16 08:28:00,2025-07-16 15:31:00,0 days 07:03:00,0,1,7.05,7,8,Wednesday,Quarta
16/07/2025,08:42,15:45,IKL0O21,Renault/Sandero,2025-07-16 08:42:00,2025-07-16 15:45:00,0 days 07:03:00,0,1,7.05,7,8,Wednesday,Quarta
16/07/2025,09:54,17:34,OLP1P43,Jeep/Renegade,2025-07-16 09:54:00,2025-07-16 17:34:00,0 days 07:40:00,0,1,7.666666666666667,7,9,Wednesday,Quarta
16/07/2025,08:59,18:07,PAS2D65,Peugeot/308,2025-07-16 08:59:00,2025-07-16 18:07:00,0 days 09:08:00,0,1,9.133333333333333,7,8,Wednesday,Quarta
16/07/2025,09:23,15:40,DFG3S87,Citroen/C4,2025-07-16 09:23:00,2025-07-16 15:40:00,0 days 06:17:00,0,1,6.283333333333333,7,9,Wednesday,Quarta
16/07/2025,09:15,18:37,SDF4G09,Ford/Focus,2025-07-16 09:15:00,2025-07-16 18:37:00,0 days 09:22:00,0,1,9.366666666666667,7,9,Wednesday,Quarta
16/07/2025,08:41,17:43,GHG5H21,Kia/Soul,2025-07-16 08:41:00,2025-07-16 17:43:00,0 days 09:02:00,0,1,9.033333333333333,7,8,Wednesday,Quarta
16/07/2025,08:41,18:47,HJK6J43,Mitsubishi/ASX,2025-07-16 08:41:00,2025-07-16 18:47:00,0 days 10:06:00,0,1,10.1,7,8,Wednesday,Quarta
16/07/2025,09:33,19:17,JKL7K65,Suzuki/Swift,2025-07-16 09:33:00,2025-07-16 19:17:00,0 days 09:44:00,0,1,9.733333333333333,7,9,Wednesday,Quarta
16/07/2025,09:14,19:55,AJC7M65,Chevrolet/Celta,2025-07-16 09:14:00,2025-07-16 19:55:00,0 days 10:41:00,0,1,10.683333333333334,7,9,Wednesday,Quarta
16/07/2025,08:56,15:11,DEF7L65,Fiat/Uno,2025-07-16 08:56:00,2025-07-16 15:11:00,0 days 06:15:00,0,1,6.25,7,8,Wednesday,Quarta
16/07/2025,08:19,17:18,JBL7K65,Ford/Fiesta,2025-07-16 08:19:00,2025-07-16 17:18:00,0 days 08:59:00,0,1,8.983333333333333,7,8,Wednesday,Quarta
17/07/2025,06:49,19:23,ALC1D23,Toyota/Corolla,2025-07-17 06:49:00,2025-07-17 19:23:00,0 days 12:34:00,0,1,12.566666666666666,7,6,Thursday,Quinta
17/07/2025,06:47,19:55,JDL2M45,Chevrolet/Onix,2025-07-17 06:47:00,2025-07-17 19:55:00,0 days 13:08:00,0,1,13.133333333333333,7,6,Thursday,Quinta
17/07/2025,06:43,15:56,QWE3R67,Volkswagen/Polo,2025-07-17 06:43:00,2025-07-17 15:56:00,0 days 09:13:00,0,1,9.216666666666667,7,6,Thursday,Quinta
17/07/2025,06:15,17:32,RTY4U89,Hyundai/HB20,2025-07-17 06:15:00,2025-07-17 17:32:00,0 days 11:17:00,0,1,11.283333333333333,7,6,Thursday,Quinta
17/07/2025,06:59,16:43,UIO5P10,Honda/Civic,2025-07-17 06:59:00,2025-07-17 16:43:00,0 days 09:44:00,0,1,9.733333333333333,7,6,Thursday,Quinta
17/07/2025,06:52,17:52,ASD6F32,Nissan/Kicks,2025-07-17 06:52:00,2025-07-17 17:52:00,0 days 11:00:00,0,1,11.0,7,6,Thursday,Quinta
17/07/2025,06:07,16:11,ZXC7V54,Fiat/Fastback,2025-07-17 06:07:00,2025-07-17 16:11:00,0 days 10:04:00,0,1,10.066666666666666,7,6,Thursday,Quinta
17/07/2025,06:42,16:51,VBN8G76,Renault/Kwid,2025-07-17 06:42:00,2025-07-17 16:51:00,0 days 10:09:00,0,1,10.15,7,6,Thursday,Quinta
17/07/2025,06:05,18:37,MNB9H98,Jeep/Compass,2025-07-17 06:05:00,2025-07-17 18:37:00,0 days 12:32:00,0,1,12.533333333333333,7,6,Thursday,Quinta
17/07/2025,06:48,17:42,POI0J21,Peugeot/208,2025-07-17 06:48:00,2025-07-17 17:42:00,0 days 10:54:00,0,1,10.9,7,6,Thursday,Quinta
17/07/2025,06:42,16:15,LKM1Z43,Citroen/C3,2025-07-17 06:42:00,2025-07-17 16:15:00,0 days 09:33:00,0,1,9.55,7,6,Thursday,Quinta
17/07/2025,06:28,15:54,HGF2X65,BYD/Dolphin,2025-07-17 06:28:00,2025-07-17 15:54:00,0 days 09:26:00,0,1,9.433333333333334,7,6,Thursday,Quinta
17/07/2025,06:16,15:50,QAZ3W87,Toyota/Etios,2025-07-17 06:16:00,2025-07-17 15:50:00,0 days 09:34:00,0,1,9.566666666666666,7,6,Thursday,Quinta
17/07/2025,08:40,15:32,WSX4E09,Chevrolet/Cruze,2025-07-17 08:40:00,2025-07-17 15:32:00,0 days 06:52:00,0,1,6.866666666666666,7,8,Thursday,Quinta
17/07/2025,09:00,19:18,EDC5R21,Volkswagen/Fox,2025-07-17 09:00:00,2025-07-17 19:18:00,0 days 10:18:00,0,1,10.3,7,9,Thursday,Quinta
17/07/2025,08:38,19:07,RFV6T43,Hyundai/Tucson,2025-07-17 08:38:00,2025-07-17 19:07:00,0 days 10:29:00,0,1,10.483333333333333,7,8,Thursday,Quinta
17/07/2025,08:26,17:23,TGB7Y65,Honda/Fit,2025-07-17 08:26:00,2025-07-17 17:23:00,0 days 08:57:00,0,1,8.95,7,8,Thursday,Quinta
17/07/2025,08:49,18:18,YHN8U87,Nissan/March,2025-07-17 08:49:00,2025-07-17 18:18:00,0 days 09:29:00,0,1,9.483333333333333,7,8,Thursday,Quinta
17/07/2025,08:16,18:56,UJM9I09,Fiat/Palio,2025-07-17 08:16:00,2025-07-17 18:56:00,0 days 10:40:00,0,1,10.666666666666666,7,8,Thursday,Quinta
17/07/2025,09:24,15:49,IKL0O21,Renault/Sandero,2025-07-17 09:24:00,2025-07-17 15:49:00,0 days 06:25:00,0,1,6.416666666666667,7,9,Thursday,Quinta
17/07/2025,08:05,17:39,OLP1P43,Jeep/Renegade,2025-07-17 08:05:00,2025-07-17 17:39:00,0 days 09:34:00,0,1,9.566666666666666,7,8,Thursday,Quinta
17/07/2025,09:01,18:30,PAS2D65,Peugeot/308,2025-07-17 09:01:00,2025-07-17 18:30:00,0 days 09:29:00,0,1,9.483333333333333,7,9,Thursday,Quinta
17/07/2025,08:50,19:10,DFG3S87,Citroen/C4,2025-07-17 08:50:00,2025-07-17 19:10:00,0 days 10:20:00,0,1,10.333333333333334,7,8,Thursday,Quinta
17/07/2025,08:07,18:36,SDF4G09,Ford/Focus,2025-07-17 08:07:00,2025-07-17 18:36:00,0 days 10:29:00,0,1,10.483333333333333,7,8,Thursday,Quinta
17/07/2025,08:04,17:58,GHG5H21,Kia/Soul,2025-07-17 08:04:00,2025-07-17 17:58:00,0 days 09:54:00,0,1,9.9,7,8,Thursday,Quinta
17/07/2025,08:10,19:49,HJK6J43,Mitsubishi/ASX,2025-07-17 08:10:00,2025-07-17 19:49:00,0 days 11:39:00,0,1,11.65,7,8,Thursday,Quinta
17/07/2025,08:12,16:28,JKL7K65,Suzuki/Swift,2025-07-17 08:12:00,2025-07-17 16:28:00,0 days 08:16:00,0,1,8.266666666666667,7,8,Thursday,Quinta
17/07/2025,10:14,16:13,AJC7M65,Chevrolet/Celta,2025-07-17 10:14:00,2025-07-17 16:13:00,0 days 05:59:00,0,1,5.983333333333333,7,10,Thursday,Quinta
17/07/2025,08:51,15:30,DEF7L65,Fiat/Uno,2025-07-17 08:51:00,2025-07-17 15:30:00,0 days 06:39:00,0,1,6.65,7,8,Thursday,Quinta
17/07/2025,10:28,19:57,JBL7K65,Ford/Fiesta,2025-07-17 10:28:00,2025-07-17 19:57:00,0 days 09:29:00,0,1,9.483333333333333,7,10,Thursday,Quinta
18/07/2025,06:43,19:23,ALC1D23,Toyota/Corolla,2025-07-18 06:43:00,2025-07-18 19:23:00,0 days 12:40:00,0,1,12.666666666666666,7,6,Friday,Sexta
18/07/2025,06:16,18:11,JDL2M45,Chevrolet/Onix,2025-07-18 06:16:00,2025-07-18 18:11:00,0 days 11:55:00,0,1,11.916666666666666,7,6,Friday,Sexta
18/07/2025,06:47,18:42,QWE3R67,Volkswagen/Polo,2025-07-18 06:47:00,2025-07-18 18:42:00,0 days 11:55:00,0,1,11.916666666666666,7,6,Friday,Sexta
18/07/2025,06:49,16:28,RTY4U89,Hyundai/HB20,2025-07-18 06:49:00,2025-07-18 16:28:00,0 days 09:39:00,0,1,9.65,7,6,Friday,Sexta
18/07/2025,06:10,17:32,UIO5P10,Honda/Civic,2025-07-18 06:10:00,2025-07-18 17:32:00,0 days 11:22:00,0,1,11.366666666666667,7,6,Friday,Sexta
18/07/2025,06:34,16:08,ASD6F32,Nissan/Kicks,2025-07-18 06:34:00,2025-07-18 16:08:00,0 days 09:34:00,0,1,9.566666666666666,7,6,Friday,Sexta
18/07/2025,06:15,16:13,ZXC7V54,Fiat/Fastback,2025-07-18 06:15:00,2025-07-18 16:13:00,0 days 09:58:00,0,1,9.966666666666667,7,6,Friday,Sexta
18/07/2025,06:35,18:28,VBN8G76,Renault/Kwid,2025-07-18 06:35:00,2025-07-18 18:28:00,0 days 11:53:00,0,1,11.883333333333333,7,6,Friday,Sexta
18/07/2025,06:12,19:37,MNB9H98,Jeep/Compass,2025-07-18 06:12:00,2025-07-18 19:37:00,0 days 13:25:00,0,1,13.416666666666666,7,6,Friday,Sexta
18/07/2025,06:21,15:38,POI0J21,Peugeot/208,2025-07-18 06:21:00,2025-07-18 15:38:00,0 days 09:17:00,0,1,9.283333333333333,7,6,Friday,Sexta
18/07/2025,06:13,19:55,LKM1Z43,Citroen/C3,2025-07-18 06:13:00,2025-07-18 19:55:00,0 days 13:42:00,0,1,13.7,7,6,Friday,Sexta
18/07/2025,06:07,17:50,HGF2X65,BYD/Dolphin,2025-07-18 06:07:00,2025-07-18 17:50:00,0 days 11:43:00,0,1,11.716666666666667,7,6,Friday,Sexta
18/07/2025,06:35,16:03,QAZ3W87,Toyota/Etios,2025-07-18 06:35:00,2025-07-18 16:03:00,0 days 09:28:00,0,1,9.466666666666667,7,6,Friday,Sexta
18/07/2025,09:31,17:57,WSX4E09,Chevrolet/Cruze,2025-07-18 09:31:00,2025-07-18 17:57:00,0 days 08:26:00,0,1,8.433333333333334,7,9,Friday,Sexta
18/07/2025,08:40,18:28,EDC5R21,Volkswagen/Fox,2025-07-18 08:40:00,2025-07-18 18:28:00,0 days 09:48:00,0,1,9.8,7,8,Friday,Sexta
18/07/2025,08:19,15:47,RFV6T43,Hyundai/Tucson,2025-07-18 08:19:00,2025-07-18 15:47:00,0 days 07:28:00,0,1,7.466666666666667,7,8,Friday,Sexta
18/07/2025,09:05,15:10,TGB7Y65,Honda/Fit,2025-07-18 09:05:00,2025-07-18 15:10:00,0 days 06:05:00,0,1,6.083333333333333,7,9,Friday,Sexta
18/07/2025,08:49,15:13,YHN8U87,Nissan/March,2025-07-18 08:49:00,2025-07-18 15:13:00,0 days 06:24:00,0,1,6.4,7,8,Friday,Sexta
18/07/2025,09:53,17:09,UJM9I09,Fiat/Palio,2025-07-18 09:53:00,2025-07-18 17:09:00,0 days 07:16:00,0,1,7.266666666666667,7,9,Friday,Sexta
18/07/2025,09:19,17:35,IKL0O21,Renault/Sandero,2025-07-18 09:19:00,2025-07-18 17:35:00,0 days 08:16:00,0,1,8.266666666666667,7,9,Friday,Sexta
18/07/2025,08:04,19:09,OLP1P43,Jeep/Renegade,2025-07-18 08:04:00,2025-07-18 19:09:00,0 days 11:05:00,0,1,11.083333333333334,7,8,Friday,Sexta
18/07/2025,09:28,15:00,PAS2D65,Peugeot/308,2025-07-18 09:28:00,2025-07-18 15:00:00,0 days 05:32:00,0,1,5.533333333333333,7,9,Friday,Sexta
18/07/2025,08:12,16:12,DFG3S87,Citroen/C4,2025-07-18 08:12:00,2025-07-18 16:12:00,0 days 08:00:00,0,1,8.0,7,8,Friday,Sexta
18/07/2025,09:42,17:09,SDF4G09,Ford/Focus,2025-07-18 09:42:00,2025-07-18 17:09:00,0 days 07:27:00,0,1,7.45,7,9,Friday,Sexta
18/07/2025,08:22,17:49,GHG5H21,Kia/Soul,2025-07-18 08:22:00,2025-07-18 17:49:00,0 days 09:27:00,0,1,9.45,7,8,Friday,Sexta
18/07/2025,09:37,16:13,HJK6J43,Mitsubishi/ASX,2025-07-18 09:37:00,2025-07-18 16:13:00,0 days 06:36:00,0,1,6.6,7,9,Friday,Sexta
18/07/2025,09:21,15:17,JKL7K65,Suzuki/Swift,2025-07-18 09:21:00,2025-07-18 15:17:00,0 days 05:56:00,0,1,5.933333333333334,7,9,Friday,Sexta
18/07/2025,08:59,18:19,AJC7M65,Chevrolet/Celta,2025-07-18 08:59:00,2025-07-18 18:19:00,0 days 09:20:00,0,1,9.333333333333334,7,8,Friday,Sexta
18/07/2025,10:11,18:56,DEF7L65,Fiat/Uno,2025-07-18 10:11:00,2025-07-18 18:56:00,0 days 08:45:00,0,1,8.75,7,10,Friday,Sexta
18/07/2025,09:12,19:25,JBL7K65,Ford/Fiesta,2025-07-18 09:12:00,2025-07-18 19:25:00,0 days 10:13:00,0,1,10.216666666666667,7,9,Friday,Sexta
19/07/2025,09:03,15:11,WSX4E09,Chevrolet/Cruze,2025-07-19 09:03:00,2025-07-19 15:11:00,0 days 06:08:00,0,1,6.133333333333334,7,9,Saturday,Sábado
19/07/2025,08:47,18:22,EDC5R21,Volkswagen/Fox,2025-07-19 08:47:00,2025-07-19 18:22:00,0 days 09:35:00,0,1,9.583333333333334,7,8,Saturday,Sábado
19/07/2025,09:25,15:50,TGB7Y65,Honda/Fit,2025-07-19 09:25:00,2025-07-19 15:50:00,0 days 06:25:00,0,1,6.416666666666667,7,9,Saturday,Sábado
19/07/2025,09:01,16:16,YHN8U87,Nissan/March,2025-07-19 09:01:00,2025-07-19 16:16:00,0 days 07:15:00,0,1,7.25,7,9,Saturday,Sábado
19/07/2025,09:24,16:54,UJM9I09,Fiat/Palio,2025-07-19 09:24:00,2025-07-19 16:54:00,0 days 07:30:00,0,1,7.5,7,9,Saturday,Sábado
19/07/2025,08:39,17:46,OLP1P43,Jeep/Renegade,2025-07-19 08:39:00,2025-07-19 17:46:00,0 days 09:07:00,0,1,9.116666666666667,7,8,Saturday,Sábado
19/07/2025,09:52,16:16,DFG3S87,Citroen/C4,2025-07-19 09:52:00,2025-07-19 16:16:00,0 days 06:24:00,0,1,6.4,7,9,Saturday,Sábado
19/07/2025,08:37,19:20,SDF4G09,Ford/Focus,2025-07-19 08:37:00,2025-07-19 19:20:00,0 days 10:43:00,0,1,10.716666666666667,7,8,Saturday,Sábado
19/07/2025,08:55,16:17,HJK6J43,Mitsubishi/ASX,2025-07-19 08:55:00,2025-07-19 16:17:00,0 days 07:22:00,0,1,7.366666666666666,7,8,Saturday,Sábado
21/07/2025,06:24,19:39,ALC1D23,Toyota/Corolla,2025-07-21 06:24:00,2025-07-21 19:39:00,0 days 13:15:00,0,1,13.25,7,6,Monday,Segunda
21/07/2025,06:44,16:24,JDL2M45,Chevrolet/Onix,2025-07-21 06:44:00,2025-07-21 16:24:00,0 days 09:40:00,0,1,9.666666666666666,7,6,Monday,Segunda
21/07/2025,06:26,16:24,QWE3R67,Volkswagen/Polo,2025-07-21 06:26:00,2025-07-21 16:24:00,0 days 09:58:00,0,1,9.966666666666667,7,6,Monday,Segunda
21/07/2025,06:23,19:34,RTY4U89,Hyundai/HB20,2025-07-21 06:23:00,2025-07-21 19:34:00,0 days 13:11:00,0,1,13.183333333333334,7,6,Monday,Segunda
21/07/2025,06:49,15:42,UIO5P10,Honda/Civic,2025-07-21 06:49:00,2025-07-21 15:42:00,0 days 08:53:00,0,1,8.883333333333333,7,6,Monday,Segunda
21/07/2025,06:49,17:23,ASD6F32,Nissan/Kicks,2025-07-21 06:49:00,2025-07-21 17:23:00,0 days 10:34:00,0,1,10.566666666666666,7,6,Monday,Segunda
21/07/2025,06:38,15:28,ZXC7V54,Fiat/Fastback,2025-07-21 06:38:00,2025-07-21 15:28:00,0 days 08:50:00,0,1,8.833333333333334,7,6,Monday,Segunda
21/07/2025,06:22,15:08,VBN8G76,Renault/Kwid,2025-07-21 06:22:00,2025-07-21 15:08:00,0 days 08:46:00,0,1,8.766666666666667,7,6,Monday,Segunda
21/07/2025,06:15,16:06,MNB9H98,Jeep/Compass,2025-07-21 06:15:00,2025-07-21 16:06:00,0 days 09:51:00,0,1,9.85,7,6,Monday,Segunda
21/07/2025,06:44,17:51,POI0J21,Peugeot/208,2025-07-21 06:44:00,2025-07-21 17:51:00,0 days 11:07:00,0,1,11.116666666666667,7,6,Monday,Segunda
21/07/2025,06:38,16:02,LKM1Z43,Citroen/C3,2025-07-21 06:38:00,2025-07-21 16:02:00,0 days 09:24:00,0,1,9.4,7,6,Monday,Segunda
21/07/2025,06:54,18:02,HGF2X65,BYD/Dolphin,2025-07-21 06:54:00,2025-07-21 18:02:00,0 days 11:08:00,0,1,11.133333333333333,7,6,Monday,Segunda
21/07/2025,06:47,15:34,QAZ3W87,Toyota/Etios,2025-07-21 06:47:00,2025-07-21 15:34:00,0 days 08:47:00,0,1,8.783333333333333,7,6,Monday,Segunda
21/07/2025,09:10,17:14,WSX4E09,Chevrolet/Cruze,2025-07-21 09:10:00,2025-07-21 17:14:00,0 days 08:04:00,0,1,8.066666666666666,7,9,Monday,Segunda
21/07/2025,08:52,18:06,EDC5R21,Volkswagen/Fox,2025-07-21 08:52:00,2025-07-21 18:06:00,0 days 09:14:00,0,1,9.233333333333333,7,8,Monday,Segunda
21/07/2025,09:37,18:21,RFV6T43,Hyundai/Tucson,2025-07-21 09:37:00,2025-07-21 18:21:00,0 days 08:44:00,0,1,8.733333333333333,7,9,Monday,Segunda
21/07/2025,09:56,18:07,TGB7Y65,Honda/Fit,2025-07-21 09:56:00,2025-07-21 18:07:00,0 days 08:11:00,0,1,8.183333333333334,7,9,Monday,Segunda
21/07/2025,09:55,15:45,YHN8U87,Nissan/March,2025-07-21 09:55:00,2025-07-21 15:45:00,0 days 05:50:00,0,1,5.833333333333333,7,9,Monday,Segunda
21/07/2025,09:50,17:03,UJM9I09,Fiat/Palio,2025-07-21 09:50:00,2025-07-21 17:03:00,0 days 07:13:00,0,1,7.216666666666667,7,9,Monday,Segunda
21/07/2025,08:42,19:04,IKL0O21,Renault/Sandero,2025-07-21 08:42:00,2025-07-21 19:04:00,0 days 10:22:00,0,1,10.366666666666667,7,8,Monday,Segunda
21/07/2025,09:48,15:54,OLP1P43,Jeep/Renegade,2025-07-21 09:48:00,2025-07-21 15:54:00,0 days 06:06:00,0,1,6.1,7,9,Monday,Segunda
21/07/2025,08:15,17:42,PAS2D65,Peugeot/308,2025-07-21 08:15:00,2025-07-21 17:42:00,0 days 09:27:00,0,1,9.45,7,8,Monday,Segunda
21/07/2025,08:05,15:55,DFG3S87,Citroen/C4,2025-07-21 08:05:00,2025-07-21 15:55:00,0 days 07:50:00,0,1,7.833333333333333,7,8,Monday,Segunda
21/07/2025,08:47,16:08,SDF4G09,Ford/Focus,2025-07-21 08:47:00,2025-07-21 16:08:00,0 days 07:21:00,0,1,7.35,7,8,Monday,Segunda
21/07/2025,09:14,18:08,GHG5H21,Kia/Soul,2025-07-21 09:14:00,2025-07-21 18:08:00,0 days 08:54:00,0,1,8.9,7,9,Monday,Segunda
21/07/2025,08:55,15:17,HJK6J43,Mitsubishi/ASX,2025-07-21 08:55:00,2025-07-21 15:17:00,0 days 06:22:00,0,1,6.366666666666666,7,8,Monday,Segunda
21/07/2025,10:19,17:01,JKL7K65,Suzuki/Swift,2025-07-21 10:19:00,2025-07-21 17:01:00,0 days 06:42:00,0,1,6.7,7,10,Monday,Segunda
21/07/2025,08:32,18:24,AJC7M65,Chevrolet/Celta,2025-07-21 08:32:00,2025-07-21 18:24:00,0 days 09:52:00,0,1,9.866666666666667,7,8,Monday,Segunda
21/07/2025,10:07,17:46,DEF7L65,Fiat/Uno,2025-07-21 10:07:00,2025-07-21 17:46:00,0 days 07:39:00,0,1,7.65,7,10,Monday,Segunda
21/07/2025,10:32,19:19,JBL7K65,Ford/Fiesta,2025-07-21 10:32:00,2025-07-21 19:19:00,0 days 08:47:00,0,1,8.783333333333333,7,10,Monday,Segunda
22/07/2025,06:12,15:00,ALC1D23,Toyota/Corolla,2025-07-22 06:12:00,2025-07-22 15:00:00,0 days 08:48:00,0,1,8.8,7,6,Tuesday,Terça
22/07/2025,06:11,19:28,JDL2M45,Chevrolet/Onix,2025-07-22 06:11:00,2025-07-22 19:28:00,0 days 13:17:00,0,1,13.283333333333333,7,6,Tuesday,Terça
22/07/2025,06:08,18:18,QWE3R67,Volkswagen/Polo,2025-07-22 06:08:00,2025-07-22 18:18:00,0 days 12:10:00,0,1,12.166666666666666,7,6,Tuesday,Terça
22/07/2025,06:49,19:07,RTY4U89,Hyundai/HB20,2025-07-22 06:49:00,2025-07-22 19:07:00,0 days 12:18:00,0,1,12.3,7,6,Tuesday,Terça
22/07/2025,06:12,17:05,UIO5P10,Honda/Civic,2025-07-22 06:12:00,2025-07-22 17:05:00,0 days 10:53:00,0,1,10.883333333333333,7,6,Tuesday,Terça
22/07/2025,06:03,19:43,ASD6F32,Nissan/Kicks,2025-07-22 06:03:00,2025-07-22 19:43:00,0 days 13:40:00,0,1,13.666666666666666,7,6,Tuesday,Terça
22/07/2025,06:05,18:54,ZXC7V54,Fiat/Fastback,2025-07-22 06:05:00,2025-07-22 18:54:00,0 days 12:49:00,0,1,12.816666666666666,7,6,Tuesday,Terça
22/07/2025,06:26,16:50,VBN8G76,Renault/Kwid,2025-07-22 06:26:00,2025-07-22 16:50:00,0 days 10:24:00,0,1,10.4,7,6,Tuesday,Terça
22/07/2025,06:52,18:23,MNB9H98,Jeep/Compass,2025-07-22 06:52:00,2025-07-22 18:23:00,0 days 11:31:00,0,1,11.516666666666667,7,6,Tuesday,Terça
22/07/2025,06:39,15:18,POI0J21,Peugeot/208,2025-07-22 06:39:00,2025-07-22 15:18:00,0 days 08:39:00,0,1,8.65,7,6,Tuesday,Terça
22/07/2025,06:21,16:07,LKM1Z43,Citroen/C3,2025-07-22 06:21:00,2025-07-22 16:07:00,0 days 09:46:00,0,1,9.766666666666667,7,6,Tuesday,Terça
22/07/2025,06:32,16:29,HGF2X65,BYD/Dolphin,2025-07-22 06:32:00,2025-07-22 16:29:00,0 days 09:57:00,0,1,9.95,7,6,Tuesday,Terça
22/07/2025,06:13,16:30,QAZ3W87,Toyota/Etios,2025-07-22 06:13:00,2025-07-22 16:30:00,0 days 10:17:00,0,1,10.283333333333333,7,6,Tuesday,Terça
22/07/2025,08:36,16:07,WSX4E09,Chevrolet/Cruze,2025-07-22 08:36:00,2025-07-22 16:07:00,0 days 07:31:00,0,1,7.516666666666667,7,8,Tuesday,Terça
22/07/2025,08:39,19:58,EDC5R21,Volkswagen/Fox,2025-07-22 08:39:00,2025-07-22 19:58:00,0 days 11:19:00,0,1,11.316666666666666,7,8,Tuesday,Terça
22/07/2025,09:28,19:23,RFV6T43,Hyundai/Tucson,2025-07-22 09:28:00,2025-07-22 19:23:00,0 days 09:55:00,0,1,9.916666666666666,7,9,Tuesday,Terça
22/07/2025,09:48,15:03,TGB7Y65,Honda/Fit,2025-07-22 09:48:00,2025-07-22 15:03:00,0 days 05:15:00,0,1,5.25,7,9,Tuesday,Terça
22/07/2025,08:00,18:58,YHN8U87,Nissan/March,2025-07-22 08:00:00,2025-07-22 18:58:00,0 days 10:58:00,0,1,10.966666666666667,7,8,Tuesday,Terça
22/07/2025,09:55,18:55,UJM9I09,Fiat/Palio,2025-07-22 09:55:00,2025-07-22 18:55:00,0 days 09:00:00,0,1,9.0,7,9,Tuesday,Terça
22/07/2025,08:33,16:44,IKL0O21,Renault/Sandero,2025-07-22 08:33:00,2025-07-22 16:44:00,0 days 08:11:00,0,1,8.183333333333334,7,8,Tuesday,Terça
22/07/2025,08:51,17:12,OLP1P43,Jeep/Renegade,2025-07-22 08:51:00,2025-07-22 17:12:00,0 days 08:21:00,0,1,8.35,7,8,Tuesday,Terça
22/07/2025,08:04,15:59,PAS2D65,Peugeot/308,2025-07-22 08:04:00,2025-07-22 15:59:00,0 days 07:55:00,0,1,7.916666666666667,7,8,Tuesday,Terça
22/07/2025,08:17,19:53,DFG3S87,Citroen/C4,2025-07-22 08:17:00,2025-07-22 19:53:00,0 days 11:36:00,0,1,11.6,7,8,Tuesday,Terça
22/07/2025,09:29,18:43,SDF4G09,Ford/Focus,2025-07-22 09:29:00,2025-07-22 18:43:00,0 days 09:14:00,0,1,9.233333333333333,7,9,Tuesday,Terça
22/07/2025,09:05,19:50,GHG5H21,Kia/Soul,2025-07-22 09:05:00,2025-07-22 19:50:00,0 days 10:45:00,0,1,10.75,7,9,Tuesday,Terça
22/07/2025,08:33,16:55,HJK6J43,Mitsubishi/ASX,2025-07-22 08:33:00,2025-07-22 16:55:00,0 days 08:22:00,0,1,8.366666666666667,7,8,Tuesday,Terça
22/07/2025,09:08,17:03,JKL7K65,Suzuki/Swift,2025-07-22 09:08:00,2025-07-22 17:03:00,0 days 07:55:00,0,1,7.916666666666667,7,9,Tuesday,Terça
22/07/2025,09:57,19:44,AJC7M65,Chevrolet/Celta,2025-07-22 09:57:00,2025-07-22 19:44:00,0 days 09:47:00,0,1,9.783333333333333,7,9,Tuesday,Terça
22/07/2025,08:41,18:59,DEF7L65,Fiat/Uno,2025-07-22 08:41:00,2025-07-22 18:59:00,0 days 10:18:00,0,1,10.3,7,8,Tuesday,Terça
22/07/2025,08:58,18:01,JBL7K65,Ford/Fiesta,2025-07-22 08:58:00,2025-07-22 18:01:00,0 days 09:03:00,0,1,9.05,7,8,Tuesday,Terça
23/07/2025,06:45,15:47,ALC1D23,Toyota/Corolla,2025-07-23 06:45:00,2025-07-23 15:47:00,0 days 09:02:00,0,1,9.033333333333333,7,6,Wednesday,Quarta
23/07/2025,06:09,15:15,JDL2M45,Chevrolet/Onix,2025-07-23 06:09:00,2025-07-23 15:15:00,0 days 09:06:00,0,1,9.1,7,6,Wednesday,Quarta
23/07/2025,06:02,18:13,QWE3R67,Volkswagen/Polo,2025-07-23 06:02:00,2025-07-23 18:13:00,0 days 12:11:00,0,1,12.183333333333334,7,6,Wednesday,Quarta
23/07/2025,06:03,19:47,RTY4U89,Hyundai/HB20,2025-07-23 06:03:00,2025-07-23 19:47:00,0 days 13:44:00,0,1,13.733333333333333,7,6,Wednesday,Quarta
23/07/2025,06:03,19:38,UIO5P10,Honda/Civic,2025-07-23 06:03:00,2025-07-23 19:38:00,0 days 13:35:00,0,1,13.583333333333334,7,6,Wednesday,Quarta
23/07/2025,06:43,17:31,ASD6F32,Nissan/Kicks,2025-07-23 06:43:00,2025-07-23 17:31:00,0 days 10:48:00,0,1,10.8,7,6,Wednesday,Quarta
23/07/2025,06:04,19:56,ZXC7V54,Fiat/Fastback,2025-07-23 06:04:00,2025-07-23 19:56:00,0 days 13:52:00,0,1,13.866666666666667,7,6,Wednesday,Quarta
23/07/2025,06:51,19:19,VBN8G76,Renault/Kwid,2025-07-23 06:51:00,2025-07-23 19:19:00,0 days 12:28:00,0,1,12.466666666666667,7,6,Wednesday,Quarta
23/07/2025,06:36,15:51,MNB9H98,Jeep/Compass,2025-07-23 06:36:00,2025-07-23 15:51:00,0 days 09:15:00,0,1,9.25,7,6,Wednesday,Quarta
23/07/2025,06:02,18:38,POI0J21,Peugeot/208,2025-07-23 06:02:00,2025-07-23 18:38:00,0 days 12:36:00,0,1,12.6,7,6,Wednesday,Quarta
23/07/2025,06:04,19:53,LKM1Z43,Citroen/C3,2025-07-23 06:04:00,2025-07-23 19:53:00,0 days 13:49:00,0,1,13.816666666666666,7,6,Wednesday,Quarta
23/07/2025,06:57,16:16,HGF2X65,BYD/Dolphin,2025-07-23 06:57:00,2025-07-23 16:16:00,0 days 09:19:00,0,1,9.316666666666666,7,6,Wednesday,Quarta
23/07/2025,06:42,16:17,QAZ3W87,Toyota/Etios,2025-07-23 06:42:00,2025-07-23 16:17:00,0 days 09:35:00,0,1,9.583333333333334,7,6,Wednesday,Quarta
23/07/2025,08:33,16:46,WSX4E09,Chevrolet/Cruze,2025-07-23 08:33:00,2025-07-23 16:46:00,0 days 08:13:00,0,1,8.216666666666667,7,8,Wednesday,Quarta
23/07/2025,08:22,16:40,EDC5R21,Volkswagen/Fox,2025-07-23 08:22:00,2025-07-23 16:40:00,0 days 08:18:00,0,1,8.3,7,8,Wednesday,Quarta
23/07/2025,08:22,18:51,RFV6T43,Hyundai/Tucson,2025-07-23 08:22:00,2025-07-23 18:51:00,0 days 10:29:00,0,1,10.483333333333333,7,8,Wednesday,Quarta
23/07/2025,08:27,19:55,TGB7Y65,Honda/Fit,2025-07-23 08:27:00,2025-07-23 19:55:00,0 days 11:28:00,0,1,11.466666666666667,7,8,Wednesday,Quarta
23/07/2025,08:02,16:18,YHN8U87,Nissan/March,2025-07-23 08:02:00,2025-07-23 16:18:00,0 days 08:16:00,0,1,8.266666666666667,7,8,Wednesday,Quarta
23/07/2025,09:02,16:54,UJM9I09,Fiat/Palio,2025-07-23 09:02:00,2025-07-23 16:54:00,0 days 07:52:00,0,1,7.866666666666666,7,9,Wednesday,Quarta
23/07/2025,08:20,18:45,IKL0O21,Renault/Sandero,2025-07-23 08:20:00,2025-07-23 18:45:00,0 days 10:25:00,0,1,10.416666666666666,7,8,Wednesday,Quarta
23/07/2025,08:05,15:09,OLP1P43,Jeep/Renegade,2025-07-23 08:05:00,2025-07-23 15:09:00,0 days 07:04:00,0,1,7.066666666666666,7,8,Wednesday,Quarta
23/07/2025,08:53,17:47,PAS2D65,Peugeot/308,2025-07-23 08:53:00,2025-07-23 17:47:00,0 days 08:54:00,0,1,8.9,7,8,Wednesday,Quarta
23/07/2025,08:17,16:06,DFG3S87,Citroen/C4,2025-07-23 08:17:00,2025-07-23 16:06:00,0 days 07:49:00,0,1,7.816666666666666,7,8,Wednesday,Quarta
23/07/2025,08:27,19:49,SDF4G09,Ford/Focus,2025-07-23 08:27:00,2025-07-23 19:49:00,0 days 11:22:00,0,1,11.366666666666667,7,8,Wednesday,Quarta
23/07/2025,09:37,18:33,GHG5H21,Kia/Soul,2025-07-23 09:37:00,2025-07-23 18:33:00,0 days 08:56:00,0,1,8.933333333333334,7,9,Wednesday,Quarta
23/07/2025,08:15,16:51,HJK6J43,Mitsubishi/ASX,2025-07-23 08:15:00,2025-07-23 16:51:00,0 days 08:36:00,0,1,8.6,7,8,Wednesday,Quarta
23/07/2025,09:23,15:03,JKL7K65,Suzuki/Swift,2025-07-23 09:23:00,2025-07-23 15:03:00,0 days 05:40:00,0,1,5.666666666666667,7,9,Wednesday,Quarta
23/07/2025,09:20,16:03,AJC7M65,Chevrolet/Celta,2025-07-23 09:20:00,2025-07-23 16:03:00,0 days 06:43:00,0,1,6.716666666666667,7,9,Wednesday,Quarta
23/07/2025,08:37,16:07,DEF7L65,Fiat/Uno,2025-07-23 08:37:00,2025-07-23 16:07:00,0 days 07:30:00,0,1,7.5,7,8,Wednesday,Quarta
23/07/2025,08:45,19:41,JBL7K65,Ford/Fiesta,2025-07-23 08:45:00,2025-07-23 19:41:00,0 days 10:56:00,0,1,10.933333333333334,7,8,Wednesday,Quarta
24/07/2025,06:34,15:00,ALC1D23,Toyota/Corolla,2025-07-24 06:34:00,2025-07-24 15:00:00,0 days 08:26:00,0,1,8.433333333333334,7,6,Thursday,Quinta
24/07/2025,06:07,15:59,JDL2M45,Chevrolet/Onix,2025-07-24 06:07:00,2025-07-24 15:59:00,0 days 09:52:00,0,1,9.866666666666667,7,6,Thursday,Quinta
24/07/2025,06:21,17:11,QWE3R67,Volkswagen/Polo,2025-07-24 06:21:00,2025-07-24 17:11:00,0 days 10:50:00,0,1,10.833333333333334,7,6,Thursday,Quinta
24/07/2025,06:09,16:13,RTY4U89,Hyundai/HB20,2025-07-24 06:09:00,2025-07-24 16:13:00,0 days 10:04:00,0,1,10.066666666666666,7,6,Thursday,Quinta
24/07/2025,06:29,17:48,UIO5P10,Honda/Civic,2025-07-24 06:29:00,2025-07-24 17:48:00,0 days 11:19:00,0,1,11.316666666666666,7,6,Thursday,Quinta
24/07/2025,06:19,15:04,ASD6F32,Nissan/Kicks,2025-07-24 06:19:00,2025-07-24 15:04:00,0 days 08:45:00,0,1,8.75,7,6,Thursday,Quinta
24/07/2025,06:23,19:04,ZXC7V54,Fiat/Fastback,2025-07-24 06:23:00,2025-07-24 19:04:00,0 days 12:41:00,0,1,12.683333333333334,7,6,Thursday,Quinta
24/07/2025,06:07,18:59,VBN8G76,Renault/Kwid,2025-07-24 06:07:00,2025-07-24 18:59:00,0 days 12:52:00,0,1,12.866666666666667,7,6,Thursday,Quinta
24/07/2025,06:22,18:33,MNB9H98,Jeep/Compass,2025-07-24 06:22:00,2025-07-24 18:33:00,0 days 12:11:00,0,1,12.183333333333334,7,6,Thursday,Quinta
24/07/2025,06:54,16:17,POI0J21,Peugeot/208,2025-07-24 06:54:00,2025-07-24 16:17:00,0 days 09:23:00,0,1,9.383333333333333,7,6,Thursday,Quinta
24/07/2025,06:43,17:42,LKM1Z43,Citroen/C3,2025-07-24 06:43:00,2025-07-24 17:42:00,0 days 10:59:00,0,1,10.983333333333333,7,6,Thursday,Quinta
24/07/2025,06:28,16:23,HGF2X65,BYD/Dolphin,2025-07-24 06:28:00,2025-07-24 16:23:00,0 days 09:55:00,0,1,9.916666666666666,7,6,Thursday,Quinta
24/07/2025,06:46,15:55,QAZ3W87,Toyota/Etios,2025-07-24 06:46:00,2025-07-24 15:55:00,0 days 09:09:00,0,1,9.15,7,6,Thursday,Quinta
24/07/2025,09:37,17:02,WSX4E09,Chevrolet/Cruze,2025-07-24 09:37:00,2025-07-24 17:02:00,0 days 07:25:00,0,1,7.416666666666667,7,9,Thursday,Quinta
24/07/2025,09:00,15:26,EDC5R21,Volkswagen/Fox,2025-07-24 09:00:00,2025-07-24 15:26:00,0 days 06:26:00,0,1,6.433333333333334,7,9,Thursday,Quinta
24/07/2025,08:37,18:57,RFV6T43,Hyundai/Tucson,2025-07-24 08:37:00,2025-07-24 18:57:00,0 days 10:20:00,0,1,10.333333333333334,7,8,Thursday,Quinta
24/07/2025,09:59,15:42,TGB7Y65,Honda/Fit,2025-07-24 09:59:00,2025-07-24 15:42:00,0 days 05:43:00,0,1,5.716666666666667,7,9,Thursday,Quinta
24/07/2025,08:40,15:05,YHN8U87,Nissan/March,2025-07-24 08:40:00,2025-07-24 15:05:00,0 days 06:25:00,0,1,6.416666666666667,7,8,Thursday,Quinta
24/07/2025,09:31,18:32,UJM9I09,Fiat/Palio,2025-07-24 09:31:00,2025-07-24 18:32:00,0 days 09:01:00,0,1,9.016666666666667,7,9,Thursday,Quinta
24/07/2025,09:31,15:22,IKL0O21,Renault/Sandero,2025-07-24 09:31:00,2025-07-24 15:22:00,0 days 05:51:00,0,1,5.85,7,9,Thursday,Quinta
24/07/2025,09:32,17:01,OLP1P43,Jeep/Renegade,2025-07-24 09:32:00,2025-07-24 17:01:00,0 days 07:29:00,0,1,7.483333333333333,7,9,Thursday,Quinta
24/07/2025,08:22,17:03,PAS2D65,Peugeot/308,2025-07-24 08:22:00,2025-07-24 17:03:00,0 days 08:41:00,0,1,8.683333333333334,7,8,Thursday,Quinta
24/07/2025,08:43,16:23,DFG3S87,Citroen/C4,2025-07-24 08:43:00,2025-07-24 16:23:00,0 days 07:40:00,0,1,7.666666666666667,7,8,Thursday,Quinta
24/07/2025,09:08,18:09,SDF4G09,Ford/Focus,2025-07-24 09:08:00,2025-07-24 18:09:00,0 days 09:01:00,0,1,9.016666666666667,7,9,Thursday,Quinta
24/07/2025,08:39,18:35,GHG5H21,Kia/Soul,2025-07-24 08:39:00,2025-07-24 18:35:00,0 days 09:56:00,0,1,9.933333333333334,7,8,Thursday,Quinta
24/07/2025,09:35,16:27,HJK6J43,Mitsubishi/ASX,2025-07-24 09:35:00,2025-07-24 16:27:00,0 days 06:52:00,0,1,6.866666666666666,7,9,Thursday,Quinta
24/07/2025,08:41,16:39,JKL7K65,Suzuki/Swift,2025-07-24 08:41:00,2025-07-24 16:39:00,0 days 07:58:00,0,1,7.966666666666667,7,8,Thursday,Quinta
24/07/2025,10:33,16:50,AJC7M65,Chevrolet/Celta,2025-07-24 10:33:00,2025-07-24 16:50:00,0 days 06:17:00,0,1,6.283333333333333,7,10,Thursday,Quinta
24/07/2025,09:38,16:46,DEF7L65,Fiat/Uno,2025-07-24 09:38:00,2025-07-24 16:46:00,0 days 07:08:00,0,1,7.133333333333334,7,9,Thursday,Quinta
24/07/2025,09:54,19:14,JBL7K65,Ford/Fiesta,2025-07-24 09:54:00,2025-07-24 19:14:00,0 days 09:20:00,0,1,9.333333333333334,7,9,Thursday,Quinta
25/07/2025,06:44,19:50,ALC1D23,Toyota/Corolla,2025-07-25 06:44:00,2025-07-25 19:50:00,0 days 13:06:00,0,1,13.1,7,6,Friday,Sexta
25/07/2025,06:39,15:11,JDL2M45,Chevrolet/Onix,2025-07-25 06:39:00,2025-07-25 15:11:00,0 days 08:32:00,0,1,8.533333333333333,7,6,Friday,Sexta
25/07/2025,06:38,17:21,QWE3R67,Volkswagen/Polo,2025-07-25 06:38:00,2025-07-25 17:21:00,0 days 10:43:00,0,1,10.716666666666667,7,6,Friday,Sexta
25/07/2025,06:24,15:20,RTY4U89,Hyundai/HB20,2025-07-25 06:24:00,2025-07-25 15:20:00,0 days 08:56:00,0,1,8.933333333333334,7,6,Friday,Sexta
25/07/2025,06:06,17:05,UIO5P10,Honda/Civic,2025-07-25 06:06:00,2025-07-25 17:05:00,0 days 10:59:00,0,1,10.983333333333333,7,6,Friday,Sexta
25/07/2025,06:24,18:47,ASD6F32,Nissan/Kicks,2025-07-25 06:24:00,2025-07-25 18:47:00,0 days 12:23:00,0,1,12.383333333333333,7,6,Friday,Sexta
25/07/2025,06:13,19:55,ZXC7V54,Fiat/Fastback,2025-07-25 06:13:00,2025-07-25 19:55:00,0 days 13:42:00,0,1,13.7,7,6,Friday,Sexta
25/07/2025,06:02,17:11,VBN8G76,Renault/Kwid,2025-07-25 06:02:00,2025-07-25 17:11:00,0 days 11:09:00,0,1,11.15,7,6,Friday,Sexta
25/07/2025,06:53,17:51,MNB9H98,Jeep/Compass,2025-07-25 06:53:00,2025-07-25 17:51:00,0 days 10:58:00,0,1,10.966666666666667,7,6,Friday,Sexta
25/07/2025,06:26,18:06,POI0J21,Peugeot/208,2025-07-25 06:26:00,2025-07-25 18:06:00,0 days 11:40:00,0,1,11.666666666666666,7,6,Friday,Sexta
25/07/2025,06:31,18:31,LKM1Z43,Citroen/C3,2025-07-25 06:31:00,2025-07-25 18:31:00,0 days 12:00:00,0,1,12.0,7,6,Friday,Sexta
25/07/2025,06:19,18:44,HGF2X65,BYD/Dolphin,2025-07-25 06:19:00,2025-07-25 18:44:00,0 days 12:25:00,0,1,12.416666666666666,7,6,Friday,Sexta
25/07/2025,06:10,18:17,QAZ3W87,Toyota/Etios,2025-07-25 06:10:00,2025-07-25 18:17:00,0 days 12:07:00,0,1,12.116666666666667,7,6,Friday,Sexta
25/07/2025,08:33,19:30,WSX4E09,Chevrolet/Cruze,2025-07-25 08:33:00,2025-07-25 19:30:00,0 days 10:57:00,0,1,10.95,7,8,Friday,Sexta
25/07/2025,08:07,19:49,EDC5R21,Volkswagen/Fox,2025-07-25 08:07:00,2025-07-25 19:49:00,0 days 11:42:00,0,1,11.7,7,8,Friday,Sexta
25/07/2025,09:52,15:47,RFV6T43,Hyundai/Tucson,2025-07-25 09:52:00,2025-07-25 15:47:00,0 days 05:55:00,0,1,5.916666666666667,7,9,Friday,Sexta
25/07/2025,09:27,18:20,TGB7Y65,Honda/Fit,2025-07-25 09:27:00,2025-07-25 18:20:00,0 days 08:53:00,0,1,8.883333333333333,7,9,Friday,Sexta
25/07/2025,09:07,16:53,YHN8U87,Nissan/March,2025-07-25 09:07:00,2025-07-25 16:53:00,0 days 07:46:00,0,1,7.766666666666667,7,9,Friday,Sexta
25/07/2025,08:40,19:12,UJM9I09,Fiat/Palio,2025-07-25 08:40:00,2025-07-25 19:12:00,0 days 10:32:00,0,1,10.533333333333333,7,8,Friday,Sexta
25/07/2025,08:36,18:09,IKL0O21,Renault/Sandero,2025-07-25 08:36:00,2025-07-25 18:09:00,0 days 09:33:00,0,1,9.55,7,8,Friday,Sexta
25/07/2025,09:24,15:24,OLP1P43,Jeep/Renegade,2025-07-25 09:24:00,2025-07-25 15:24:00,0 days 06:00:00,0,1,6.0,7,9,Friday,Sexta
25/07/2025,08:16,19:44,PAS2D65,Peugeot/308,2025-07-25 08:16:00,2025-07-25 19:44:00,0 days 11:28:00,0,1,11.466666666666667,7,8,Friday,Sexta
25/07/2025,09:08,19:11,DFG3S87,Citroen/C4,2025-07-25 09:08:00,2025-07-25 19:11:00,0 days 10:03:00,0,1,10.05,7,9,Friday,Sexta
25/07/2025,08:26,17:25,SDF4G09,Ford/Focus,2025-07-25 08:26:00,2025-07-25 17:25:00,0 days 08:59:00,0,1,8.983333333333333,7,8,Friday,Sexta
25/07/2025,08:09,15:37,GHG5H21,Kia/Soul,2025-07-25 08:09:00,2025-07-25 15:37:00,0 days 07:28:00,0,1,7.466666666666667,7,8,Friday,Sexta
25/07/2025,09:17,16:02,HJK6J43,Mitsubishi/ASX,2025-07-25 09:17:00,2025-07-25 16:02:00,0 days 06:45:00,0,1,6.75,7,9,Friday,Sexta
25/07/2025,10:31,19:52,JKL7K65,Suzuki/Swift,2025-07-25 10:31:00,2025-07-25 19:52:00,0 days 09:21:00,0,1,9.35,7,10,Friday,Sexta
25/07/2025,08:16,19:32,AJC7M65,Chevrolet/Celta,2025-07-25 08:16:00,2025-07-25 19:32:00,0 days 11:16:00,0,1,11.266666666666667,7,8,Friday,Sexta
25/07/2025,08:40,16:44,DEF7L65,Fiat/Uno,2025-07-25 08:40:00,2025-07-25 16:44:00,0 days 08:04:00,0,1,8.066666666666666,7,8,Friday,Sexta
25/07/2025,10:58,18:15,JBL7K65,Ford/Fiesta,2025-07-25 10:58:00,2025-07-25 18:15:00,0 days 07:17:00,0,1,7.283333333333333,7,10,Friday,Sexta
26/07/2025,09:02,15:42,WSX4E09,Chevrolet/Cruze,2025-07-26 09:02:00,2025-07-26 15:42:00,0 days 06:40:00,0,1,6.666666666666667,7,9,Saturday,Sábado
26/07/2025,08:28,17:27,EDC5R21,Volkswagen/Fox,2025-07-26 08:28:00,2025-07-26 17:27:00,0 days 08:59:00,0,1,8.983333333333333,7,8,Saturday,Sábado
26/07/2025,08:59,17:04,RFV6T43,Hyundai/Tucson,2025-07-26 08:59:00,2025-07-26 17:04:00,0 days 08:05:00,0,1,8.083333333333334,7,8,Saturday,Sábado
26/07/2025,09:51,19:58,TGB7Y65,Honda/Fit,2025-07-26 09:51:00,2025-07-26 19:58:00,0 days 10:07:00,0,1,10.116666666666667,7,9,Saturday,Sábado
26/07/2025,08:43,18:50,YHN8U87,Nissan/March,2025-07-26 08:43:00,2025-07-26 18:50:00,0 days 10:07:00,0,1,10.116666666666667,7,8,Saturday,Sábado
26/07/2025,08:26,15:26,IKL0O21,Renault/Sandero,2025-07-26 08:26:00,2025-07-26 15:26:00,0 days 07:00:00,0,1,7.0,7,8,Saturday,Sábado
26/07/2025,08:14,18:41,OLP1P43,Jeep/Renegade,2025-07-26 08:14:00,2025-07-26 18:41:00,0 days 10:27:00,0,1,10.45,7,8,Saturday,Sábado
26/07/2025,09:45,15:56,PAS2D65,Peugeot/308,2025-07-26 09:45:00,2025-07-26 15:56:00,0 days 06:11:00,0,1,6.183333333333334,7,9,Saturday,Sábado
26/07/2025,08:30,16:14,DFG3S87,Citroen/C4,2025-07-26 08:30:00,2025-07-26 16:14:00,0 days 07:44:00,0,1,7.733333333333333,7,8,Saturday,Sábado
26/07/2025,09:31,19:33,GHG5H21,Kia/Soul,2025-07-26 09:31:00,2025-07-26 19:33:00,0 days 10:02:00,0,1,10.033333333333333,7,9,Saturday,Sábado
26/07/2025,09:43,17:46,HJK6J43,Mitsubishi/ASX,2025-07-26 09:43:00,2025-07-26 17:46:00,0 days 08:03:00,0,1,8.05,7,9,Saturday,Sábado
28/07/2025,06:05,15:47,ALC1D23,Toyota/Corolla,2025-07-28 06:05:00,2025-07-28 15:47:00,0 days 09:42:00,0,1,9.7,7,6,Monday,Segunda
28/07/2025,06:53,15:59,JDL2M45,Chevrolet/Onix,2025-07-28 06:53:00,2025-07-28 15:59:00,0 days 09:06:00,0,1,9.1,7,6,Monday,Segunda
28/07/2025,06:43,19:38,QWE3R67,Volkswagen/Polo,2025-07-28 06:43:00,2025-07-28 19:38:00,0 days 12:55:00,0,1,12.916666666666666,7,6,Monday,Segunda
28/07/2025,06:10,16:08,RTY4U89,Hyundai/HB20,2025-07-28 06:10:00,2025-07-28 16:08:00,0 days 09:58:00,0,1,9.966666666666667,7,6,Monday,Segunda
28/07/2025,06:48,19:05,UIO5P10,Honda/Civic,2025-07-28 06:48:00,2025-07-28 19:05:00,0 days 12:17:00,0,1,12.283333333333333,7,6,Monday,Segunda
28/07/2025,06:10,18:10,ASD6F32,Nissan/Kicks,2025-07-28 06:10:00,2025-07-28 18:10:00,0 days 12:00:00,0,1,12.0,7,6,Monday,Segunda
28/07/2025,06:17,19:26,ZXC7V54,Fiat/Fastback,2025-07-28 06:17:00,2025-07-28 19:26:00,0 days 13:09:00,0,1,13.15,7,6,Monday,Segunda
28/07/2025,06:02,18:20,VBN8G76,Renault/Kwid,2025-07-28 06:02:00,2025-07-28 18:20:00,0 days 12:18:00,0,1,12.3,7,6,Monday,Segunda
28/07/2025,06:39,19:13,MNB9H98,Jeep/Compass,2025-07-28 06:39:00,2025-07-28 19:13:00,0 days 12:34:00,0,1,12.566666666666666,7,6,Monday,Segunda
28/07/2025,06:54,18:38,POI0J21,Peugeot/208,2025-07-28 06:54:00,2025-07-28 18:38:00,0 days 11:44:00,0,1,11.733333333333333,7,6,Monday,Segunda
28/07/2025,06:32,19:45,LKM1Z43,Citroen/C3,2025-07-28 06:32:00,2025-07-28 19:45:00,0 days 13:13:00,0,1,13.216666666666667,7,6,Monday,Segunda
28/07/2025,06:18,18:34,HGF2X65,BYD/Dolphin,2025-07-28 06:18:00,2025-07-28 18:34:00,0 days 12:16:00,0,1,12.266666666666667,7,6,Monday,Segunda
28/07/2025,06:15,15:35,QAZ3W87,Toyota/Etios,2025-07-28 06:15:00,2025-07-28 15:35:00,0 days 09:20:00,0,1,9.333333333333334,7,6,Monday,Segunda
28/07/2025,09:09,17:19,WSX4E09,Chevrolet/Cruze,2025-07-28 09:09:00,2025-07-28 17:19:00,0 days 08:10:00,0,1,8.166666666666666,7,9,Monday,Segunda
28/07/2025,09:34,15:52,EDC5R21,Volkswagen/Fox,2025-07-28 09:34:00,2025-07-28 15:52:00,0 days 06:18:00,0,1,6.3,7,9,Monday,Segunda
28/07/2025,09:55,17:29,RFV6T43,Hyundai/Tucson,2025-07-28 09:55:00,2025-07-28 17:29:00,0 days 07:34:00,0,1,7.566666666666666,7,9,Monday,Segunda
28/07/2025,08:37,18:13,TGB7Y65,Honda/Fit,2025-07-28 08:37:00,2025-07-28 18:13:00,0 days 09:36:00,0,1,9.6,7,8,Monday,Segunda
28/07/2025,09:09,16:21,YHN8U87,Nissan/March,2025-07-28 09:09:00,2025-07-28 16:21:00,0 days 07:12:00,0,1,7.2,7,9,Monday,Segunda
28/07/2025,08:47,16:35,UJM9I09,Fiat/Palio,2025-07-28 08:47:00,2025-07-28 16:35:00,0 days 07:48:00,0,1,7.8,7,8,Monday,Segunda
28/07/2025,08:20,19:45,IKL0O21,Renault/Sandero,2025-07-28 08:20:00,2025-07-28 19:45:00,0 days 11:25:00,0,1,11.416666666666666,7,8,Monday,Segunda
28/07/2025,08:51,15:08,OLP1P43,Jeep/Renegade,2025-07-28 08:51:00,2025-07-28 15:08:00,0 days 06:17:00,0,1,6.283333333333333,7,8,Monday,Segunda
28/07/2025,09:38,16:43,PAS2D65,Peugeot/308,2025-07-28 09:38:00,2025-07-28 16:43:00,0 days 07:05:00,0,1,7.083333333333333,7,9,Monday,Segunda
28/07/2025,08:09,17:43,DFG3S87,Citroen/C4,2025-07-28 08:09:00,2025-07-28 17:43:00,0 days 09:34:00,0,1,9.566666666666666,7,8,Monday,Segunda
28/07/2025,08:35,17:23,SDF4G09,Ford/Focus,2025-07-28 08:35:00,2025-07-28 17:23:00,0 days 08:48:00,0,1,8.8,7,8,Monday,Segunda
28/07/2025,08:09,17:34,GHG5H21,Kia/Soul,2025-07-28 08:09:00,2025-07-28 17:34:00,0 days 09:25:00,0,1,9.416666666666666,7,8,Monday,Segunda
28/07/2025,08:05,18:51,HJK6J43,Mitsubishi/ASX,2025-07-28 08:05:00,2025-07-28 18:51:00,0 days 10:46:00,0,1,10.766666666666667,7,8,Monday,Segunda
28/07/2025,08:30,15:53,JKL7K65,Suzuki/Swift,2025-07-28 08:30:00,2025-07-28 15:53:00,0 days 07:23:00,0,1,7.383333333333334,7,8,Monday,Segunda
28/07/2025,08:53,16:33,AJC7M65,Chevrolet/Celta,2025-07-28 08:53:00,2025-07-28 16:33:00,0 days 07:40:00,0,1,7.666666666666667,7,8,Monday,Segunda
28/07/2025,10:28,19:49,DEF7L65,Fiat/Uno,2025-07-28 10:28:00,2025-07-28 19:49:00,0 days 09:21:00,0,1,9.35,7,10,Monday,Segunda
28/07/2025,10:09,18:06,JBL7K65,Ford/Fiesta,2025-07-28 10:09:00,2025-07-28 18:06:00,0 days 07:57:00,0,1,7.95,7,10,Monday,Segunda
29/07/2025,06:37,18:50,ALC1D23,Toyota/Corolla,2025-07-29 06:37:00,2025-07-29 18:50:00,0 days 12:13:00,0,1,12.216666666666667,7,6,Tuesday,Terça
29/07/2025,06:07,15:04,JDL2M45,Chevrolet/Onix,2025-07-29 06:07:00,2025-07-29 15:04:00,0 days 08:57:00,0,1,8.95,7,6,Tuesday,Terça
29/07/2025,06:47,16:17,QWE3R67,Volkswagen/Polo,2025-07-29 06:47:00,2025-07-29 16:17:00,0 days 09:30:00,0,1,9.5,7,6,Tuesday,Terça
29/07/2025,06:54,17:14,RTY4U89,Hyundai/HB20,2025-07-29 06:54:00,2025-07-29 17:14:00,0 days 10:20:00,0,1,10.333333333333334,7,6,Tuesday,Terça
29/07/2025,06:35,16:44,UIO5P10,Honda/Civic,2025-07-29 06:35:00,2025-07-29 16:44:00,0 days 10:09:00,0,1,10.15,7,6,Tuesday,Terça
29/07/2025,06:50,19:59,ASD6F32,Nissan/Kicks,2025-07-29 06:50:00,2025-07-29 19:59:00,0 days 13:09:00,0,1,13.15,7,6,Tuesday,Terça
29/07/2025,06:25,17:07,ZXC7V54,Fiat/Fastback,2025-07-29 06:25:00,2025-07-29 17:07:00,0 days 10:42:00,0,1,10.7,7,6,Tuesday,Terça
29/07/2025,06:22,19:33,VBN8G76,Renault/Kwid,2025-07-29 06:22:00,2025-07-29 19:33:00,0 days 13:11:00,0,1,13.183333333333334,7,6,Tuesday,Terça
29/07/2025,06:11,15:46,MNB9H98,Jeep/Compass,2025-07-29 06:11:00,2025-07-29 15:46:00,0 days 09:35:00,0,1,9.583333333333334,7,6,Tuesday,Terça
29/07/2025,06:19,17:22,POI0J21,Peugeot/208,2025-07-29 06:19:00,2025-07-29 17:22:00,0 days 11:03:00,0,1,11.05,7,6,Tuesday,Terça
29/07/2025,06:21,18:11,LKM1Z43,Citroen/C3,2025-07-29 06:21:00,2025-07-29 18:11:00,0 days 11:50:00,0,1,11.833333333333334,7,6,Tuesday,Terça
29/07/2025,06:27,19:22,HGF2X65,BYD/Dolphin,2025-07-29 06:27:00,2025-07-29 19:22:00,0 days 12:55:00,0,1,12.916666666666666,7,6,Tuesday,Terça
29/07/2025,06:01,16:11,QAZ3W87,Toyota/Etios,2025-07-29 06:01:00,2025-07-29 16:11:00,0 days 10:10:00,0,1,10.166666666666666,7,6,Tuesday,Terça
29/07/2025,08:13,17:27,WSX4E09,Chevrolet/Cruze,2025-07-29 08:13:00,2025-07-29 17:27:00,0 days 09:14:00,0,1,9.233333333333333,7,8,Tuesday,Terça
29/07/2025,08:14,15:33,EDC5R21,Volkswagen/Fox,2025-07-29 08:14:00,2025-07-29 15:33:00,0 days 07:19:00,0,1,7.316666666666666,7,8,Tuesday,Terça
29/07/2025,09:57,16:26,RFV6T43,Hyundai/Tucson,2025-07-29 09:57:00,2025-07-29 16:26:00,0 days 06:29:00,0,1,6.483333333333333,7,9,Tuesday,Terça
29/07/2025,09:02,19:57,TGB7Y65,Honda/Fit,2025-07-29 09:02:00,2025-07-29 19:57:00,0 days 10:55:00,0,1,10.916666666666666,7,9,Tuesday,Terça
29/07/2025,08:34,19:27,YHN8U87,Nissan/March,2025-07-29 08:34:00,2025-07-29 19:27:00,0 days 10:53:00,0,1,10.883333333333333,7,8,Tuesday,Terça
29/07/2025,08:54,15:21,UJM9I09,Fiat/Palio,2025-07-29 08:54:00,2025-07-29 15:21:00,0 days 06:27:00,0,1,6.45,7,8,Tuesday,Terça
29/07/2025,09:27,19:13,IKL0O21,Renault/Sandero,2025-07-29 09:27:00,2025-07-29 19:13:00,0 days 09:46:00,0,1,9.766666666666667,7,9,Tuesday,Terça
29/07/2025,08:40,15:49,OLP1P43,Jeep/Renegade,2025-07-29 08:40:00,2025-07-29 15:49:00,0 days 07:09:00,0,1,7.15,7,8,Tuesday,Terça
29/07/2025,09:42,15:14,PAS2D65,Peugeot/308,2025-07-29 09:42:00,2025-07-29 15:14:00,0 days 05:32:00,0,1,5.533333333333333,7,9,Tuesday,Terça
29/07/2025,09:15,16:21,DFG3S87,Citroen/C4,2025-07-29 09:15:00,2025-07-29 16:21:00,0 days 07:06:00,0,1,7.1,7,9,Tuesday,Terça
29/07/2025,09:09,15:44,SDF4G09,Ford/Focus,2025-07-29 09:09:00,2025-07-29 15:44:00,0 days 06:35:00,0,1,6.583333333333333,7,9,Tuesday,Terça
29/07/2025,09:01,18:29,GHG5H21,Kia/Soul,2025-07-29 09:01:00,2025-07-29 18:29:00,0 days 09:28:00,0,1,9.466666666666667,7,9,Tuesday,Terça
29/07/2025,08:58,15:06,HJK6J43,Mitsubishi/ASX,2025-07-29 08:58:00,2025-07-29 15:06:00,0 days 06:08:00,0,1,6.133333333333334,7,8,Tuesday,Terça
29/07/2025,08:30,17:39,JKL7K65,Suzuki/Swift,2025-07-29 08:30:00,2025-07-29 17:39:00,0 days 09:09:00,0,1,9.15,7,8,Tuesday,Terça
29/07/2025,09:56,17:26,AJC7M65,Chevrolet/Celta,2025-07-29 09:56:00,2025-07-29 17:26:00,0 days 07:30:00,0,1,7.5,7,9,Tuesday,Terça
29/07/2025,08:47,15:46,DEF7L65,Fiat/Uno,2025-07-29 08:47:00,2025-07-29 15:46:00,0 days 06:59:00,0,1,6.983333333333333,7,8,Tuesday,Terça
29/07/2025,09:44,15:17,JBL7K65,Ford/Fiesta,2025-07-29 09:44:00,2025-07-29 15:17:00,0 days 05:33:00,0,1,5.55,7,9,Tuesday,Terça
30/07/2025,06:07,15:16,ALC1D23,Toyota/Corolla,2025-07-30 06:07:00,2025-07-30 15:16:00,0 days 09:09:00,0,1,9.15,7,6,Wednesday,Quarta
30/07/2025,06:45,18:51,JDL2M45,Chevrolet/Onix,2025-07-30 06:45:00,2025-07-30 18:51:00,0 days 12:06:00,0,1,12.1,7,6,Wednesday,Quarta
30/07/2025,06:21,16:46,QWE3R67,Volkswagen/Polo,2025-07-30 06:21:00,2025-07-30 16:46:00,0 days 10:25:00,0,1,10.416666666666666,7,6,Wednesday,Quarta
30/07/2025,06:49,15:34,RTY4U89,Hyundai/HB20,2025-07-30 06:49:00,2025-07-30 15:34:00,0 days 08:45:00,0,1,8.75,7,6,Wednesday,Quarta
30/07/2025,06:47,19:23,UIO5P10,Honda/Civic,2025-07-30 06:47:00,2025-07-30 19:23:00,0 days 12:36:00,0,1,12.6,7,6,Wednesday,Quarta
30/07/2025,06:04,16:03,ASD6F32,Nissan/Kicks,2025-07-30 06:04:00,2025-07-30 16:03:00,0 days 09:59:00,0,1,9.983333333333333,7,6,Wednesday,Quarta
30/07/2025,06:10,18:32,ZXC7V54,Fiat/Fastback,2025-07-30 06:10:00,2025-07-30 18:32:00,0 days 12:22:00,0,1,12.366666666666667,7,6,Wednesday,Quarta
30/07/2025,06:55,17:05,VBN8G76,Renault/Kwid,2025-07-30 06:55:00,2025-07-30 17:05:00,0 days 10:10:00,0,1,10.166666666666666,7,6,Wednesday,Quarta
30/07/2025,06:34,18:59,MNB9H98,Jeep/Compass,2025-07-30 06:34:00,2025-07-30 18:59:00,0 days 12:25:00,0,1,12.416666666666666,7,6,Wednesday,Quarta
30/07/2025,06:30,19:12,POI0J21,Peugeot/208,2025-07-30 06:30:00,2025-07-30 19:12:00,0 days 12:42:00,0,1,12.7,7,6,Wednesday,Quarta
30/07/2025,06:09,18:19,LKM1Z43,Citroen/C3,2025-07-30 06:09:00,2025-07-30 18:19:00,0 days 12:10:00,0,1,12.166666666666666,7,6,Wednesday,Quarta
30/07/2025,06:48,18:06,HGF2X65,BYD/Dolphin,2025-07-30 06:48:00,2025-07-30 18:06:00,0 days 11:18:00,0,1,11.3,7,6,Wednesday,Quarta
30/07/2025,06:32,19:42,QAZ3W87,Toyota/Etios,2025-07-30 06:32:00,2025-07-30 19:42:00,0 days 13:10:00,0,1,13.166666666666666,7,6,Wednesday,Quarta
30/07/2025,08:14,15:26,WSX4E09,Chevrolet/Cruze,2025-07-30 08:14:00,2025-07-30 15:26:00,0 days 07:12:00,0,1,7.2,7,8,Wednesday,Quarta
30/07/2025,09:06,16:34,EDC5R21,Volkswagen/Fox,2025-07-30 09:06:00,2025-07-30 16:34:00,0 days 07:28:00,0,1,7.466666666666667,7,9,Wednesday,Quarta
30/07/2025,09:15,19:29,RFV6T43,Hyundai/Tucson,2025-07-30 09:15:00,2025-07-30 19:29:00,0 days 10:14:00,0,1,10.233333333333333,7,9,Wednesday,Quarta
30/07/2025,09:13,17:41,TGB7Y65,Honda/Fit,2025-07-30 09:13:00,2025-07-30 17:41:00,0 days 08:28:00,0,1,8.466666666666667,7,9,Wednesday,Quarta
30/07/2025,09:54,15:37,YHN8U87,Nissan/March,2025-07-30 09:54:00,2025-07-30 15:37:00,0 days 05:43:00,0,1,5.716666666666667,7,9,Wednesday,Quarta
30/07/2025,08:00,18:16,UJM9I09,Fiat/Palio,2025-07-30 08:00:00,2025-07-30 18:16:00,0 days 10:16:00,0,1,10.266666666666667,7,8,Wednesday,Quarta
30/07/2025,09:13,19:52,IKL0O21,Renault/Sandero,2025-07-30 09:13:00,2025-07-30 19:52:00,0 days 10:39:00,0,1,10.65,7,9,Wednesday,Quarta
30/07/2025,09:22,18:07,OLP1P43,Jeep/Renegade,2025-07-30 09:22:00,2025-07-30 18:07:00,0 days 08:45:00,0,1,8.75,7,9,Wednesday,Quarta
30/07/2025,08:53,19:36,PAS2D65,Peugeot/308,2025-07-30 08:53:00,2025-07-30 19:36:00,0 days 10:43:00,0,1,10.716666666666667,7,8,Wednesday,Quarta
30/07/2025,09:05,15:48,DFG3S87,Citroen/C4,2025-07-30 09:05:00,2025-07-30 15:48:00,0 days 06:43:00,0,1,6.716666666666667,7,9,Wednesday,Quarta
30/07/2025,09:44,17:11,SDF4G09,Ford/Focus,2025-07-30 09:44:00,2025-07-30 17:11:00,0 days 07:27:00,0,1,7.45,7,9,Wednesday,Quarta
30/07/2025,09:54,15:39,GHG5H21,Kia/Soul,2025-07-30 09:54:00,2025-07-30 15:39:00,0 days 05:45:00,0,1,5.75,7,9,Wednesday,Quarta
30/07/2025,08:39,18:31,HJK6J43,Mitsubishi/ASX,2025-07-30 08:39:00,2025-07-30 18:31:00,0 days 09:52:00,0,1,9.866666666666667,7,8,Wednesday,Quarta
30/07/2025,10:33,19:49,JKL7K65,Suzuki/Swift,2025-07-30 10:33:00,2025-07-30 19:49:00,0 days 09:16:00,0,1,9.266666666666667,7,10,Wednesday,Quarta
30/07/2025,08:08,17:49,AJC7M65,Chevrolet/Celta,2025-07-30 08:08:00,2025-07-30 17:49:00,0 days 09:41:00,0,1,9.683333333333334,7,8,Wednesday,Quarta
30/07/2025,08:07,16:21,DEF7L65,Fiat/Uno,2025-07-30 08:07:00,2025-07-30 16:21:00,0 days 08:14:00,0,1,8.233333333333333,7,8,Wednesday,Quarta
30/07/2025,08:35,18:04,JBL7K65,Ford/Fiesta,2025-07-30 08:35:00,2025-07-30 18:04:00,0 days 09:29:00,0,1,9.483333333333333,7,8,Wednesday,Quarta
31/07/2025,06:43,18:14,ALC1D23,Toyota/Corolla,2025-07-31 06:43:00,2025-07-31 18:14:00,0 days 11:31:00,0,1,11.516666666666667,7,6,Thursday,Quinta
31/07/2025,06:17,19:49,JDL2M45,Chevrolet/Onix,2025-07-31 06:17:00,2025-07-31 19:49:00,0 days 13:32:00,0,1,13.533333333333333,7,6,Thursday,Quinta
31/07/2025,06:23,17:08,QWE3R67,Volkswagen/Polo,2025-07-31 06:23:00,2025-07-31 17:08:00,0 days 10:45:00,0,1,10.75,7,6,Thursday,Quinta
31/07/2025,06:00,16:38,RTY4U89,Hyundai/HB20,2025-07-31 06:00:00,2025-07-31 16:38:00,0 days 10:38:00,0,1,10.633333333333333,7,6,Thursday,Quinta
31/07/2025,06:35,17:29,UIO5P10,Honda/Civic,2025-07-31 06:35:00,2025-07-31 17:29:00,0 days 10:54:00,0,1,10.9,7,6,Thursday,Quinta
31/07/2025,06:10,19:32,ASD6F32,Nissan/Kicks,2025-07-31 06:10:00,2025-07-31 19:32:00,0 days 13:22:00,0,1,13.366666666666667,7,6,Thursday,Quinta
31/07/2025,06:15,18:00,ZXC7V54,Fiat/Fastback,2025-07-31 06:15:00,2025-07-31 18:00:00,0 days 11:45:00,0,1,11.75,7,6,Thursday,Quinta
31/07/2025,06:28,19:54,VBN8G76,Renault/Kwid,2025-07-31 06:28:00,2025-07-31 19:54:00,0 days 13:26:00,0,1,13.433333333333334,7,6,Thursday,Quinta
31/07/2025,06:32,15:33,MNB9H98,Jeep/Compass,2025-07-31 06:32:00,2025-07-31 15:33:00,0 days 09:01:00,0,1,9.016666666666667,7,6,Thursday,Quinta
31/07/2025,06:48,16:44,POI0J21,Peugeot/208,2025-07-31 06:48:00,2025-07-31 16:44:00,0 days 09:56:00,0,1,9.933333333333334,7,6,Thursday,Quinta
31/07/2025,06:46,18:42,LKM1Z43,Citroen/C3,2025-07-31 06:46:00,2025-07-31 18:42:00,0 days 11:56:00,0,1,11.933333333333334,7,6,Thursday,Quinta
31/07/2025,06:57,18:43,HGF2X65,BYD/Dolphin,2025-07-31 06:57:00,2025-07-31 18:43:00,0 days 11:46:00,0,1,11.766666666666667,7,6,Thursday,Quinta
31/07/2025,06:15,16:48,QAZ3W87,Toyota/Etios,2025-07-31 06:15:00,2025-07-31 16:48:00,0 days 10:33:00,0,1,10.55,7,6,Thursday,Quinta
31/07/2025,08:50,18:18,WSX4E09,Chevrolet/Cruze,2025-07-31 08:50:00,2025-07-31 18:18:00,0 days 09:28:00,0,1,9.466666666666667,7,8,Thursday,Quinta
31/07/2025,08:08,16:12,EDC5R21,Volkswagen/Fox,2025-07-31 08:08:00,2025-07-31 16:12:00,0 days 08:04:00,0,1,8.066666666666666,7,8,Thursday,Quinta
31/07/2025,08:31,18:36,RFV6T43,Hyundai/Tucson,2025-07-31 08:31:00,2025-07-31 18:36:00,0 days 10:05:00,0,1,10.083333333333334,7,8,Thursday,Quinta
31/07/2025,08:08,17:42,TGB7Y65,Honda/Fit,2025-07-31 08:08:00,2025-07-31 17:42:00,0 days 09:34:00,0,1,9.566666666666666,7,8,Thursday,Quinta
31/07/2025,08:58,18:14,YHN8U87,Nissan/March,2025-07-31 08:58:00,2025-07-31 18:14:00,0 days 09:16:00,0,1,9.266666666666667,7,8,Thursday,Quinta
31/07/2025,09:47,16:47,UJM9I09,Fiat/Palio,2025-07-31 09:47:00,2025-07-31 16:47:00,0 days 07:00:00,0,1,7.0,7,9,Thursday,Quinta
31/07/2025,08:54,17:31,IKL0O21,Renault/Sandero,2025-07-31 08:54:00,2025-07-31 17:31:00,0 days 08:37:00,0,1,8.616666666666667,7,8,Thursday,Quinta
31/07/2025,09:20,18:17,OLP1P43,Jeep/Renegade,2025-07-31 09:20:00,2025-07-31 18:17:00,0 days 08:57:00,0,1,8.95,7,9,Thursday,Quinta
31/07/2025,08:21,17:40,PAS2D65,Peugeot/308,2025-07-31 08:21:00,2025-07-31 17:40:00,0 days 09:19:00,0,1,9.316666666666666,7,8,Thursday,Quinta
31/07/2025,08:51,15:59,DFG3S87,Citroen/C4,2025-07-31 08:51:00,2025-07-31 15:59:00,0 days 07:08:00,0,1,7.133333333333334,7,8,Thursday,Quinta
31/07/2025,09:46,17:20,SDF4G09,Ford/Focus,2025-07-31 09:46:00,2025-07-31 17:20:00,0 days 07:34:00,0,1,7.566666666666666,7,9,Thursday,Quinta
31/07/2025,09:06,19:15,GHG5H21,Kia/Soul,2025-07-31 09:06:00,2025-07-31 19:15:00,0 days 10:09:00,0,1,10.15,7,9,Thursday,Quinta
31/07/2025,08:55,18:15,HJK6J43,Mitsubishi/ASX,2025-07-31 08:55:00,2025-07-31 18:15:00,0 days 09:20:00,0,1,9.333333333333334,7,8,Thursday,Quinta
31/07/2025,09:23,18:11,JKL7K65,Suzuki/Swift,2025-07-31 09:23:00,2025-07-31 18:11:00,0 days 08:48:00,0,1,8.8,7,9,Thursday,Quinta
31/07/2025,08:17,16:17,AJC7M65,Chevrolet/Celta,2025-07-31 08:17:00,2025-07-31 16:17:00,0 days 08:00:00,0,1,8.0,7,8,Thursday,Quinta
31/07/2025,10:57,15:14,DEF7L65,Fiat/Uno,2025-07-31 10:57:00,2025-07-31 15:14:00,0 days 04:17:00,0,1,4.283333333333333,7,10,Thursday,Quinta
31/07/2025,08:16,15:12,JBL7K65,Ford/Fiesta,2025-07-31 08:16:00,2025-07-31 15:12:00,0 days 06:56:00,0,1,6.933333333333334,7,8,Thursday,Quinta
01/08/2025,06:43,16:55,ALC1D23,Toyota/Corolla,2025-08-01 06:43:00,2025-08-01 16:55:00,0 days 10:12:00,0,1,10.2,8,6,Friday,Sexta
01/08/2025,06:37,19:00,JDL2M45,Chevrolet/Onix,2025-08-01 06:37:00,2025-08-01 19:00:00,0 days 12:23:00,0,1,12.383333333333333,8,6,Friday,Sexta
01/08/2025,06:32,18:05,QWE3R67,Volkswagen/Polo,2025-08-01 06:32:00,2025-08-01 18:05:00,0 days 11:33:00,0,1,11.55,8,6,Friday,Sexta
01/08/2025,06:46,17:23,RTY4U89,Hyundai/HB20,2025-08-01 06:46:00,2025-08-01 17:23:00,0 days 10:37:00,0,1,10.616666666666667,8,6,Friday,Sexta
01/08/2025,06:44,16:22,UIO5P10,Honda/Civic,2025-08-01 06:44:00,2025-08-01 16:22:00,0 days 09:38:00,0,1,9.633333333333333,8,6,Friday,Sexta
01/08/2025,06:51,17:22,ASD6F32,Nissan/Kicks,2025-08-01 06:51:00,2025-08-01 17:22:00,0 days 10:31:00,0,1,10.516666666666667,8,6,Friday,Sexta
01/08/2025,06:44,16:01,ZXC7V54,Fiat/Fastback,2025-08-01 06:44:00,2025-08-01 16:01:00,0 days 09:17:00,0,1,9.283333333333333,8,6,Friday,Sexta
01/08/2025,06:10,16:47,VBN8G76,Renault/Kwid,2025-08-01 06:10:00,2025-08-01 16:47:00,0 days 10:37:00,0,1,10.616666666666667,8,6,Friday,Sexta
01/08/2025,06:09,17:28,MNB9H98,Jeep/Compass,2025-08-01 06:09:00,2025-08-01 17:28:00,0 days 11:19:00,0,1,11.316666666666666,8,6,Friday,Sexta
01/08/2025,06:21,15:56,POI0J21,Peugeot/208,2025-08-01 06:21:00,2025-08-01 15:56:00,0 days 09:35:00,0,1,9.583333333333334,8,6,Friday,Sexta
01/08/2025,06:50,15:57,LKM1Z43,Citroen/C3,2025-08-01 06:50:00,2025-08-01 15:57:00,0 days 09:07:00,0,1,9.116666666666667,8,6,Friday,Sexta
01/08/2025,06:46,16:00,HGF2X65,BYD/Dolphin,2025-08-01 06:46:00,2025-08-01 16:00:00,0 days 09:14:00,0,1,9.233333333333333,8,6,Friday,Sexta
01/08/2025,06:48,17:32,QAZ3W87,Toyota/Etios,2025-08-01 06:48:00,2025-08-01 17:32:00,0 days 10:44:00,0,1,10.733333333333333,8,6,Friday,Sexta
01/08/2025,09:58,15:32,WSX4E09,Chevrolet/Cruze,2025-08-01 09:58:00,2025-08-01 15:32:00,0 days 05:34:00,0,1,5.566666666666666,8,9,Friday,Sexta
01/08/2025,09:50,17:05,EDC5R21,Volkswagen/Fox,2025-08-01 09:50:00,2025-08-01 17:05:00,0 days 07:15:00,0,1,7.25,8,9,Friday,Sexta
01/08/2025,09:00,16:05,RFV6T43,Hyundai/Tucson,2025-08-01 09:00:00,2025-08-01 16:05:00,0 days 07:05:00,0,1,7.083333333333333,8,9,Friday,Sexta
01/08/2025,09:34,16:43,TGB7Y65,Honda/Fit,2025-08-01 09:34:00,2025-08-01 16:43:00,0 days 07:09:00,0,1,7.15,8,9,Friday,Sexta
01/08/2025,09:24,17:35,YHN8U87,Nissan/March,2025-08-01 09:24:00,2025-08-01 17:35:00,0 days 08:11:00,0,1,8.183333333333334,8,9,Friday,Sexta
01/08/2025,08:16,16:52,UJM9I09,Fiat/Palio,2025-08-01 08:16:00,2025-08-01 16:52:00,0 days 08:36:00,0,1,8.6,8,8,Friday,Sexta
01/08/2025,08:37,16:12,IKL0O21,Renault/Sandero,2025-08-01 08:37:00,2025-08-01 16:12:00,0 days 07:35:00,0,1,7.583333333333333,8,8,Friday,Sexta
01/08/2025,08:08,19:50,OLP1P43,Jeep/Renegade,2025-08-01 08:08:00,2025-08-01 19:50:00,0 days 11:42:00,0,1,11.7,8,8,Friday,Sexta
01/08/2025,08:40,18:52,PAS2D65,Peugeot/308,2025-08-01 08:40:00,2025-08-01 18:52:00,0 days 10:12:00,0,1,10.2,8,8,Friday,Sexta
01/08/2025,09:19,17:41,DFG3S87,Citroen/C4,2025-08-01 09:19:00,2025-08-01 17:41:00,0 days 08:22:00,0,1,8.366666666666667,8,9,Friday,Sexta
01/08/2025,09:22,17:09,SDF4G09,Ford/Focus,2025-08-01 09:22:00,2025-08-01 17:09:00,0 days 07:47:00,0,1,7.783333333333333,8,9,Friday,Sexta
01/08/2025,08:04,15:51,GHG5H21,Kia/Soul,2025-08-01 08:04:00,2025-08-01 15:51:00,0 days 07:47:00,0,1,7.783333333333333,8,8,Friday,Sexta
01/08/2025,09:36,16:23,HJK6J43,Mitsubishi/ASX,2025-08-01 09:36:00,2025-08-01 16:23:00,0 days 06:47:00,0,1,6.783333333333333,8,9,Friday,Sexta
01/08/2025,09:08,18:38,JKL7K65,Suzuki/Swift,2025-08-01 09:08:00,2025-08-01 18:38:00,0 days 09:30:00,0,1,9.5,8,9,Friday,Sexta
01/08/2025,08:19,17:22,AJC7M65,Chevrolet/Celta,2025-08-01 08:19:00,2025-08-01 17:22:00,0 days 09:03:00,0,1,9.05,8,8,Friday,Sexta
01/08/2025,10:33,19:54,DEF7L65,Fiat/Uno,2025-08-01 10:33:00,2025-08-01 19:54:00,0 days 09:21:00,0,1,9.35,8,10,Friday,Sexta
01/08/2025,10:54,16:38,JBL7K65,Ford/Fiesta,2025-08-01 10:54:00,2025-08-01 16:38:00,0 days 05:44:00,0,1,5.733333333333333,8,10,Friday,Sexta
02/08/2025,09:54,16:25,YHN8U87,Nissan/March,2025-08-02 09:54:00,2025-08-02 16:25:00,0 days 06:31:00,0,1,6.516666666666667,8,9,Saturday,Sábado
02/08/2025,09:53,17:56,IKL0O21,Renault/Sandero,2025-08-02 09:53:00,2025-08-02 17:56:00,0 days 08:03:00,0,1,8.05,8,9,Saturday,Sábado
02/08/2025,09:18,17:50,OLP1P43,Jeep/Renegade,2025-08-02 09:18:00,2025-08-02 17:50:00,0 days 08:32:00,0,1,8.533333333333333,8,9,Saturday,Sábado
02/08/2025,08:20,16:29,PAS2D65,Peugeot/308,2025-08-02 08:20:00,2025-08-02 16:29:00,0 days 08:09:00,0,1,8.15,8,8,Saturday,Sábado
02/08/2025,08:29,17:57,GHG5H21,Kia/Soul,2025-08-02 08:29:00,2025-08-02 17:57:00,0 days 09:28:00,0,1,9.466666666666667,8,8,Saturday,Sábado
02/08/2025,09:13,16:28,HJK6J43,Mitsubishi/ASX,2025-08-02 09:13:00,2025-08-02 16:28:00,0 days 07:15:00,0,1,7.25,8,9,Saturday,Sábado
04/08/2025,06:05,15:21,ALC1D23,Toyota/Corolla,2025-08-04 06:05:00,2025-08-04 15:21:00,0 days 09:16:00,0,1,9.266666666666667,8,6,Monday,Segunda
04/08/2025,06:09,16:12,JDL2M45,Chevrolet/Onix,2025-08-04 06:09:00,2025-08-04 16:12:00,0 days 10:03:00,0,1,10.05,8,6,Monday,Segunda
04/08/2025,06:19,17:18,QWE3R67,Volkswagen/Polo,2025-08-04 06:19:00,2025-08-04 17:18:00,0 days 10:59:00,0,1,10.983333333333333,8,6,Monday,Segunda
04/08/2025,06:50,16:24,RTY4U89,Hyundai/HB20,2025-08-04 06:50:00,2025-08-04 16:24:00,0 days 09:34:00,0,1,9.566666666666666,8,6,Monday,Segunda
04/08/2025,06:13,16:23,UIO5P10,Honda/Civic,2025-08-04 06:13:00,2025-08-04 16:23:00,0 days 10:10:00,0,1,10.166666666666666,8,6,Monday,Segunda
04/08/2025,06:20,17:40,ASD6F32,Nissan/Kicks,2025-08-04 06:20:00,2025-08-04 17:40:00,0 days 11:20:00,0,1,11.333333333333334,8,6,Monday,Segunda
04/08/2025,06:18,16:57,ZXC7V54,Fiat/Fastback,2025-08-04 06:18:00,2025-08-04 16:57:00,0 days 10:39:00,0,1,10.65,8,6,Monday,Segunda
04/08/2025,06:02,18:52,VBN8G76,Renault/Kwid,2025-08-04 06:02:00,2025-08-04 18:52:00,0 days 12:50:00,0,1,12.833333333333334,8,6,Monday,Segunda
04/08/2025,06:47,16:29,MNB9H98,Jeep/Compass,2025-08-04 06:47:00,2025-08-04 16:29:00,0 days 09:42:00,0,1,9.7,8,6,Monday,Segunda
04/08/2025,06:42,15:34,POI0J21,Peugeot/208,2025-08-04 06:42:00,2025-08-04 15:34:00,0 days 08:52:00,0,1,8.866666666666667,8,6,Monday,Segunda
04/08/2025,06:14,17:43,LKM1Z43,Citroen/C3,2025-08-04 06:14:00,2025-08-04 17:43:00,0 days 11:29:00,0,1,11.483333333333333,8,6,Monday,Segunda
04/08/2025,06:02,18:53,HGF2X65,BYD/Dolphin,2025-08-04 06:02:00,2025-08-04 18:53:00,0 days 12:51:00,0,1,12.85,8,6,Monday,Segunda
04/08/2025,06:22,19:34,QAZ3W87,Toyota/Etios,2025-08-04 06:22:00,2025-08-04 19:34:00,0 days 13:12:00,0,1,13.2,8,6,Monday,Segunda
04/08/2025,09:33,15:23,WSX4E09,Chevrolet/Cruze,2025-08-04 09:33:00,2025-08-04 15:23:00,0 days 05:50:00,0,1,5.833333333333333,8,9,Monday,Segunda
04/08/2025,09:43,18:38,EDC5R21,Volkswagen/Fox,2025-08-04 09:43:00,2025-08-04 18:38:00,0 days 08:55:00,0,1,8.916666666666666,8,9,Monday,Segunda
04/08/2025,08:41,16:00,RFV6T43,Hyundai/Tucson,2025-08-04 08:41:00,2025-08-04 16:00:00,0 days 07:19:00,0,1,7.316666666666666,8,8,Monday,Segunda
04/08/2025,08:36,16:17,TGB7Y65,Honda/Fit,2025-08-04 08:36:00,2025-08-04 16:17:00,0 days 07:41:00,0,1,7.683333333333334,8,8,Monday,Segunda
04/08/2025,09:36,17:23,YHN8U87,Nissan/March,2025-08-04 09:36:00,2025-08-04 17:23:00,0 days 07:47:00,0,1,7.783333333333333,8,9,Monday,Segunda
04/08/2025,08:53,19:31,UJM9I09,Fiat/Palio,2025-08-04 08:53:00,2025-08-04 19:31:00,0 days 10:38:00,0,1,10.633333333333333,8,8,Monday,Segunda
04/08/2025,08:27,19:05,IKL0O21,Renault/Sandero,2025-08-04 08:27:00,2025-08-04 19:05:00,0 days 10:38:00,0,1,10.633333333333333,8,8,Monday,Segunda
04/08/2025,09:28,18:54,OLP1P43,Jeep/Renegade,2025-08-04 09:28:00,2025-08-04 18:54:00,0 days 09:26:00,0,1,9.433333333333334,8,9,Monday,Segunda
04/08/2025,08:54,15:13,PAS2D65,Peugeot/308,2025-08-04 08:54:00,2025-08-04 15:13:00,0 days 06:19:00,0,1,6.316666666666666,8,8,Monday,Segunda
04/08/2025,09:26,19:02,DFG3S87,Citroen/C4,2025-08-04 09:26:00,2025-08-04 19:02:00,0 days 09:36:00,0,1,9.6,8,9,Monday,Segunda
04/08/2025,09:30,17:57,SDF4G09,Ford/Focus,2025-08-04 09:30:00,2025-08-04 17:57:00,0 days 08:27:00,0,1,8.45,8,9,Monday,Segunda
04/08/2025,08:55,18:47,GHG5H21,Kia/Soul,2025-08-04 08:55:00,2025-08-04 18:47:00,0 days 09:52:00,0,1,9.866666666666667,8,8,Monday,Segunda
04/08/2025,09:12,18:45,HJK6J43,Mitsubishi/ASX,2025-08-04 09:12:00,2025-08-04 18:45:00,0 days 09:33:00,0,1,9.55,8,9,Monday,Segunda
04/08/2025,09:32,17:06,JKL7K65,Suzuki/Swift,2025-08-04 09:32:00,2025-08-04 17:06:00,0 days 07:34:00,0,1,7.566666666666666,8,9,Monday,Segunda
04/08/2025,08:58,19:03,AJC7M65,Chevrolet/Celta,2025-08-04 08:58:00,2025-08-04 19:03:00,0 days 10:05:00,0,1,10.083333333333334,8,8,Monday,Segunda
04/08/2025,09:17,19:45,DEF7L65,Fiat/Uno,2025-08-04 09:17:00,2025-08-04 19:45:00,0 days 10:28:00,0,1,10.466666666666667,8,9,Monday,Segunda
04/08/2025,10:50,17:31,JBL7K65,Ford/Fiesta,2025-08-04 10:50:00,2025-08-04 17:31:00,0 days 06:41:00,0,1,6.683333333333334,8,10,Monday,Segunda
05/08/2025,06:27,15:15,ALC1D23,Toyota/Corolla,2025-08-05 06:27:00,2025-08-05 15:15:00,0 days 08:48:00,0,1,8.8,8,6,Tuesday,Terça
05/08/2025,06:27,17:10,JDL2M45,Chevrolet/Onix,2025-08-05 06:27:00,2025-08-05 17:10:00,0 days 10:43:00,0,1,10.716666666666667,8,6,Tuesday,Terça
05/08/2025,06:19,15:58,QWE3R67,Volkswagen/Polo,2025-08-05 06:19:00,2025-08-05 15:58:00,0 days 09:39:00,0,1,9.65,8,6,Tuesday,Terça
05/08/2025,06:55,17:01,RTY4U89,Hyundai/HB20,2025-08-05 06:55:00,2025-08-05 17:01:00,0 days 10:06:00,0,1,10.1,8,6,Tuesday,Terça
05/08/2025,06:35,16:28,UIO5P10,Honda/Civic,2025-08-05 06:35:00,2025-08-05 16:28:00,0 days 09:53:00,0,1,9.883333333333333,8,6,Tuesday,Terça
05/08/2025,06:18,15:07,ASD6F32,Nissan/Kicks,2025-08-05 06:18:00,2025-08-05 15:07:00,0 days 08:49:00,0,1,8.816666666666666,8,6,Tuesday,Terça
05/08/2025,06:47,19:38,ZXC7V54,Fiat/Fastback,2025-08-05 06:47:00,2025-08-05 19:38:00,0 days 12:51:00,0,1,12.85,8,6,Tuesday,Terça
05/08/2025,06:49,18:03,VBN8G76,Renault/Kwid,2025-08-05 06:49:00,2025-08-05 18:03:00,0 days 11:14:00,0,1,11.233333333333333,8,6,Tuesday,Terça
05/08/2025,06:32,19:38,MNB9H98,Jeep/Compass,2025-08-05 06:32:00,2025-08-05 19:38:00,0 days 13:06:00,0,1,13.1,8,6,Tuesday,Terça
05/08/2025,06:10,15:12,POI0J21,Peugeot/208,2025-08-05 06:10:00,2025-08-05 15:12:00,0 days 09:02:00,0,1,9.033333333333333,8,6,Tuesday,Terça
05/08/2025,06:33,15:38,LKM1Z43,Citroen/C3,2025-08-05 06:33:00,2025-08-05 15:38:00,0 days 09:05:00,0,1,9.083333333333334,8,6,Tuesday,Terça
05/08/2025,06:02,17:49,HGF2X65,BYD/Dolphin,2025-08-05 06:02:00,2025-08-05 17:49:00,0 days 11:47:00,0,1,11.783333333333333,8,6,Tuesday,Terça
05/08/2025,06:50,15:22,QAZ3W87,Toyota/Etios,2025-08-05 06:50:00,2025-08-05 15:22:00,0 days 08:32:00,0,1,8.533333333333333,8,6,Tuesday,Terça
05/08/2025,09:25,16:53,WSX4E09,Chevrolet/Cruze,2025-08-05 09:25:00,2025-08-05 16:53:00,0 days 07:28:00,0,1,7.466666666666667,8,9,Tuesday,Terça
05/08/2025,09:01,16:00,EDC5R21,Volkswagen/Fox,2025-08-05 09:01:00,2025-08-05 16:00:00,0 days 06:59:00,0,1,6.983333333333333,8,9,Tuesday,Terça
05/08/2025,09:43,19:31,RFV6T43,Hyundai/Tucson,2025-08-05 09:43:00,2025-08-05 19:31:00,0 days 09:48:00,0,1,9.8,8,9,Tuesday,Terça
05/08/2025,08:21,17:11,TGB7Y65,Honda/Fit,2025-08-05 08:21:00,2025-08-05 17:11:00,0 days 08:50:00,0,1,8.833333333333334,8,8,Tuesday,Terça
05/08/2025,09:37,16:51,YHN8U87,Nissan/March,2025-08-05 09:37:00,2025-08-05 16:51:00,0 days 07:14:00,0,1,7.233333333333333,8,9,Tuesday,Terça
05/08/2025,08:14,16:56,UJM9I09,Fiat/Palio,2025-08-05 08:14:00,2025-08-05 16:56:00,0 days 08:42:00,0,1,8.7,8,8,Tuesday,Terça
05/08/2025,09:18,18:29,IKL0O21,Renault/Sandero,2025-08-05 09:18:00,2025-08-05 18:29:00,0 days 09:11:00,0,1,9.183333333333334,8,9,Tuesday,Terça
05/08/2025,08:07,17:33,OLP1P43,Jeep/Renegade,2025-08-05 08:07:00,2025-08-05 17:33:00,0 days 09:26:00,0,1,9.433333333333334,8,8,Tuesday,Terça
05/08/2025,08:19,18:17,PAS2D65,Peugeot/308,2025-08-05 08:19:00,2025-08-05 18:17:00,0 days 09:58:00,0,1,9.966666666666667,8,8,Tuesday,Terça
05/08/2025,09:34,15:27,DFG3S87,Citroen/C4,2025-08-05 09:34:00,2025-08-05 15:27:00,0 days 05:53:00,0,1,5.883333333333334,8,9,Tuesday,Terça
05/08/2025,08:35,18:08,SDF4G09,Ford/Focus,2025-08-05 08:35:00,2025-08-05 18:08:00,0 days 09:33:00,0,1,9.55,8,8,Tuesday,Terça
05/08/2025,08:40,17:47,GHG5H21,Kia/Soul,2025-08-05 08:40:00,2025-08-05 17:47:00,0 days 09:07:00,0,1,9.116666666666667,8,8,Tuesday,Terça
05/08/2025,09:42,15:46,HJK6J43,Mitsubishi/ASX,2025-08-05 09:42:00,2025-08-05 15:46:00,0 days 06:04:00,0,1,6.066666666666666,8,9,Tuesday,Terça
05/08/2025,10:20,15:09,JKL7K65,Suzuki/Swift,2025-08-05 10:20:00,2025-08-05 15:09:00,0 days 04:49:00,0,1,4.816666666666666,8,10,Tuesday,Terça
05/08/2025,09:00,15:42,AJC7M65,Chevrolet/Celta,2025-08-05 09:00:00,2025-08-05 15:42:00,0 days 06:42:00,0,1,6.7,8,9,Tuesday,Terça
05/08/2025,10:16,15:05,DEF7L65,Fiat/Uno,2025-08-05 10:16:00,2025-08-05 15:05:00,0 days 04:49:00,0,1,4.816666666666666,8,10,Tuesday,Terça
05/08/2025,10:40,17:55,JBL7K65,Ford/Fiesta,2025-08-05 10:40:00,2025-08-05 17:55:00,0 days 07:15:00,0,1,7.25,8,10,Tuesday,Terça
06/08/2025,06:05,19:32,ALC1D23,Toyota/Corolla,2025-08-06 06:05:00,2025-08-06 19:32:00,0 days 13:27:00,0,1,13.45,8,6,Wednesday,Quarta
06/08/2025,06:44,18:52,JDL2M45,Chevrolet/Onix,2025-08-06 06:44:00,2025-08-06 18:52:00,0 days 12:08:00,0,1,12.133333333333333,8,6,Wednesday,Quarta
06/08/2025,06:45,15:30,QWE3R67,Volkswagen/Polo,2025-08-06 06:45:00,2025-08-06 15:30:00,0 days 08:45:00,0,1,8.75,8,6,Wednesday,Quarta
06/08/2025,06:57,19:39,RTY4U89,Hyundai/HB20,2025-08-06 06:57:00,2025-08-06 19:39:00,0 days 12:42:00,0,1,12.7,8,6,Wednesday,Quarta
06/08/2025,06:30,19:50,UIO5P10,Honda/Civic,2025-08-06 06:30:00,2025-08-06 19:50:00,0 days 13:20:00,0,1,13.333333333333334,8,6,Wednesday,Quarta
06/08/2025,06:15,15:24,ASD6F32,Nissan/Kicks,2025-08-06 06:15:00,2025-08-06 15:24:00,0 days 09:09:00,0,1,9.15,8,6,Wednesday,Quarta
06/08/2025,06:14,15:20,ZXC7V54,Fiat/Fastback,2025-08-06 06:14:00,2025-08-06 15:20:00,0 days 09:06:00,0,1,9.1,8,6,Wednesday,Quarta
06/08/2025,06:34,16:36,VBN8G76,Renault/Kwid,2025-08-06 06:34:00,2025-08-06 16:36:00,0 days 10:02:00,0,1,10.033333333333333,8,6,Wednesday,Quarta
06/08/2025,06:01,19:27,MNB9H98,Jeep/Compass,2025-08-06 06:01:00,2025-08-06 19:27:00,0 days 13:26:00,0,1,13.433333333333334,8,6,Wednesday,Quarta
06/08/2025,06:20,15:43,POI0J21,Peugeot/208,2025-08-06 06:20:00,2025-08-06 15:43:00,0 days 09:23:00,0,1,9.383333333333333,8,6,Wednesday,Quarta
06/08/2025,06:01,18:58,LKM1Z43,Citroen/C3,2025-08-06 06:01:00,2025-08-06 18:58:00,0 days 12:57:00,0,1,12.95,8,6,Wednesday,Quarta
06/08/2025,06:46,16:55,HGF2X65,BYD/Dolphin,2025-08-06 06:46:00,2025-08-06 16:55:00,0 days 10:09:00,0,1,10.15,8,6,Wednesday,Quarta
06/08/2025,06:32,18:14,QAZ3W87,Toyota/Etios,2025-08-06 06:32:00,2025-08-06 18:14:00,0 days 11:42:00,0,1,11.7,8,6,Wednesday,Quarta
06/08/2025,09:33,16:12,WSX4E09,Chevrolet/Cruze,2025-08-06 09:33:00,2025-08-06 16:12:00,0 days 06:39:00,0,1,6.65,8,9,Wednesday,Quarta
06/08/2025,08:55,17:07,EDC5R21,Volkswagen/Fox,2025-08-06 08:55:00,2025-08-06 17:07:00,0 days 08:12:00,0,1,8.2,8,8,Wednesday,Quarta
06/08/2025,08:11,15:00,RFV6T43,Hyundai/Tucson,2025-08-06 08:11:00,2025-08-06 15:00:00,0 days 06:49:00,0,1,6.816666666666666,8,8,Wednesday,Quarta
06/08/2025,08:00,19:50,TGB7Y65,Honda/Fit,2025-08-06 08:00:00,2025-08-06 19:50:00,0 days 11:50:00,0,1,11.833333333333334,8,8,Wednesday,Quarta
06/08/2025,08:19,19:45,YHN8U87,Nissan/March,2025-08-06 08:19:00,2025-08-06 19:45:00,0 days 11:26:00,0,1,11.433333333333334,8,8,Wednesday,Quarta
06/08/2025,08:05,18:40,UJM9I09,Fiat/Palio,2025-08-06 08:05:00,2025-08-06 18:40:00,0 days 10:35:00,0,1,10.583333333333334,8,8,Wednesday,Quarta
06/08/2025,09:27,19:46,IKL0O21,Renault/Sandero,2025-08-06 09:27:00,2025-08-06 19:46:00,0 days 10:19:00,0,1,10.316666666666666,8,9,Wednesday,Quarta
06/08/2025,09:59,19:35,OLP1P43,Jeep/Renegade,2025-08-06 09:59:00,2025-08-06 19:35:00,0 days 09:36:00,0,1,9.6,8,9,Wednesday,Quarta
06/08/2025,09:23,16:58,PAS2D65,Peugeot/308,2025-08-06 09:23:00,2025-08-06 16:58:00,0 days 07:35:00,0,1,7.583333333333333,8,9,Wednesday,Quarta
06/08/2025,08:59,16:11,DFG3S87,Citroen/C4,2025-08-06 08:59:00,2025-08-06 16:11:00,0 days 07:12:00,0,1,7.2,8,8,Wednesday,Quarta
06/08/2025,09:52,18:57,SDF4G09,Ford/Focus,2025-08-06 09:52:00,2025-08-06 18:57:00,0 days 09:05:00,0,1,9.083333333333334,8,9,Wednesday,Quarta
06/08/2025,09:28,15:02,GHG5H21,Kia/Soul,2025-08-06 09:28:00,2025-08-06 15:02:00,0 days 05:34:00,0,1,5.566666666666666,8,9,Wednesday,Quarta
06/08/2025,09:43,16:32,HJK6J43,Mitsubishi/ASX,2025-08-06 09:43:00,2025-08-06 16:32:00,0 days 06:49:00,0,1,6.816666666666666,8,9,Wednesday,Quarta
06/08/2025,09:08,18:51,JKL7K65,Suzuki/Swift,2025-08-06 09:08:00,2025-08-06 18:51:00,0 days 09:43:00,0,1,9.716666666666667,8,9,Wednesday,Quarta
06/08/2025,10:56,17:07,AJC7M65,Chevrolet/Celta,2025-08-06 10:56:00,2025-08-06 17:07:00,0 days 06:11:00,0,1,6.183333333333334,8,10,Wednesday,Quarta
06/08/2025,10:59,17:52,DEF7L65,Fiat/Uno,2025-08-06 10:59:00,2025-08-06 17:52:00,0 days 06:53:00,0,1,6.883333333333334,8,10,Wednesday,Quarta
06/08/2025,10:49,15:45,JBL7K65,Ford/Fiesta,2025-08-06 10:49:00,2025-08-06 15:45:00,0 days 04:56:00,0,1,4.933333333333334,8,10,Wednesday,Quarta
07/08/2025,06:51,18:25,ALC1D23,Toyota/Corolla,2025-08-07 06:51:00,2025-08-07 18:25:00,0 days 11:34:00,0,1,11.566666666666666,8,6,Thursday,Quinta
07/08/2025,06:10,19:47,JDL2M45,Chevrolet/Onix,2025-08-07 06:10:00,2025-08-07 19:47:00,0 days 13:37:00,0,1,13.616666666666667,8,6,Thursday,Quinta
07/08/2025,06:21,16:57,QWE3R67,Volkswagen/Polo,2025-08-07 06:21:00,2025-08-07 16:57:00,0 days 10:36:00,0,1,10.6,8,6,Thursday,Quinta
07/08/2025,06:11,19:33,RTY4U89,Hyundai/HB20,2025-08-07 06:11:00,2025-08-07 19:33:00,0 days 13:22:00,0,1,13.366666666666667,8,6,Thursday,Quinta
07/08/2025,06:41,15:55,UIO5P10,Honda/Civic,2025-08-07 06:41:00,2025-08-07 15:55:00,0 days 09:14:00,0,1,9.233333333333333,8,6,Thursday,Quinta
07/08/2025,06:41,17:26,ASD6F32,Nissan/Kicks,2025-08-07 06:41:00,2025-08-07 17:26:00,0 days 10:45:00,0,1,10.75,8,6,Thursday,Quinta
07/08/2025,06:05,18:03,ZXC7V54,Fiat/Fastback,2025-08-07 06:05:00,2025-08-07 18:03:00,0 days 11:58:00,0,1,11.966666666666667,8,6,Thursday,Quinta
07/08/2025,06:10,15:34,VBN8G76,Renault/Kwid,2025-08-07 06:10:00,2025-08-07 15:34:00,0 days 09:24:00,0,1,9.4,8,6,Thursday,Quinta
07/08/2025,06:12,17:37,MNB9H98,Jeep/Compass,2025-08-07 06:12:00,2025-08-07 17:37:00,0 days 11:25:00,0,1,11.416666666666666,8,6,Thursday,Quinta
07/08/2025,06:58,19:53,POI0J21,Peugeot/208,2025-08-07 06:58:00,2025-08-07 19:53:00,0 days 12:55:00,0,1,12.916666666666666,8,6,Thursday,Quinta
07/08/2025,06:20,18:14,LKM1Z43,Citroen/C3,2025-08-07 06:20:00,2025-08-07 18:14:00,0 days 11:54:00,0,1,11.9,8,6,Thursday,Quinta
07/08/2025,06:34,19:03,HGF2X65,BYD/Dolphin,2025-08-07 06:34:00,2025-08-07 19:03:00,0 days 12:29:00,0,1,12.483333333333333,8,6,Thursday,Quinta
07/08/2025,06:50,16:41,QAZ3W87,Toyota/Etios,2025-08-07 06:50:00,2025-08-07 16:41:00,0 days 09:51:00,0,1,9.85,8,6,Thursday,Quinta
07/08/2025,08:52,19:38,WSX4E09,Chevrolet/Cruze,2025-08-07 08:52:00,2025-08-07 19:38:00,0 days 10:46:00,0,1,10.766666666666667,8,8,Thursday,Quinta
07/08/2025,08:06,15:49,EDC5R21,Volkswagen/Fox,2025-08-07 08:06:00,2025-08-07 15:49:00,0 days 07:43:00,0,1,7.716666666666667,8,8,Thursday,Quinta
07/08/2025,08:33,17:31,RFV6T43,Hyundai/Tucson,2025-08-07 08:33:00,2025-08-07 17:31:00,0 days 08:58:00,0,1,8.966666666666667,8,8,Thursday,Quinta
07/08/2025,08:18,15:48,TGB7Y65,Honda/Fit,2025-08-07 08:18:00,2025-08-07 15:48:00,0 days 07:30:00,0,1,7.5,8,8,Thursday,Quinta
07/08/2025,08:38,19:24,YHN8U87,Nissan/March,2025-08-07 08:38:00,2025-08-07 19:24:00,0 days 10:46:00,0,1,10.766666666666667,8,8,Thursday,Quinta
07/08/2025,09:09,16:53,UJM9I09,Fiat/Palio,2025-08-07 09:09:00,2025-08-07 16:53:00,0 days 07:44:00,0,1,7.733333333333333,8,9,Thursday,Quinta
07/08/2025,09:44,16:56,IKL0O21,Renault/Sandero,2025-08-07 09:44:00,2025-08-07 16:56:00,0 days 07:12:00,0,1,7.2,8,9,Thursday,Quinta
07/08/2025,08:31,18:14,OLP1P43,Jeep/Renegade,2025-08-07 08:31:00,2025-08-07 18:14:00,0 days 09:43:00,0,1,9.716666666666667,8,8,Thursday,Quinta
07/08/2025,08:26,15:39,PAS2D65,Peugeot/308,2025-08-07 08:26:00,2025-08-07 15:39:00,0 days 07:13:00,0,1,7.216666666666667,8,8,Thursday,Quinta
07/08/2025,08:53,17:04,DFG3S87,Citroen/C4,2025-08-07 08:53:00,2025-08-07 17:04:00,0 days 08:11:00,0,1,8.183333333333334,8,8,Thursday,Quinta
07/08/2025,08:51,16:29,SDF4G09,Ford/Focus,2025-08-07 08:51:00,2025-08-07 16:29:00,0 days 07:38:00,0,1,7.633333333333334,8,8,Thursday,Quinta
07/08/2025,09:33,18:07,GHG5H21,Kia/Soul,2025-08-07 09:33:00,2025-08-07 18:07:00,0 days 08:34:00,0,1,8.566666666666666,8,9,Thursday,Quinta
07/08/2025,08:28,18:00,HJK6J43,Mitsubishi/ASX,2025-08-07 08:28:00,2025-08-07 18:00:00,0 days 09:32:00,0,1,9.533333333333333,8,8,Thursday,Quinta
07/08/2025,09:42,18:26,JKL7K65,Suzuki/Swift,2025-08-07 09:42:00,2025-08-07 18:26:00,0 days 08:44:00,0,1,8.733333333333333,8,9,Thursday,Quinta
07/08/2025,09:31,19:14,AJC7M65,Chevrolet/Celta,2025-08-07 09:31:00,2025-08-07 19:14:00,0 days 09:43:00,0,1,9.716666666666667,8,9,Thursday,Quinta
07/08/2025,10:02,19:03,DEF7L65,Fiat/Uno,2025-08-07 10:02:00,2025-08-07 19:03:00,0 days 09:01:00,0,1,9.016666666666667,8,10,Thursday,Quinta
07/08/2025,08:07,17:43,JBL7K65,Ford/Fiesta,2025-08-07 08:07:00,2025-08-07 17:43:00,0 days 09:36:00,0,1,9.6,8,8,Thursday,Quinta
08/08/2025,06:35,17:34,ALC1D23,Toyota/Corolla,2025-08-08 06:35:00,2025-08-08 17:34:00,0 days 10:59:00,0,1,10.983333333333333,8,6,Friday,Sexta
08/08/2025,06:36,15:08,JDL2M45,Chevrolet/Onix,2025-08-08 06:36:00,2025-08-08 15:08:00,0 days 08:32:00,0,1,8.533333333333333,8,6,Friday,Sexta
08/08/2025,06:27,17:53,QWE3R67,Volkswagen/Polo,2025-08-08 06:27:00,2025-08-08 17:53:00,0 days 11:26:00,0,1,11.433333333333334,8,6,Friday,Sexta
08/08/2025,06:08,19:48,RTY4U89,Hyundai/HB20,2025-08-08 06:08:00,2025-08-08 19:48:00,0 days 13:40:00,0,1,13.666666666666666,8,6,Friday,Sexta
08/08/2025,06:12,16:37,UIO5P10,Honda/Civic,2025-08-08 06:12:00,2025-08-08 16:37:00,0 days 10:25:00,0,1,10.416666666666666,8,6,Friday,Sexta
08/08/2025,06:27,18:31,ASD6F32,Nissan/Kicks,2025-08-08 06:27:00,2025-08-08 18:31:00,0 days 12:04:00,0,1,12.066666666666666,8,6,Friday,Sexta
08/08/2025,06:01,17:38,ZXC7V54,Fiat/Fastback,2025-08-08 06:01:00,2025-08-08 17:38:00,0 days 11:37:00,0,1,11.616666666666667,8,6,Friday,Sexta
08/08/2025,06:52,19:42,VBN8G76,Renault/Kwid,2025-08-08 06:52:00,2025-08-08 19:42:00,0 days 12:50:00,0,1,12.833333333333334,8,6,Friday,Sexta
08/08/2025,06:12,15:42,MNB9H98,Jeep/Compass,2025-08-08 06:12:00,2025-08-08 15:42:00,0 days 09:30:00,0,1,9.5,8,6,Friday,Sexta
08/08/2025,06:46,17:17,POI0J21,Peugeot/208,2025-08-08 06:46:00,2025-08-08 17:17:00,0 days 10:31:00,0,1,10.516666666666667,8,6,Friday,Sexta
08/08/2025,06:49,17:19,LKM1Z43,Citroen/C3,2025-08-08 06:49:00,2025-08-08 17:19:00,0 days 10:30:00,0,1,10.5,8,6,Friday,Sexta
08/08/2025,06:52,16:13,HGF2X65,BYD/Dolphin,2025-08-08 06:52:00,2025-08-08 16:13:00,0 days 09:21:00,0,1,9.35,8,6,Friday,Sexta
08/08/2025,06:08,16:56,QAZ3W87,Toyota/Etios,2025-08-08 06:08:00,2025-08-08 16:56:00,0 days 10:48:00,0,1,10.8,8,6,Friday,Sexta
08/08/2025,09:52,15:37,WSX4E09,Chevrolet/Cruze,2025-08-08 09:52:00,2025-08-08 15:37:00,0 days 05:45:00,0,1,5.75,8,9,Friday,Sexta
08/08/2025,08:07,16:29,EDC5R21,Volkswagen/Fox,2025-08-08 08:07:00,2025-08-08 16:29:00,0 days 08:22:00,0,1,8.366666666666667,8,8,Friday,Sexta
08/08/2025,09:32,15:51,RFV6T43,Hyundai/Tucson,2025-08-08 09:32:00,2025-08-08 15:51:00,0 days 06:19:00,0,1,6.316666666666666,8,9,Friday,Sexta
08/08/2025,08:33,19:41,TGB7Y65,Honda/Fit,2025-08-08 08:33:00,2025-08-08 19:41:00,0 days 11:08:00,0,1,11.133333333333333,8,8,Friday,Sexta
08/08/2025,08:01,18:00,YHN8U87,Nissan/March,2025-08-08 08:01:00,2025-08-08 18:00:00,0 days 09:59:00,0,1,9.983333333333333,8,8,Friday,Sexta
08/08/2025,09:31,18:47,UJM9I09,Fiat/Palio,2025-08-08 09:31:00,2025-08-08 18:47:00,0 days 09:16:00,0,1,9.266666666666667,8,9,Friday,Sexta
08/08/2025,09:21,19:18,IKL0O21,Renault/Sandero,2025-08-08 09:21:00,2025-08-08 19:18:00,0 days 09:57:00,0,1,9.95,8,9,Friday,Sexta
08/08/2025,09:54,18:02,OLP1P43,Jeep/Renegade,2025-08-08 09:54:00,2025-08-08 18:02:00,0 days 08:08:00,0,1,8.133333333333333,8,9,Friday,Sexta
08/08/2025,08:37,15:34,PAS2D65,Peugeot/308,2025-08-08 08:37:00,2025-08-08 15:34:00,0 days 06:57:00,0,1,6.95,8,8,Friday,Sexta
08/08/2025,09:06,19:48,DFG3S87,Citroen/C4,2025-08-08 09:06:00,2025-08-08 19:48:00,0 days 10:42:00,0,1,10.7,8,9,Friday,Sexta
08/08/2025,09:11,17:08,SDF4G09,Ford/Focus,2025-08-08 09:11:00,2025-08-08 17:08:00,0 days 07:57:00,0,1,7.95,8,9,Friday,Sexta
08/08/2025,08:43,17:50,GHG5H21,Kia/Soul,2025-08-08 08:43:00,2025-08-08 17:50:00,0 days 09:07:00,0,1,9.116666666666667,8,8,Friday,Sexta
08/08/2025,08:06,17:00,HJK6J43,Mitsubishi/ASX,2025-08-08 08:06:00,2025-08-08 17:00:00,0 days 08:54:00,0,1,8.9,8,8,Friday,Sexta
08/08/2025,10:17,19:05,JKL7K65,Suzuki/Swift,2025-08-08 10:17:00,2025-08-08 19:05:00,0 days 08:48:00,0,1,8.8,8,10,Friday,Sexta
08/08/2025,09:10,16:36,AJC7M65,Chevrolet/Celta,2025-08-08 09:10:00,2025-08-08 16:36:00,0 days 07:26:00,0,1,7.433333333333334,8,9,Friday,Sexta
08/08/2025,09:15,15:23,DEF7L65,Fiat/Uno,2025-08-08 09:15:00,2025-08-08 15:23:00,0 days 06:08:00,0,1,6.133333333333334,8,9,Friday,Sexta
08/08/2025,08:17,15:31,JBL7K65,Ford/Fiesta,2025-08-08 08:17:00,2025-08-08 15:31:00,0 days 07:14:00,0,1,7.233333333333333,8,8,Friday,Sexta
09/08/2025,08:28,16:04,WSX4E09,Chevrolet/Cruze,2025-08-09 08:28:00,2025-08-09 16:04:00,0 days 07:36:00,0,1,7.6,8,8,Saturday,Sábado
09/08/2025,09:08,18:38,EDC5R21,Volkswagen/Fox,2025-08-09 09:08:00,2025-08-09 18:38:00,0 days 09:30:00,0,1,9.5,8,9,Saturday,Sábado
09/08/2025,08:14,16:46,TGB7Y65,Honda/Fit,2025-08-09 08:14:00,2025-08-09 16:46:00,0 days 08:32:00,0,1,8.533333333333333,8,8,Saturday,Sábado
09/08/2025,09:24,17:42,YHN8U87,Nissan/March,2025-08-09 09:24:00,2025-08-09 17:42:00,0 days 08:18:00,0,1,8.3,8,9,Saturday,Sábado
09/08/2025,08:45,18:07,DFG3S87,Citroen/C4,2025-08-09 08:45:00,2025-08-09 18:07:00,0 days 09:22:00,0,1,9.366666666666667,8,8,Saturday,Sábado
09/08/2025,09:34,16:54,SDF4G09,Ford/Focus,2025-08-09 09:34:00,2025-08-09 16:54:00,0 days 07:20:00,0,1,7.333333333333333,8,9,Saturday,Sábado
09/08/2025,08:48,16:13,GHG5H21,Kia/Soul,2025-08-09 08:48:00,2025-08-09 16:13:00,0 days 07:25:00,0,1,7.416666666666667,8,8,Saturday,Sábado
11/08/2025,06:06,19:15,ALC1D23,Toyota/Corolla,2025-08-11 06:06:00,2025-08-11 19:15:00,0 days 13:09:00,0,1,13.15,8,6,Monday,Segunda
11/08/2025,06:44,19:15,JDL2M45,Chevrolet/Onix,2025-08-11 06:44:00,2025-08-11 19:15:00,0 days 12:31:00,0,1,12.516666666666667,8,6,Monday,Segunda
11/08/2025,06:42,16:35,QWE3R67,Volkswagen/Polo,2025-08-11 06:42:00,2025-08-11 16:35:00,0 days 09:53:00,0,1,9.883333333333333,8,6,Monday,Segunda
11/08/2025,06:31,19:41,RTY4U89,Hyundai/HB20,2025-08-11 06:31:00,2025-08-11 19:41:00,0 days 13:10:00,0,1,13.166666666666666,8,6,Monday,Segunda
11/08/2025,06:23,15:12,UIO5P10,Honda/Civic,2025-08-11 06:23:00,2025-08-11 15:12:00,0 days 08:49:00,0,1,8.816666666666666,8,6,Monday,Segunda
11/08/2025,06:24,15:19,ASD6F32,Nissan/Kicks,2025-08-11 06:24:00,2025-08-11 15:19:00,0 days 08:55:00,0,1,8.916666666666666,8,6,Monday,Segunda
11/08/2025,06:49,16:46,ZXC7V54,Fiat/Fastback,2025-08-11 06:49:00,2025-08-11 16:46:00,0 days 09:57:00,0,1,9.95,8,6,Monday,Segunda
11/08/2025,06:00,18:37,VBN8G76,Renault/Kwid,2025-08-11 06:00:00,2025-08-11 18:37:00,0 days 12:37:00,0,1,12.616666666666667,8,6,Monday,Segunda
11/08/2025,06:40,19:27,MNB9H98,Jeep/Compass,2025-08-11 06:40:00,2025-08-11 19:27:00,0 days 12:47:00,0,1,12.783333333333333,8,6,Monday,Segunda
11/08/2025,06:30,15:39,POI0J21,Peugeot/208,2025-08-11 06:30:00,2025-08-11 15:39:00,0 days 09:09:00,0,1,9.15,8,6,Monday,Segunda
11/08/2025,06:58,17:36,LKM1Z43,Citroen/C3,2025-08-11 06:58:00,2025-08-11 17:36:00,0 days 10:38:00,0,1,10.633333333333333,8,6,Monday,Segunda
11/08/2025,06:13,15:51,HGF2X65,BYD/Dolphin,2025-08-11 06:13:00,2025-08-11 15:51:00,0 days 09:38:00,0,1,9.633333333333333,8,6,Monday,Segunda
11/08/2025,06:51,19:13,QAZ3W87,Toyota/Etios,2025-08-11 06:51:00,2025-08-11 19:13:00,0 days 12:22:00,0,1,12.366666666666667,8,6,Monday,Segunda
11/08/2025,09:20,18:11,WSX4E09,Chevrolet/Cruze,2025-08-11 09:20:00,2025-08-11 18:11:00,0 days 08:51:00,0,1,8.85,8,9,Monday,Segunda
11/08/2025,08:24,15:21,EDC5R21,Volkswagen/Fox,2025-08-11 08:24:00,2025-08-11 15:21:00,0 days 06:57:00,0,1,6.95,8,8,Monday,Segunda
11/08/2025,09:39,19:38,RFV6T43,Hyundai/Tucson,2025-08-11 09:39:00,2025-08-11 19:38:00,0 days 09:59:00,0,1,9.983333333333333,8,9,Monday,Segunda
11/08/2025,08:29,17:21,TGB7Y65,Honda/Fit,2025-08-11 08:29:00,2025-08-11 17:21:00,0 days 08:52:00,0,1,8.866666666666667,8,8,Monday,Segunda
11/08/2025,09:05,18:43,YHN8U87,Nissan/March,2025-08-11 09:05:00,2025-08-11 18:43:00,0 days 09:38:00,0,1,9.633333333333333,8,9,Monday,Segunda
11/08/2025,09:41,16:02,UJM9I09,Fiat/Palio,2025-08-11 09:41:00,2025-08-11 16:02:00,0 days 06:21:00,0,1,6.35,8,9,Monday,Segunda
11/08/2025,08:15,18:04,IKL0O21,Renault/Sandero,2025-08-11 08:15:00,2025-08-11 18:04:00,0 days 09:49:00,0,1,9.816666666666666,8,8,Monday,Segunda
11/08/2025,09:14,17:10,OLP1P43,Jeep/Renegade,2025-08-11 09:14:00,2025-08-11 17:10:00,0 days 07:56:00,0,1,7.933333333333334,8,9,Monday,Segunda
11/08/2025,08:04,19:35,PAS2D65,Peugeot/308,2025-08-11 08:04:00,2025-08-11 19:35:00,0 days 11:31:00,0,1,11.516666666666667,8,8,Monday,Segunda
11/08/2025,08:38,15:47,DFG3S87,Citroen/C4,2025-08-11 08:38:00,2025-08-11 15:47:00,0 days 07:09:00,0,1,7.15,8,8,Monday,Segunda
11/08/2025,09:54,15:58,SDF4G09,Ford/Focus,2025-08-11 09:54:00,2025-08-11 15:58:00,0 days 06:04:00,0,1,6.066666666666666,8,9,Monday,Segunda
11/08/2025,09:27,16:51,GHG5H21,Kia/Soul,2025-08-11 09:27:00,2025-08-11 16:51:00,0 days 07:24:00,0,1,7.4,8,9,Monday,Segunda
11/08/2025,09:07,17:17,HJK6J43,Mitsubishi/ASX,2025-08-11 09:07:00,2025-08-11 17:17:00,0 days 08:10:00,0,1,8.166666666666666,8,9,Monday,Segunda
11/08/2025,10:31,17:51,JKL7K65,Suzuki/Swift,2025-08-11 10:31:00,2025-08-11 17:51:00,0 days 07:20:00,0,1,7.333333333333333,8,10,Monday,Segunda
11/08/2025,08:46,15:44,AJC7M65,Chevrolet/Celta,2025-08-11 08:46:00,2025-08-11 15:44:00,0 days 06:58:00,0,1,6.966666666666667,8,8,Monday,Segunda
11/08/2025,09:09,19:20,DEF7L65,Fiat/Uno,2025-08-11 09:09:00,2025-08-11 19:20:00,0 days 10:11:00,0,1,10.183333333333334,8,9,Monday,Segunda
11/08/2025,10:48,16:39,JBL7K65,Ford/Fiesta,2025-08-11 10:48:00,2025-08-11 16:39:00,0 days 05:51:00,0,1,5.85,8,10,Monday,Segunda
12/08/2025,06:06,18:43,ALC1D23,Toyota/Corolla,2025-08-12 06:06:00,2025-08-12 18:43:00,0 days 12:37:00,0,1,12.616666666666667,8,6,Tuesday,Terça
12/08/2025,06:31,18:06,JDL2M45,Chevrolet/Onix,2025-08-12 06:31:00,2025-08-12 18:06:00,0 days 11:35:00,0,1,11.583333333333334,8,6,Tuesday,Terça
12/08/2025,06:56,19:23,QWE3R67,Volkswagen/Polo,2025-08-12 06:56:00,2025-08-12 19:23:00,0 days 12:27:00,0,1,12.45,8,6,Tuesday,Terça
12/08/2025,06:11,16:13,RTY4U89,Hyundai/HB20,2025-08-12 06:11:00,2025-08-12 16:13:00,0 days 10:02:00,0,1,10.033333333333333,8,6,Tuesday,Terça
12/08/2025,06:35,15:30,UIO5P10,Honda/Civic,2025-08-12 06:35:00,2025-08-12 15:30:00,0 days 08:55:00,0,1,8.916666666666666,8,6,Tuesday,Terça
12/08/2025,06:23,17:56,ASD6F32,Nissan/Kicks,2025-08-12 06:23:00,2025-08-12 17:56:00,0 days 11:33:00,0,1,11.55,8,6,Tuesday,Terça
12/08/2025,06:38,15:37,ZXC7V54,Fiat/Fastback,2025-08-12 06:38:00,2025-08-12 15:37:00,0 days 08:59:00,0,1,8.983333333333333,8,6,Tuesday,Terça
12/08/2025,06:04,19:14,VBN8G76,Renault/Kwid,2025-08-12 06:04:00,2025-08-12 19:14:00,0 days 13:10:00,0,1,13.166666666666666,8,6,Tuesday,Terça
12/08/2025,06:09,17:55,MNB9H98,Jeep/Compass,2025-08-12 06:09:00,2025-08-12 17:55:00,0 days 11:46:00,0,1,11.766666666666667,8,6,Tuesday,Terça
12/08/2025,06:21,16:55,POI0J21,Peugeot/208,2025-08-12 06:21:00,2025-08-12 16:55:00,0 days 10:34:00,0,1,10.566666666666666,8,6,Tuesday,Terça
12/08/2025,06:29,19:14,LKM1Z43,Citroen/C3,2025-08-12 06:29:00,2025-08-12 19:14:00,0 days 12:45:00,0,1,12.75,8,6,Tuesday,Terça
12/08/2025,06:27,18:06,HGF2X65,BYD/Dolphin,2025-08-12 06:27:00,2025-08-12 18:06:00,0 days 11:39:00,0,1,11.65,8,6,Tuesday,Terça
12/08/2025,06:22,15:22,QAZ3W87,Toyota/Etios,2025-08-12 06:22:00,2025-08-12 15:22:00,0 days 09:00:00,0,1,9.0,8,6,Tuesday,Terça
12/08/2025,08:35,17:09,WSX4E09,Chevrolet/Cruze,2025-08-12 08:35:00,2025-08-12 17:09:00,0 days 08:34:00,0,1,8.566666666666666,8,8,Tuesday,Terça
12/08/2025,09:21,15:12,EDC5R21,Volkswagen/Fox,2025-08-12 09:21:00,2025-08-12 15:12:00,0 days 05:51:00,0,1,5.85,8,9,Tuesday,Terça
12/08/2025,09:30,15:52,RFV6T43,Hyundai/Tucson,2025-08-12 09:30:00,2025-08-12 15:52:00,0 days 06:22:00,0,1,6.366666666666666,8,9,Tuesday,Terça
12/08/2025,08:37,17:30,TGB7Y65,Honda/Fit,2025-08-12 08:37:00,2025-08-12 17:30:00,0 days 08:53:00,0,1,8.883333333333333,8,8,Tuesday,Terça
12/08/2025,08:58,16:22,YHN8U87,Nissan/March,2025-08-12 08:58:00,2025-08-12 16:22:00,0 days 07:24:00,0,1,7.4,8,8,Tuesday,Terça
12/08/2025,08:37,15:18,UJM9I09,Fiat/Palio,2025-08-12 08:37:00,2025-08-12 15:18:00,0 days 06:41:00,0,1,6.683333333333334,8,8,Tuesday,Terça
12/08/2025,09:23,19:46,IKL0O21,Renault/Sandero,2025-08-12 09:23:00,2025-08-12 19:46:00,0 days 10:23:00,0,1,10.383333333333333,8,9,Tuesday,Terça
12/08/2025,09:18,17:11,OLP1P43,Jeep/Renegade,2025-08-12 09:18:00,2025-08-12 17:11:00,0 days 07:53:00,0,1,7.883333333333334,8,9,Tuesday,Terça
12/08/2025,09:18,15:23,PAS2D65,Peugeot/308,2025-08-12 09:18:00,2025-08-12 15:23:00,0 days 06:05:00,0,1,6.083333333333333,8,9,Tuesday,Terça
12/08/2025,08:37,16:54,DFG3S87,Citroen/C4,2025-08-12 08:37:00,2025-08-12 16:54:00,0 days 08:17:00,0,1,8.283333333333333,8,8,Tuesday,Terça
12/08/2025,08:03,17:45,SDF4G09,Ford/Focus,2025-08-12 08:03:00,2025-08-12 17:45:00,0 days 09:42:00,0,1,9.7,8,8,Tuesday,Terça
12/08/2025,08:44,16:02,GHG5H21,Kia/Soul,2025-08-12 08:44:00,2025-08-12 16:02:00,0 days 07:18:00,0,1,7.3,8,8,Tuesday,Terça
12/08/2025,08:48,16:46,HJK6J43,Mitsubishi/ASX,2025-08-12 08:48:00,2025-08-12 16:46:00,0 days 07:58:00,0,1,7.966666666666667,8,8,Tuesday,Terça
12/08/2025,09:33,17:10,JKL7K65,Suzuki/Swift,2025-08-12 09:33:00,2025-08-12 17:10:00,0 days 07:37:00,0,1,7.616666666666666,8,9,Tuesday,Terça
12/08/2025,08:19,17:15,AJC7M65,Chevrolet/Celta,2025-08-12 08:19:00,2025-08-12 17:15:00,0 days 08:56:00,0,1,8.933333333333334,8,8,Tuesday,Terça
12/08/2025,08:38,19:40,DEF7L65,Fiat/Uno,2025-08-12 08:38:00,2025-08-12 19:40:00,0 days 11:02:00,0,1,11.033333333333333,8,8,Tuesday,Terça
12/08/2025,08:49,18:43,JBL7K65,Ford/Fiesta,2025-08-12 08:49:00,2025-08-12 18:43:00,0 days 09:54:00,0,1,9.9,8,8,Tuesday,Terça
13/08/2025,06:19,18:45,ALC1D23,Toyota/Corolla,2025-08-13 06:19:00,2025-08-13 18:45:00,0 days 12:26:00,0,1,12.433333333333334,8,6,Wednesday,Quarta
13/08/2025,06:01,16:29,JDL2M45,Chevrolet/Onix,2025-08-13 06:01:00,2025-08-13 16:29:00,0 days 10:28:00,0,1,10.466666666666667,8,6,Wednesday,Quarta
13/08/2025,06:04,16:04,QWE3R67,Volkswagen/Polo,2025-08-13 06:04:00,2025-08-13 16:04:00,0 days 10:00:00,0,1,10.0,8,6,Wednesday,Quarta
13/08/2025,06:32,18:15,RTY4U89,Hyundai/HB20,2025-08-13 06:32:00,2025-08-13 18:15:00,0 days 11:43:00,0,1,11.716666666666667,8,6,Wednesday,Quarta
13/08/2025,06:26,19:51,UIO5P10,Honda/Civic,2025-08-13 06:26:00,2025-08-13 19:51:00,0 days 13:25:00,0,1,13.416666666666666,8,6,Wednesday,Quarta
13/08/2025,06:30,15:53,ASD6F32,Nissan/Kicks,2025-08-13 06:30:00,2025-08-13 15:53:00,0 days 09:23:00,0,1,9.383333333333333,8,6,Wednesday,Quarta
13/08/2025,06:49,18:44,ZXC7V54,Fiat/Fastback,2025-08-13 06:49:00,2025-08-13 18:44:00,0 days 11:55:00,0,1,11.916666666666666,8,6,Wednesday,Quarta
13/08/2025,06:30,19:15,VBN8G76,Renault/Kwid,2025-08-13 06:30:00,2025-08-13 19:15:00,0 days 12:45:00,0,1,12.75,8,6,Wednesday,Quarta
13/08/2025,06:21,16:07,MNB9H98,Jeep/Compass,2025-08-13 06:21:00,2025-08-13 16:07:00,0 days 09:46:00,0,1,9.766666666666667,8,6,Wednesday,Quarta
13/08/2025,06:51,15:07,POI0J21,Peugeot/208,2025-08-13 06:51:00,2025-08-13 15:07:00,0 days 08:16:00,0,1,8.266666666666667,8,6,Wednesday,Quarta
13/08/2025,06:05,15:23,LKM1Z43,Citroen/C3,2025-08-13 06:05:00,2025-08-13 15:23:00,0 days 09:18:00,0,1,9.3,8,6,Wednesday,Quarta
13/08/2025,06:55,19:45,HGF2X65,BYD/Dolphin,2025-08-13 06:55:00,2025-08-13 19:45:00,0 days 12:50:00,0,1,12.833333333333334,8,6,Wednesday,Quarta
13/08/2025,06:52,17:25,QAZ3W87,Toyota/Etios,2025-08-13 06:52:00,2025-08-13 17:25:00,0 days 10:33:00,0,1,10.55,8,6,Wednesday,Quarta
13/08/2025,09:44,15:02,WSX4E09,Chevrolet/Cruze,2025-08-13 09:44:00,2025-08-13 15:02:00,0 days 05:18:00,0,1,5.3,8,9,Wednesday,Quarta
13/08/2025,08:18,19:52,EDC5R21,Volkswagen/Fox,2025-08-13 08:18:00,2025-08-13 19:52:00,0 days 11:34:00,0,1,11.566666666666666,8,8,Wednesday,Quarta
13/08/2025,09:02,15:25,RFV6T43,Hyundai/Tucson,2025-08-13 09:02:00,2025-08-13 15:25:00,0 days 06:23:00,0,1,6.383333333333334,8,9,Wednesday,Quarta
13/08/2025,08:52,15:03,TGB7Y65,Honda/Fit,2025-08-13 08:52:00,2025-08-13 15:03:00,0 days 06:11:00,0,1,6.183333333333334,8,8,Wednesday,Quarta
13/08/2025,09:46,18:48,YHN8U87,Nissan/March,2025-08-13 09:46:00,2025-08-13 18:48:00,0 days 09:02:00,0,1,9.033333333333333,8,9,Wednesday,Quarta
13/08/2025,09:33,17:10,UJM9I09,Fiat/Palio,2025-08-13 09:33:00,2025-08-13 17:10:00,0 days 07:37:00,0,1,7.616666666666666,8,9,Wednesday,Quarta
13/08/2025,08:24,16:39,IKL0O21,Renault/Sandero,2025-08-13 08:24:00,2025-08-13 16:39:00,0 days 08:15:00,0,1,8.25,8,8,Wednesday,Quarta
13/08/2025,09:15,16:40,OLP1P43,Jeep/Renegade,2025-08-13 09:15:00,2025-08-13 16:40:00,0 days 07:25:00,0,1,7.416666666666667,8,9,Wednesday,Quarta
13/08/2025,08:32,19:05,PAS2D65,Peugeot/308,2025-08-13 08:32:00,2025-08-13 19:05:00,0 days 10:33:00,0,1,10.55,8,8,Wednesday,Quarta
13/08/2025,09:49,16:25,DFG3S87,Citroen/C4,2025-08-13 09:49:00,2025-08-13 16:25:00,0 days 06:36:00,0,1,6.6,8,9,Wednesday,Quarta
13/08/2025,09:36,15:35,SDF4G09,Ford/Focus,2025-08-13 09:36:00,2025-08-13 15:35:00,0 days 05:59:00,0,1,5.983333333333333,8,9,Wednesday,Quarta
13/08/2025,08:10,15:12,GHG5H21,Kia/Soul,2025-08-13 08:10:00,2025-08-13 15:12:00,0 days 07:02:00,0,1,7.033333333333333,8,8,Wednesday,Quarta
13/08/2025,09:13,16:57,HJK6J43,Mitsubishi/ASX,2025-08-13 09:13:00,2025-08-13 16:57:00,0 days 07:44:00,0,1,7.733333333333333,8,9,Wednesday,Quarta
13/08/2025,09:58,15:32,JKL7K65,Suzuki/Swift,2025-08-13 09:58:00,2025-08-13 15:32:00,0 days 05:34:00,0,1,5.566666666666666,8,9,Wednesday,Quarta
13/08/2025,10:22,19:22,AJC7M65,Chevrolet/Celta,2025-08-13 10:22:00,2025-08-13 19:22:00,0 days 09:00:00,0,1,9.0,8,10,Wednesday,Quarta
13/08/2025,09:30,17:58,DEF7L65,Fiat/Uno,2025-08-13 09:30:00,2025-08-13 17:58:00,0 days 08:28:00,0,1,8.466666666666667,8,9,Wednesday,Quarta
13/08/2025,08:56,19:49,JBL7K65,Ford/Fiesta,2025-08-13 08:56:00,2025-08-13 19:49:00,0 days 10:53:00,0,1,10.883333333333333,8,8,Wednesday,Quarta
14/08/2025,06:16,16:58,ALC1D23,Toyota/Corolla,2025-08-14 06:16:00,2025-08-14 16:58:00,0 days 10:42:00,0,1,10.7,8,6,Thursday,Quinta
14/08/2025,06:33,15:19,JDL2M45,Chevrolet/Onix,2025-08-14 06:33:00,2025-08-14 15:19:00,0 days 08:46:00,0,1,8.766666666666667,8,6,Thursday,Quinta
14/08/2025,06:13,16:38,QWE3R67,Volkswagen/Polo,2025-08-14 06:13:00,2025-08-14 16:38:00,0 days 10:25:00,0,1,10.416666666666666,8,6,Thursday,Quinta
14/08/2025,06:20,18:28,RTY4U89,Hyundai/HB20,2025-08-14 06:20:00,2025-08-14 18:28:00,0 days 12:08:00,0,1,12.133333333333333,8,6,Thursday,Quinta
14/08/2025,06:12,19:48,UIO5P10,Honda/Civic,2025-08-14 06:12:00,2025-08-14 19:48:00,0 days 13:36:00,0,1,13.6,8,6,Thursday,Quinta
14/08/2025,06:31,16:42,ASD6F32,Nissan/Kicks,2025-08-14 06:31:00,2025-08-14 16:42:00,0 days 10:11:00,0,1,10.183333333333334,8,6,Thursday,Quinta
14/08/2025,06:32,18:35,ZXC7V54,Fiat/Fastback,2025-08-14 06:32:00,2025-08-14 18:35:00,0 days 12:03:00,0,1,12.05,8,6,Thursday,Quinta
14/08/2025,06:17,15:21,VBN8G76,Renault/Kwid,2025-08-14 06:17:00,2025-08-14 15:21:00,0 days 09:04:00,0,1,9.066666666666666,8,6,Thursday,Quinta
14/08/2025,06:30,18:47,MNB9H98,Jeep/Compass,2025-08-14 06:30:00,2025-08-14 18:47:00,0 days 12:17:00,0,1,12.283333333333333,8,6,Thursday,Quinta
14/08/2025,06:47,16:18,POI0J21,Peugeot/208,2025-08-14 06:47:00,2025-08-14 16:18:00,0 days 09:31:00,0,1,9.516666666666667,8,6,Thursday,Quinta
14/08/2025,06:11,18:46,LKM1Z43,Citroen/C3,2025-08-14 06:11:00,2025-08-14 18:46:00,0 days 12:35:00,0,1,12.583333333333334,8,6,Thursday,Quinta
14/08/2025,06:53,15:52,HGF2X65,BYD/Dolphin,2025-08-14 06:53:00,2025-08-14 15:52:00,0 days 08:59:00,0,1,8.983333333333333,8,6,Thursday,Quinta
14/08/2025,06:55,15:05,QAZ3W87,Toyota/Etios,2025-08-14 06:55:00,2025-08-14 15:05:00,0 days 08:10:00,0,1,8.166666666666666,8,6,Thursday,Quinta
14/08/2025,09:21,15:22,WSX4E09,Chevrolet/Cruze,2025-08-14 09:21:00,2025-08-14 15:22:00,0 days 06:01:00,0,1,6.016666666666667,8,9,Thursday,Quinta
14/08/2025,09:20,17:07,EDC5R21,Volkswagen/Fox,2025-08-14 09:20:00,2025-08-14 17:07:00,0 days 07:47:00,0,1,7.783333333333333,8,9,Thursday,Quinta
14/08/2025,09:32,17:34,RFV6T43,Hyundai/Tucson,2025-08-14 09:32:00,2025-08-14 17:34:00,0 days 08:02:00,0,1,8.033333333333333,8,9,Thursday,Quinta
14/08/2025,09:02,17:56,TGB7Y65,Honda/Fit,2025-08-14 09:02:00,2025-08-14 17:56:00,0 days 08:54:00,0,1,8.9,8,9,Thursday,Quinta
14/08/2025,08:33,16:34,YHN8U87,Nissan/March,2025-08-14 08:33:00,2025-08-14 16:34:00,0 days 08:01:00,0,1,8.016666666666667,8,8,Thursday,Quinta
14/08/2025,09:20,16:23,UJM9I09,Fiat/Palio,2025-08-14 09:20:00,2025-08-14 16:23:00,0 days 07:03:00,0,1,7.05,8,9,Thursday,Quinta
14/08/2025,09:13,15:21,IKL0O21,Renault/Sandero,2025-08-14 09:13:00,2025-08-14 15:21:00,0 days 06:08:00,0,1,6.133333333333334,8,9,Thursday,Quinta
14/08/2025,08:54,17:11,OLP1P43,Jeep/Renegade,2025-08-14 08:54:00,2025-08-14 17:11:00,0 days 08:17:00,0,1,8.283333333333333,8,8,Thursday,Quinta
14/08/2025,08:38,17:15,PAS2D65,Peugeot/308,2025-08-14 08:38:00,2025-08-14 17:15:00,0 days 08:37:00,0,1,8.616666666666667,8,8,Thursday,Quinta
14/08/2025,08:41,18:22,DFG3S87,Citroen/C4,2025-08-14 08:41:00,2025-08-14 18:22:00,0 days 09:41:00,0,1,9.683333333333334,8,8,Thursday,Quinta
14/08/2025,08:05,18:37,SDF4G09,Ford/Focus,2025-08-14 08:05:00,2025-08-14 18:37:00,0 days 10:32:00,0,1,10.533333333333333,8,8,Thursday,Quinta
14/08/2025,09:42,17:59,GHG5H21,Kia/Soul,2025-08-14 09:42:00,2025-08-14 17:59:00,0 days 08:17:00,0,1,8.283333333333333,8,9,Thursday,Quinta
14/08/2025,08:34,17:24,HJK6J43,Mitsubishi/ASX,2025-08-14 08:34:00,2025-08-14 17:24:00,0 days 08:50:00,0,1,8.833333333333334,8,8,Thursday,Quinta
14/08/2025,09:51,16:24,JKL7K65,Suzuki/Swift,2025-08-14 09:51:00,2025-08-14 16:24:00,0 days 06:33:00,0,1,6.55,8,9,Thursday,Quinta
14/08/2025,08:23,19:33,AJC7M65,Chevrolet/Celta,2025-08-14 08:23:00,2025-08-14 19:33:00,0 days 11:10:00,0,1,11.166666666666666,8,8,Thursday,Quinta
14/08/2025,10:32,16:34,DEF7L65,Fiat/Uno,2025-08-14 10:32:00,2025-08-14 16:34:00,0 days 06:02:00,0,1,6.033333333333333,8,10,Thursday,Quinta
14/08/2025,10:46,15:19,JBL7K65,Ford/Fiesta,2025-08-14 10:46:00,2025-08-14 15:19:00,0 days 04:33:00,0,1,4.55,8,10,Thursday,Quinta
15/08/2025,06:55,17:53,ALC1D23,Toyota/Corolla,2025-08-15 06:55:00,2025-08-15 17:53:00,0 days 10:58:00,0,1,10.966666666666667,8,6,Friday,Sexta
15/08/2025,06:36,16:30,JDL2M45,Chevrolet/Onix,2025-08-15 06:36:00,2025-08-15 16:30:00,0 days 09:54:00,0,1,9.9,8,6,Friday,Sexta
15/08/2025,06:56,17:13,QWE3R67,Volkswagen/Polo,2025-08-15 06:56:00,2025-08-15 17:13:00,0 days 10:17:00,0,1,10.283333333333333,8,6,Friday,Sexta
15/08/2025,06:11,19:28,RTY4U89,Hyundai/HB20,2025-08-15 06:11:00,2025-08-15 19:28:00,0 days 13:17:00,0,1,13.283333333333333,8,6,Friday,Sexta
15/08/2025,06:58,19:07,UIO5P10,Honda/Civic,2025-08-15 06:58:00,2025-08-15 19:07:00,0 days 12:09:00,0,1,12.15,8,6,Friday,Sexta
15/08/2025,06:03,19:26,ASD6F32,Nissan/Kicks,2025-08-15 06:03:00,2025-08-15 19:26:00,0 days 13:23:00,0,1,13.383333333333333,8,6,Friday,Sexta
15/08/2025,06:46,18:51,ZXC7V54,Fiat/Fastback,2025-08-15 06:46:00,2025-08-15 18:51:00,0 days 12:05:00,0,1,12.083333333333334,8,6,Friday,Sexta
15/08/2025,06:11,19:00,VBN8G76,Renault/Kwid,2025-08-15 06:11:00,2025-08-15 19:00:00,0 days 12:49:00,0,1,12.816666666666666,8,6,Friday,Sexta
15/08/2025,06:56,17:01,MNB9H98,Jeep/Compass,2025-08-15 06:56:00,2025-08-15 17:01:00,0 days 10:05:00,0,1,10.083333333333334,8,6,Friday,Sexta
15/08/2025,06:21,17:00,POI0J21,Peugeot/208,2025-08-15 06:21:00,2025-08-15 17:00:00,0 days 10:39:00,0,1,10.65,8,6,Friday,Sexta
15/08/2025,06:03,18:23,LKM1Z43,Citroen/C3,2025-08-15 06:03:00,2025-08-15 18:23:00,0 days 12:20:00,0,1,12.333333333333334,8,6,Friday,Sexta
15/08/2025,06:46,15:45,HGF2X65,BYD/Dolphin,2025-08-15 06:46:00,2025-08-15 15:45:00,0 days 08:59:00,0,1,8.983333333333333,8,6,Friday,Sexta
15/08/2025,06:26,17:56,QAZ3W87,Toyota/Etios,2025-08-15 06:26:00,2025-08-15 17:56:00,0 days 11:30:00,0,1,11.5,8,6,Friday,Sexta
15/08/2025,08:04,19:45,WSX4E09,Chevrolet/Cruze,2025-08-15 08:04:00,2025-08-15 19:45:00,0 days 11:41:00,0,1,11.683333333333334,8,8,Friday,Sexta
15/08/2025,08:54,18:51,EDC5R21,Volkswagen/Fox,2025-08-15 08:54:00,2025-08-15 18:51:00,0 days 09:57:00,0,1,9.95,8,8,Friday,Sexta
15/08/2025,08:54,16:42,RFV6T43,Hyundai/Tucson,2025-08-15 08:54:00,2025-08-15 16:42:00,0 days 07:48:00,0,1,7.8,8,8,Friday,Sexta
15/08/2025,08:52,17:02,TGB7Y65,Honda/Fit,2025-08-15 08:52:00,2025-08-15 17:02:00,0 days 08:10:00,0,1,8.166666666666666,8,8,Friday,Sexta
15/08/2025,09:05,17:21,YHN8U87,Nissan/March,2025-08-15 09:05:00,2025-08-15 17:21:00,0 days 08:16:00,0,1,8.266666666666667,8,9,Friday,Sexta
15/08/2025,09:46,17:45,UJM9I09,Fiat/Palio,2025-08-15 09:46:00,2025-08-15 17:45:00,0 days 07:59:00,0,1,7.983333333333333,8,9,Friday,Sexta
15/08/2025,09:33,15:02,IKL0O21,Renault/Sandero,2025-08-15 09:33:00,2025-08-15 15:02:00,0 days 05:29:00,0,1,5.483333333333333,8,9,Friday,Sexta
15/08/2025,09:43,17:34,OLP1P43,Jeep/Renegade,2025-08-15 09:43:00,2025-08-15 17:34:00,0 days 07:51:00,0,1,7.85,8,9,Friday,Sexta
15/08/2025,09:29,18:00,PAS2D65,Peugeot/308,2025-08-15 09:29:00,2025-08-15 18:00:00,0 days 08:31:00,0,1,8.516666666666667,8,9,Friday,Sexta
15/08/2025,08:04,15:26,DFG3S87,Citroen/C4,2025-08-15 08:04:00,2025-08-15 15:26:00,0 days 07:22:00,0,1,7.366666666666666,8,8,Friday,Sexta
15/08/2025,08:21,18:23,SDF4G09,Ford/Focus,2025-08-15 08:21:00,2025-08-15 18:23:00,0 days 10:02:00,0,1,10.033333333333333,8,8,Friday,Sexta
15/08/2025,08:32,19:16,GHG5H21,Kia/Soul,2025-08-15 08:32:00,2025-08-15 19:16:00,0 days 10:44:00,0,1,10.733333333333333,8,8,Friday,Sexta
15/08/2025,08:09,15:17,HJK6J43,Mitsubishi/ASX,2025-08-15 08:09:00,2025-08-15 15:17:00,0 days 07:08:00,0,1,7.133333333333334,8,8,Friday,Sexta
15/08/2025,09:17,15:59,JKL7K65,Suzuki/Swift,2025-08-15 09:17:00,2025-08-15 15:59:00,0 days 06:42:00,0,1,6.7,8,9,Friday,Sexta
15/08/2025,08:40,19:48,AJC7M65,Chevrolet/Celta,2025-08-15 08:40:00,2025-08-15 19:48:00,0 days 11:08:00,0,1,11.133333333333333,8,8,Friday,Sexta
15/08/2025,08:54,17:38,DEF7L65,Fiat/Uno,2025-08-15 08:54:00,2025-08-15 17:38:00,0 days 08:44:00,0,1,8.733333333333333,8,8,Friday,Sexta
15/08/2025,08:23,18:28,JBL7K65,Ford/Fiesta,2025-08-15 08:23:00,2025-08-15 18:28:00,0 days 10:05:00,0,1,10.083333333333334,8,8,Friday,Sexta
16/08/2025,09:46,19:49,UJM9I09,Fiat/Palio,2025-08-16 09:46:00,2025-08-16 19:49:00,0 days 10:03:00,0,1,10.05,8,9,Saturday,Sábado
16/08/2025,09:54,16:14,IKL0O21,Renault/Sandero,2025-08-16 09:54:00,2025-08-16 16:14:00,0 days 06:20:00,0,1,6.333333333333333,8,9,Saturday,Sábado
16/08/2025,09:52,15:08,DFG3S87,Citroen/C4,2025-08-16 09:52:00,2025-08-16 15:08:00,0 days 05:16:00,0,1,5.266666666666667,8,9,Saturday,Sábado
18/08/2025,06:05,15:59,ALC1D23,Toyota/Corolla,2025-08-18 06:05:00,2025-08-18 15:59:00,0 days 09:54:00,0,1,9.9,8,6,Monday,Segunda
18/08/2025,06:25,19:51,JDL2M45,Chevrolet/Onix,2025-08-18 06:25:00,2025-08-18 19:51:00,0 days 13:26:00,0,1,13.433333333333334,8,6,Monday,Segunda
18/08/2025,06:29,19:54,QWE3R67,Volkswagen/Polo,2025-08-18 06:29:00,2025-08-18 19:54:00,0 days 13:25:00,0,1,13.416666666666666,8,6,Monday,Segunda
18/08/2025,06:56,19:03,RTY4U89,Hyundai/HB20,2025-08-18 06:56:00,2025-08-18 19:03:00,0 days 12:07:00,0,1,12.116666666666667,8,6,Monday,Segunda
18/08/2025,06:03,19:54,UIO5P10,Honda/Civic,2025-08-18 06:03:00,2025-08-18 19:54:00,0 days 13:51:00,0,1,13.85,8,6,Monday,Segunda
18/08/2025,06:57,15:24,ASD6F32,Nissan/Kicks,2025-08-18 06:57:00,2025-08-18 15:24:00,0 days 08:27:00,0,1,8.45,8,6,Monday,Segunda
18/08/2025,06:08,16:45,ZXC7V54,Fiat/Fastback,2025-08-18 06:08:00,2025-08-18 16:45:00,0 days 10:37:00,0,1,10.616666666666667,8,6,Monday,Segunda
18/08/2025,06:05,16:38,VBN8G76,Renault/Kwid,2025-08-18 06:05:00,2025-08-18 16:38:00,0 days 10:33:00,0,1,10.55,8,6,Monday,Segunda
18/08/2025,06:10,16:11,MNB9H98,Jeep/Compass,2025-08-18 06:10:00,2025-08-18 16:11:00,0 days 10:01:00,0,1,10.016666666666667,8,6,Monday,Segunda
18/08/2025,06:16,16:23,POI0J21,Peugeot/208,2025-08-18 06:16:00,2025-08-18 16:23:00,0 days 10:07:00,0,1,10.116666666666667,8,6,Monday,Segunda
18/08/2025,06:54,16:23,LKM1Z43,Citroen/C3,2025-08-18 06:54:00,2025-08-18 16:23:00,0 days 09:29:00,0,1,9.483333333333333,8,6,Monday,Segunda
18/08/2025,06:43,17:00,HGF2X65,BYD/Dolphin,2025-08-18 06:43:00,2025-08-18 17:00:00,0 days 10:17:00,0,1,10.283333333333333,8,6,Monday,Segunda
18/08/2025,06:43,16:02,QAZ3W87,Toyota/Etios,2025-08-18 06:43:00,2025-08-18 16:02:00,0 days 09:19:00,0,1,9.316666666666666,8,6,Monday,Segunda
18/08/2025,08:46,17:44,WSX4E09,Chevrolet/Cruze,2025-08-18 08:46:00,2025-08-18 17:44:00,0 days 08:58:00,0,1,8.966666666666667,8,8,Monday,Segunda
18/08/2025,09:51,18:28,EDC5R21,Volkswagen/Fox,2025-08-18 09:51:00,2025-08-18 18:28:00,0 days 08:37:00,0,1,8.616666666666667,8,9,Monday,Segunda
18/08/2025,09:52,19:53,RFV6T43,Hyundai/Tucson,2025-08-18 09:52:00,2025-08-18 19:53:00,0 days 10:01:00,0,1,10.016666666666667,8,9,Monday,Segunda
18/08/2025,09:55,15:21,TGB7Y65,Honda/Fit,2025-08-18 09:55:00,2025-08-18 15:21:00,0 days 05:26:00,0,1,5.433333333333334,8,9,Monday,Segunda
18/08/2025,09:08,19:28,YHN8U87,Nissan/March,2025-08-18 09:08:00,2025-08-18 19:28:00,0 days 10:20:00,0,1,10.333333333333334,8,9,Monday,Segunda
18/08/2025,09:22,18:38,UJM9I09,Fiat/Palio,2025-08-18 09:22:00,2025-08-18 18:38:00,0 days 09:16:00,0,1,9.266666666666667,8,9,Monday,Segunda
18/08/2025,09:14,18:44,IKL0O21,Renault/Sandero,2025-08-18 09:14:00,2025-08-18 18:44:00,0 days 09:30:00,0,1,9.5,8,9,Monday,Segunda
18/08/2025,09:47,17:40,OLP1P43,Jeep/Renegade,2025-08-18 09:47:00,2025-08-18 17:40:00,0 days 07:53:00,0,1,7.883333333333334,8,9,Monday,Segunda
18/08/2025,08:13,18:15,PAS2D65,Peugeot/308,2025-08-18 08:13:00,2025-08-18 18:15:00,0 days 10:02:00,0,1,10.033333333333333,8,8,Monday,Segunda
18/08/2025,09:01,17:16,DFG3S87,Citroen/C4,2025-08-18 09:01:00,2025-08-18 17:16:00,0 days 08:15:00,0,1,8.25,8,9,Monday,Segunda
18/08/2025,09:25,16:33,SDF4G09,Ford/Focus,2025-08-18 09:25:00,2025-08-18 16:33:00,0 days 07:08:00,0,1,7.133333333333334,8,9,Monday,Segunda
18/08/2025,09:49,19:51,GHG5H21,Kia/Soul,2025-08-18 09:49:00,2025-08-18 19:51:00,0 days 10:02:00,0,1,10.033333333333333,8,9,Monday,Segunda
18/08/2025,09:03,18:31,HJK6J43,Mitsubishi/ASX,2025-08-18 09:03:00,2025-08-18 18:31:00,0 days 09:28:00,0,1,9.466666666666667,8,9,Monday,Segunda
18/08/2025,09:45,18:30,JKL7K65,Suzuki/Swift,2025-08-18 09:45:00,2025-08-18 18:30:00,0 days 08:45:00,0,1,8.75,8,9,Monday,Segunda
18/08/2025,10:34,15:49,AJC7M65,Chevrolet/Celta,2025-08-18 10:34:00,2025-08-18 15:49:00,0 days 05:15:00,0,1,5.25,8,10,Monday,Segunda
18/08/2025,08:51,17:41,DEF7L65,Fiat/Uno,2025-08-18 08:51:00,2025-08-18 17:41:00,0 days 08:50:00,0,1,8.833333333333334,8,8,Monday,Segunda
18/08/2025,08:10,15:15,JBL7K65,Ford/Fiesta,2025-08-18 08:10:00,2025-08-18 15:15:00,0 days 07:05:00,0,1,7.083333333333333,8,8,Monday,Segunda
19/08/2025,06:22,19:02,ALC1D23,Toyota/Corolla,2025-08-19 06:22:00,2025-08-19 19:02:00,0 days 12:40:00,0,1,12.666666666666666,8,6,Tuesday,Terça
19/08/2025,06:57,18:35,JDL2M45,Chevrolet/Onix,2025-08-19 06:57:00,2025-08-19 18:35:00,0 days 11:38:00,0,1,11.633333333333333,8,6,Tuesday,Terça
19/08/2025,06:55,18:10,QWE3R67,Volkswagen/Polo,2025-08-19 06:55:00,2025-08-19 18:10:00,0 days 11:15:00,0,1,11.25,8,6,Tuesday,Terça
19/08/2025,06:49,16:31,RTY4U89,Hyundai/HB20,2025-08-19 06:49:00,2025-08-19 16:31:00,0 days 09:42:00,0,1,9.7,8,6,Tuesday,Terça
19/08/2025,06:01,16:36,UIO5P10,Honda/Civic,2025-08-19 06:01:00,2025-08-19 16:36:00,0 days 10:35:00,0,1,10.583333333333334,8,6,Tuesday,Terça
19/08/2025,06:32,16:16,ASD6F32,Nissan/Kicks,2025-08-19 06:32:00,2025-08-19 16:16:00,0 days 09:44:00,0,1,9.733333333333333,8,6,Tuesday,Terça
19/08/2025,06:04,18:56,ZXC7V54,Fiat/Fastback,2025-08-19 06:04:00,2025-08-19 18:56:00,0 days 12:52:00,0,1,12.866666666666667,8,6,Tuesday,Terça
19/08/2025,06:38,16:14,VBN8G76,Renault/Kwid,2025-08-19 06:38:00,2025-08-19 16:14:00,0 days 09:36:00,0,1,9.6,8,6,Tuesday,Terça
19/08/2025,06:56,18:50,MNB9H98,Jeep/Compass,2025-08-19 06:56:00,2025-08-19 18:50:00,0 days 11:54:00,0,1,11.9,8,6,Tuesday,Terça
19/08/2025,06:18,15:59,POI0J21,Peugeot/208,2025-08-19 06:18:00,2025-08-19 15:59:00,0 days 09:41:00,0,1,9.683333333333334,8,6,Tuesday,Terça
19/08/2025,06:28,17:19,LKM1Z43,Citroen/C3,2025-08-19 06:28:00,2025-08-19 17:19:00,0 days 10:51:00,0,1,10.85,8,6,Tuesday,Terça
19/08/2025,06:39,16:25,HGF2X65,BYD/Dolphin,2025-08-19 06:39:00,2025-08-19 16:25:00,0 days 09:46:00,0,1,9.766666666666667,8,6,Tuesday,Terça
19/08/2025,06:02,19:06,QAZ3W87,Toyota/Etios,2025-08-19 06:02:00,2025-08-19 19:06:00,0 days 13:04:00,0,1,13.066666666666666,8,6,Tuesday,Terça
19/08/2025,08:33,18:56,WSX4E09,Chevrolet/Cruze,2025-08-19 08:33:00,2025-08-19 18:56:00,0 days 10:23:00,0,1,10.383333333333333,8,8,Tuesday,Terça
19/08/2025,08:37,18:01,EDC5R21,Volkswagen/Fox,2025-08-19 08:37:00,2025-08-19 18:01:00,0 days 09:24:00,0,1,9.4,8,8,Tuesday,Terça
19/08/2025,08:17,18:58,RFV6T43,Hyundai/Tucson,2025-08-19 08:17:00,2025-08-19 18:58:00,0 days 10:41:00,0,1,10.683333333333334,8,8,Tuesday,Terça
19/08/2025,09:01,18:22,TGB7Y65,Honda/Fit,2025-08-19 09:01:00,2025-08-19 18:22:00,0 days 09:21:00,0,1,9.35,8,9,Tuesday,Terça
19/08/2025,09:23,17:39,YHN8U87,Nissan/March,2025-08-19 09:23:00,2025-08-19 17:39:00,0 days 08:16:00,0,1,8.266666666666667,8,9,Tuesday,Terça
19/08/2025,09:30,15:15,UJM9I09,Fiat/Palio,2025-08-19 09:30:00,2025-08-19 15:15:00,0 days 05:45:00,0,1,5.75,8,9,Tuesday,Terça
19/08/2025,09:01,17:46,IKL0O21,Renault/Sandero,2025-08-19 09:01:00,2025-08-19 17:46:00,0 days 08:45:00,0,1,8.75,8,9,Tuesday,Terça
19/08/2025,09:15,16:17,OLP1P43,Jeep/Renegade,2025-08-19 09:15:00,2025-08-19 16:17:00,0 days 07:02:00,0,1,7.033333333333333,8,9,Tuesday,Terça
19/08/2025,08:45,17:20,PAS2D65,Peugeot/308,2025-08-19 08:45:00,2025-08-19 17:20:00,0 days 08:35:00,0,1,8.583333333333334,8,8,Tuesday,Terça
19/08/2025,08:34,18:44,DFG3S87,Citroen/C4,2025-08-19 08:34:00,2025-08-19 18:44:00,0 days 10:10:00,0,1,10.166666666666666,8,8,Tuesday,Terça
19/08/2025,08:35,18:50,SDF4G09,Ford/Focus,2025-08-19 08:35:00,2025-08-19 18:50:00,0 days 10:15:00,0,1,10.25,8,8,Tuesday,Terça
19/08/2025,08:26,15:05,GHG5H21,Kia/Soul,2025-08-19 08:26:00,2025-08-19 15:05:00,0 days 06:39:00,0,1,6.65,8,8,Tuesday,Terça
19/08/2025,09:52,19:03,HJK6J43,Mitsubishi/ASX,2025-08-19 09:52:00,2025-08-19 19:03:00,0 days 09:11:00,0,1,9.183333333333334,8,9,Tuesday,Terça
19/08/2025,08:40,16:00,JKL7K65,Suzuki/Swift,2025-08-19 08:40:00,2025-08-19 16:00:00,0 days 07:20:00,0,1,7.333333333333333,8,8,Tuesday,Terça
19/08/2025,08:10,17:08,AJC7M65,Chevrolet/Celta,2025-08-19 08:10:00,2025-08-19 17:08:00,0 days 08:58:00,0,1,8.966666666666667,8,8,Tuesday,Terça
19/08/2025,10:02,17:41,DEF7L65,Fiat/Uno,2025-08-19 10:02:00,2025-08-19 17:41:00,0 days 07:39:00,0,1,7.65,8,10,Tuesday,Terça
19/08/2025,10:18,17:13,JBL7K65,Ford/Fiesta,2025-08-19 10:18:00,2025-08-19 17:13:00,0 days 06:55:00,0,1,6.916666666666667,8,10,Tuesday,Terça
20/08/2025,06:38,16:15,ALC1D23,Toyota/Corolla,2025-08-20 06:38:00,2025-08-20 16:15:00,0 days 09:37:00,0,1,9.616666666666667,8,6,Wednesday,Quarta
20/08/2025,06:36,18:28,JDL2M45,Chevrolet/Onix,2025-08-20 06:36:00,2025-08-20 18:28:00,0 days 11:52:00,0,1,11.866666666666667,8,6,Wednesday,Quarta
20/08/2025,06:33,17:46,QWE3R67,Volkswagen/Polo,2025-08-20 06:33:00,2025-08-20 17:46:00,0 days 11:13:00,0,1,11.216666666666667,8,6,Wednesday,Quarta
20/08/2025,06:14,19:35,RTY4U89,Hyundai/HB20,2025-08-20 06:14:00,2025-08-20 19:35:00,0 days 13:21:00,0,1,13.35,8,6,Wednesday,Quarta
20/08/2025,06:40,15:31,UIO5P10,Honda/Civic,2025-08-20 06:40:00,2025-08-20 15:31:00,0 days 08:51:00,0,1,8.85,8,6,Wednesday,Quarta
20/08/2025,06:04,17:21,ASD6F32,Nissan/Kicks,2025-08-20 06:04:00,2025-08-20 17:21:00,0 days 11:17:00,0,1,11.283333333333333,8,6,Wednesday,Quarta
20/08/2025,06:04,19:46,ZXC7V54,Fiat/Fastback,2025-08-20 06:04:00,2025-08-20 19:46:00,0 days 13:42:00,0,1,13.7,8,6,Wednesday,Quarta
20/08/2025,06:40,18:40,VBN8G76,Renault/Kwid,2025-08-20 06:40:00,2025-08-20 18:40:00,0 days 12:00:00,0,1,12.0,8,6,Wednesday,Quarta
20/08/2025,06:35,18:01,MNB9H98,Jeep/Compass,2025-08-20 06:35:00,2025-08-20 18:01:00,0 days 11:26:00,0,1,11.433333333333334,8,6,Wednesday,Quarta
20/08/2025,06:12,19:38,POI0J21,Peugeot/208,2025-08-20 06:12:00,2025-08-20 19:38:00,0 days 13:26:00,0,1,13.433333333333334,8,6,Wednesday,Quarta
20/08/2025,06:07,17:01,LKM1Z43,Citroen/C3,2025-08-20 06:07:00,2025-08-20 17:01:00,0 days 10:54:00,0,1,10.9,8,6,Wednesday,Quarta
20/08/2025,06:38,19:25,HGF2X65,BYD/Dolphin,2025-08-20 06:38:00,2025-08-20 19:25:00,0 days 12:47:00,0,1,12.783333333333333,8,6,Wednesday,Quarta
20/08/2025,06:47,19:30,QAZ3W87,Toyota/Etios,2025-08-20 06:47:00,2025-08-20 19:30:00,0 days 12:43:00,0,1,12.716666666666667,8,6,Wednesday,Quarta
20/08/2025,08:32,16:39,WSX4E09,Chevrolet/Cruze,2025-08-20 08:32:00,2025-08-20 16:39:00,0 days 08:07:00,0,1,8.116666666666667,8,8,Wednesday,Quarta
20/08/2025,08:21,15:20,EDC5R21,Volkswagen/Fox,2025-08-20 08:21:00,2025-08-20 15:20:00,0 days 06:59:00,0,1,6.983333333333333,8,8,Wednesday,Quarta
20/08/2025,09:37,15:50,RFV6T43,Hyundai/Tucson,2025-08-20 09:37:00,2025-08-20 15:50:00,0 days 06:13:00,0,1,6.216666666666667,8,9,Wednesday,Quarta
20/08/2025,08:49,19:18,TGB7Y65,Honda/Fit,2025-08-20 08:49:00,2025-08-20 19:18:00,0 days 10:29:00,0,1,10.483333333333333,8,8,Wednesday,Quarta
20/08/2025,08:04,17:48,YHN8U87,Nissan/March,2025-08-20 08:04:00,2025-08-20 17:48:00,0 days 09:44:00,0,1,9.733333333333333,8,8,Wednesday,Quarta
20/08/2025,08:56,18:32,UJM9I09,Fiat/Palio,2025-08-20 08:56:00,2025-08-20 18:32:00,0 days 09:36:00,0,1,9.6,8,8,Wednesday,Quarta
20/08/2025,08:46,15:06,IKL0O21,Renault/Sandero,2025-08-20 08:46:00,2025-08-20 15:06:00,0 days 06:20:00,0,1,6.333333333333333,8,8,Wednesday,Quarta
20/08/2025,09:15,18:28,OLP1P43,Jeep/Renegade,2025-08-20 09:15:00,2025-08-20 18:28:00,0 days 09:13:00,0,1,9.216666666666667,8,9,Wednesday,Quarta
20/08/2025,09:17,16:05,PAS2D65,Peugeot/308,2025-08-20 09:17:00,2025-08-20 16:05:00,0 days 06:48:00,0,1,6.8,8,9,Wednesday,Quarta
20/08/2025,08:11,18:00,DFG3S87,Citroen/C4,2025-08-20 08:11:00,2025-08-20 18:00:00,0 days 09:49:00,0,1,9.816666666666666,8,8,Wednesday,Quarta
20/08/2025,09:04,16:50,SDF4G09,Ford/Focus,2025-08-20 09:04:00,2025-08-20 16:50:00,0 days 07:46:00,0,1,7.766666666666667,8,9,Wednesday,Quarta
20/08/2025,09:53,19:42,GHG5H21,Kia/Soul,2025-08-20 09:53:00,2025-08-20 19:42:00,0 days 09:49:00,0,1,9.816666666666666,8,9,Wednesday,Quarta
20/08/2025,08:24,17:40,HJK6J43,Mitsubishi/ASX,2025-08-20 08:24:00,2025-08-20 17:40:00,0 days 09:16:00,0,1,9.266666666666667,8,8,Wednesday,Quarta
20/08/2025,08:43,18:53,JKL7K65,Suzuki/Swift,2025-08-20 08:43:00,2025-08-20 18:53:00,0 days 10:10:00,0,1,10.166666666666666,8,8,Wednesday,Quarta
20/08/2025,10:43,18:08,AJC7M65,Chevrolet/Celta,2025-08-20 10:43:00,2025-08-20 18:08:00,0 days 07:25:00,0,1,7.416666666666667,8,10,Wednesday,Quarta
20/08/2025,09:36,19:15,DEF7L65,Fiat/Uno,2025-08-20 09:36:00,2025-08-20 19:15:00,0 days 09:39:00,0,1,9.65,8,9,Wednesday,Quarta
20/08/2025,10:51,15:52,JBL7K65,Ford/Fiesta,2025-08-20 10:51:00,2025-08-20 15:52:00,0 days 05:01:00,0,1,5.016666666666667,8,10,Wednesday,Quarta
21/08/2025,06:04,17:58,ALC1D23,Toyota/Corolla,2025-08-21 06:04:00,2025-08-21 17:58:00,0 days 11:54:00,0,1,11.9,8,6,Thursday,Quinta
21/08/2025,06:10,19:55,JDL2M45,Chevrolet/Onix,2025-08-21 06:10:00,2025-08-21 19:55:00,0 days 13:45:00,0,1,13.75,8,6,Thursday,Quinta
21/08/2025,06:28,15:07,QWE3R67,Volkswagen/Polo,2025-08-21 06:28:00,2025-08-21 15:07:00,0 days 08:39:00,0,1,8.65,8,6,Thursday,Quinta
21/08/2025,06:53,17:05,RTY4U89,Hyundai/HB20,2025-08-21 06:53:00,2025-08-21 17:05:00,0 days 10:12:00,0,1,10.2,8,6,Thursday,Quinta
21/08/2025,06:25,16:08,UIO5P10,Honda/Civic,2025-08-21 06:25:00,2025-08-21 16:08:00,0 days 09:43:00,0,1,9.716666666666667,8,6,Thursday,Quinta
21/08/2025,06:53,19:30,ASD6F32,Nissan/Kicks,2025-08-21 06:53:00,2025-08-21 19:30:00,0 days 12:37:00,0,1,12.616666666666667,8,6,Thursday,Quinta
21/08/2025,06:31,15:48,ZXC7V54,Fiat/Fastback,2025-08-21 06:31:00,2025-08-21 15:48:00,0 days 09:17:00,0,1,9.283333333333333,8,6,Thursday,Quinta
21/08/2025,06:08,16:03,VBN8G76,Renault/Kwid,2025-08-21 06:08:00,2025-08-21 16:03:00,0 days 09:55:00,0,1,9.916666666666666,8,6,Thursday,Quinta
21/08/2025,06:02,15:03,MNB9H98,Jeep/Compass,2025-08-21 06:02:00,2025-08-21 15:03:00,0 days 09:01:00,0,1,9.016666666666667,8,6,Thursday,Quinta
21/08/2025,06:15,15:08,POI0J21,Peugeot/208,2025-08-21 06:15:00,2025-08-21 15:08:00,0 days 08:53:00,0,1,8.883333333333333,8,6,Thursday,Quinta
21/08/2025,06:54,18:15,LKM1Z43,Citroen/C3,2025-08-21 06:54:00,2025-08-21 18:15:00,0 days 11:21:00,0,1,11.35,8,6,Thursday,Quinta
21/08/2025,06:04,15:39,HGF2X65,BYD/Dolphin,2025-08-21 06:04:00,2025-08-21 15:39:00,0 days 09:35:00,0,1,9.583333333333334,8,6,Thursday,Quinta
21/08/2025,06:45,16:26,QAZ3W87,Toyota/Etios,2025-08-21 06:45:00,2025-08-21 16:26:00,0 days 09:41:00,0,1,9.683333333333334,8,6,Thursday,Quinta
21/08/2025,09:58,16:26,WSX4E09,Chevrolet/Cruze,2025-08-21 09:58:00,2025-08-21 16:26:00,0 days 06:28:00,0,1,6.466666666666667,8,9,Thursday,Quinta
21/08/2025,09:48,15:30,EDC5R21,Volkswagen/Fox,2025-08-21 09:48:00,2025-08-21 15:30:00,0 days 05:42:00,0,1,5.7,8,9,Thursday,Quinta
21/08/2025,08:11,15:21,RFV6T43,Hyundai/Tucson,2025-08-21 08:11:00,2025-08-21 15:21:00,0 days 07:10:00,0,1,7.166666666666667,8,8,Thursday,Quinta
21/08/2025,09:55,19:57,TGB7Y65,Honda/Fit,2025-08-21 09:55:00,2025-08-21 19:57:00,0 days 10:02:00,0,1,10.033333333333333,8,9,Thursday,Quinta
21/08/2025,09:20,17:18,YHN8U87,Nissan/March,2025-08-21 09:20:00,2025-08-21 17:18:00,0 days 07:58:00,0,1,7.966666666666667,8,9,Thursday,Quinta
21/08/2025,08:15,19:20,UJM9I09,Fiat/Palio,2025-08-21 08:15:00,2025-08-21 19:20:00,0 days 11:05:00,0,1,11.083333333333334,8,8,Thursday,Quinta
21/08/2025,08:41,17:35,IKL0O21,Renault/Sandero,2025-08-21 08:41:00,2025-08-21 17:35:00,0 days 08:54:00,0,1,8.9,8,8,Thursday,Quinta
21/08/2025,08:37,16:24,OLP1P43,Jeep/Renegade,2025-08-21 08:37:00,2025-08-21 16:24:00,0 days 07:47:00,0,1,7.783333333333333,8,8,Thursday,Quinta
21/08/2025,08:37,17:41,PAS2D65,Peugeot/308,2025-08-21 08:37:00,2025-08-21 17:41:00,0 days 09:04:00,0,1,9.066666666666666,8,8,Thursday,Quinta
21/08/2025,09:55,16:02,DFG3S87,Citroen/C4,2025-08-21 09:55:00,2025-08-21 16:02:00,0 days 06:07:00,0,1,6.116666666666666,8,9,Thursday,Quinta
21/08/2025,08:20,18:06,SDF4G09,Ford/Focus,2025-08-21 08:20:00,2025-08-21 18:06:00,0 days 09:46:00,0,1,9.766666666666667,8,8,Thursday,Quinta
21/08/2025,09:04,15:21,GHG5H21,Kia/Soul,2025-08-21 09:04:00,2025-08-21 15:21:00,0 days 06:17:00,0,1,6.283333333333333,8,9,Thursday,Quinta
21/08/2025,08:32,16:25,HJK6J43,Mitsubishi/ASX,2025-08-21 08:32:00,2025-08-21 16:25:00,0 days 07:53:00,0,1,7.883333333333334,8,8,Thursday,Quinta
21/08/2025,10:46,17:44,JKL7K65,Suzuki/Swift,2025-08-21 10:46:00,2025-08-21 17:44:00,0 days 06:58:00,0,1,6.966666666666667,8,10,Thursday,Quinta
21/08/2025,09:36,15:31,AJC7M65,Chevrolet/Celta,2025-08-21 09:36:00,2025-08-21 15:31:00,0 days 05:55:00,0,1,5.916666666666667,8,9,Thursday,Quinta
21/08/2025,09:29,15:06,DEF7L65,Fiat/Uno,2025-08-21 09:29:00,2025-08-21 15:06:00,0 days 05:37:00,0,1,5.616666666666666,8,9,Thursday,Quinta
21/08/2025,08:23,18:08,JBL7K65,Ford/Fiesta,2025-08-21 08:23:00,2025-08-21 18:08:00,0 days 09:45:00,0,1,9.75,8,8,Thursday,Quinta
22/08/2025,06:20,19:01,ALC1D23,Toyota/Corolla,2025-08-22 06:20:00,2025-08-22 19:01:00,0 days 12:41:00,0,1,12.683333333333334,8,6,Friday,Sexta
22/08/2025,06:21,15:08,JDL2M45,Chevrolet/Onix,2025-08-22 06:21:00,2025-08-22 15:08:00,0 days 08:47:00,0,1,8.783333333333333,8,6,Friday,Sexta
22/08/2025,06:12,15:13,QWE3R67,Volkswagen/Polo,2025-08-22 06:12:00,2025-08-22 15:13:00,0 days 09:01:00,0,1,9.016666666666667,8,6,Friday,Sexta
22/08/2025,06:49,18:13,RTY4U89,Hyundai/HB20,2025-08-22 06:49:00,2025-08-22 18:13:00,0 days 11:24:00,0,1,11.4,8,6,Friday,Sexta
22/08/2025,06:32,17:02,UIO5P10,Honda/Civic,2025-08-22 06:32:00,2025-08-22 17:02:00,0 days 10:30:00,0,1,10.5,8,6,Friday,Sexta
22/08/2025,06:42,16:11,ASD6F32,Nissan/Kicks,2025-08-22 06:42:00,2025-08-22 16:11:00,0 days 09:29:00,0,1,9.483333333333333,8,6,Friday,Sexta
22/08/2025,06:41,18:07,ZXC7V54,Fiat/Fastback,2025-08-22 06:41:00,2025-08-22 18:07:00,0 days 11:26:00,0,1,11.433333333333334,8,6,Friday,Sexta
22/08/2025,06:16,19:24,VBN8G76,Renault/Kwid,2025-08-22 06:16:00,2025-08-22 19:24:00,0 days 13:08:00,0,1,13.133333333333333,8,6,Friday,Sexta
22/08/2025,06:25,18:03,MNB9H98,Jeep/Compass,2025-08-22 06:25:00,2025-08-22 18:03:00,0 days 11:38:00,0,1,11.633333333333333,8,6,Friday,Sexta
22/08/2025,06:29,18:10,POI0J21,Peugeot/208,2025-08-22 06:29:00,2025-08-22 18:10:00,0 days 11:41:00,0,1,11.683333333333334,8,6,Friday,Sexta
22/08/2025,06:28,19:31,LKM1Z43,Citroen/C3,2025-08-22 06:28:00,2025-08-22 19:31:00,0 days 13:03:00,0,1,13.05,8,6,Friday,Sexta
22/08/2025,06:45,18:59,HGF2X65,BYD/Dolphin,2025-08-22 06:45:00,2025-08-22 18:59:00,0 days 12:14:00,0,1,12.233333333333333,8,6,Friday,Sexta
22/08/2025,06:35,15:14,QAZ3W87,Toyota/Etios,2025-08-22 06:35:00,2025-08-22 15:14:00,0 days 08:39:00,0,1,8.65,8,6,Friday,Sexta
22/08/2025,08:13,18:58,WSX4E09,Chevrolet/Cruze,2025-08-22 08:13:00,2025-08-22 18:58:00,0 days 10:45:00,0,1,10.75,8,8,Friday,Sexta
22/08/2025,09:53,15:03,EDC5R21,Volkswagen/Fox,2025-08-22 09:53:00,2025-08-22 15:03:00,0 days 05:10:00,0,1,5.166666666666667,8,9,Friday,Sexta
22/08/2025,08:00,16:12,RFV6T43,Hyundai/Tucson,2025-08-22 08:00:00,2025-08-22 16:12:00,0 days 08:12:00,0,1,8.2,8,8,Friday,Sexta
22/08/2025,09:50,19:14,TGB7Y65,Honda/Fit,2025-08-22 09:50:00,2025-08-22 19:14:00,0 days 09:24:00,0,1,9.4,8,9,Friday,Sexta
22/08/2025,08:27,15:31,YHN8U87,Nissan/March,2025-08-22 08:27:00,2025-08-22 15:31:00,0 days 07:04:00,0,1,7.066666666666666,8,8,Friday,Sexta
22/08/2025,09:37,15:01,UJM9I09,Fiat/Palio,2025-08-22 09:37:00,2025-08-22 15:01:00,0 days 05:24:00,0,1,5.4,8,9,Friday,Sexta
22/08/2025,09:24,18:14,IKL0O21,Renault/Sandero,2025-08-22 09:24:00,2025-08-22 18:14:00,0 days 08:50:00,0,1,8.833333333333334,8,9,Friday,Sexta
22/08/2025,09:35,17:53,OLP1P43,Jeep/Renegade,2025-08-22 09:35:00,2025-08-22 17:53:00,0 days 08:18:00,0,1,8.3,8,9,Friday,Sexta
22/08/2025,08:52,16:20,PAS2D65,Peugeot/308,2025-08-22 08:52:00,2025-08-22 16:20:00,0 days 07:28:00,0,1,7.466666666666667,8,8,Friday,Sexta
22/08/2025,08:54,15:07,DFG3S87,Citroen/C4,2025-08-22 08:54:00,2025-08-22 15:07:00,0 days 06:13:00,0,1,6.216666666666667,8,8,Friday,Sexta
22/08/2025,08:36,15:51,SDF4G09,Ford/Focus,2025-08-22 08:36:00,2025-08-22 15:51:00,0 days 07:15:00,0,1,7.25,8,8,Friday,Sexta
22/08/2025,09:00,18:07,GHG5H21,Kia/Soul,2025-08-22 09:00:00,2025-08-22 18:07:00,0 days 09:07:00,0,1,9.116666666666667,8,9,Friday,Sexta
22/08/2025,08:34,17:33,HJK6J43,Mitsubishi/ASX,2025-08-22 08:34:00,2025-08-22 17:33:00,0 days 08:59:00,0,1,8.983333333333333,8,8,Friday,Sexta
22/08/2025,10:44,16:08,JKL7K65,Suzuki/Swift,2025-08-22 10:44:00,2025-08-22 16:08:00,0 days 05:24:00,0,1,5.4,8,10,Friday,Sexta
22/08/2025,09:06,15:58,AJC7M65,Chevrolet/Celta,2025-08-22 09:06:00,2025-08-22 15:58:00,0 days 06:52:00,0,1,6.866666666666666,8,9,Friday,Sexta
22/08/2025,08:13,16:44,DEF7L65,Fiat/Uno,2025-08-22 08:13:00,2025-08-22 16:44:00,0 days 08:31:00,0,1,8.516666666666667,8,8,Friday,Sexta
22/08/2025,09:52,16:49,JBL7K65,Ford/Fiesta,2025-08-22 09:52:00,2025-08-22 16:49:00,0 days 06:57:00,0,1,6.95,8,9,Friday,Sexta
23/08/2025,08:40,16:46,WSX4E09,Chevrolet/Cruze,2025-08-23 08:40:00,2025-08-23 16:46:00,0 days 08:06:00,0,1,8.1,8,8,Saturday,Sábado
23/08/2025,09:53,17:37,EDC5R21,Volkswagen/Fox,2025-08-23 09:53:00,2025-08-23 17:37:00,0 days 07:44:00,0,1,7.733333333333333,8,9,Saturday,Sábado
23/08/2025,09:14,18:19,RFV6T43,Hyundai/Tucson,2025-08-23 09:14:00,2025-08-23 18:19:00,0 days 09:05:00,0,1,9.083333333333334,8,9,Saturday,Sábado
23/08/2025,09:43,18:33,TGB7Y65,Honda/Fit,2025-08-23 09:43:00,2025-08-23 18:33:00,0 days 08:50:00,0,1,8.833333333333334,8,9,Saturday,Sábado
23/08/2025,09:11,18:22,UJM9I09,Fiat/Palio,2025-08-23 09:11:00,2025-08-23 18:22:00,0 days 09:11:00,0,1,9.183333333333334,8,9,Saturday,Sábado
23/08/2025,08:50,19:19,SDF4G09,Ford/Focus,2025-08-23 08:50:00,2025-08-23 19:19:00,0 days 10:29:00,0,1,10.483333333333333,8,8,Saturday,Sábado
25/08/2025,06:45,19:47,ALC1D23,Toyota/Corolla,2025-08-25 06:45:00,2025-08-25 19:47:00,0 days 13:02:00,0,1,13.033333333333333,8,6,Monday,Segunda
25/08/2025,06:31,18:24,JDL2M45,Chevrolet/Onix,2025-08-25 06:31:00,2025-08-25 18:24:00,0 days 11:53:00,0,1,11.883333333333333,8,6,Monday,Segunda
25/08/2025,06:09,19:16,QWE3R67,Volkswagen/Polo,2025-08-25 06:09:00,2025-08-25 19:16:00,0 days 13:07:00,0,1,13.116666666666667,8,6,Monday,Segunda
25/08/2025,06:16,16:21,RTY4U89,Hyundai/HB20,2025-08-25 06:16:00,2025-08-25 16:21:00,0 days 10:05:00,0,1,10.083333333333334,8,6,Monday,Segunda
25/08/2025,06:55,17:47,UIO5P10,Honda/Civic,2025-08-25 06:55:00,2025-08-25 17:47:00,0 days 10:52:00,0,1,10.866666666666667,8,6,Monday,Segunda
25/08/2025,06:23,16:09,ASD6F32,Nissan/Kicks,2025-08-25 06:23:00,2025-08-25 16:09:00,0 days 09:46:00,0,1,9.766666666666667,8,6,Monday,Segunda
25/08/2025,06:36,15:24,ZXC7V54,Fiat/Fastback,2025-08-25 06:36:00,2025-08-25 15:24:00,0 days 08:48:00,0,1,8.8,8,6,Monday,Segunda
25/08/2025,06:08,15:13,VBN8G76,Renault/Kwid,2025-08-25 06:08:00,2025-08-25 15:13:00,0 days 09:05:00,0,1,9.083333333333334,8,6,Monday,Segunda
25/08/2025,06:19,19:21,MNB9H98,Jeep/Compass,2025-08-25 06:19:00,2025-08-25 19:21:00,0 days 13:02:00,0,1,13.033333333333333,8,6,Monday,Segunda
25/08/2025,06:53,17:29,POI0J21,Peugeot/208,2025-08-25 06:53:00,2025-08-25 17:29:00,0 days 10:36:00,0,1,10.6,8,6,Monday,Segunda
25/08/2025,06:35,16:16,LKM1Z43,Citroen/C3,2025-08-25 06:35:00,2025-08-25 16:16:00,0 days 09:41:00,0,1,9.683333333333334,8,6,Monday,Segunda
25/08/2025,06:47,17:08,HGF2X65,BYD/Dolphin,2025-08-25 06:47:00,2025-08-25 17:08:00,0 days 10:21:00,0,1,10.35,8,6,Monday,Segunda
25/08/2025,06:09,16:48,QAZ3W87,Toyota/Etios,2025-08-25 06:09:00,2025-08-25 16:48:00,0 days 10:39:00,0,1,10.65,8,6,Monday,Segunda
25/08/2025,09:12,18:30,WSX4E09,Chevrolet/Cruze,2025-08-25 09:12:00,2025-08-25 18:30:00,0 days 09:18:00,0,1,9.3,8,9,Monday,Segunda
25/08/2025,08:01,16:40,EDC5R21,Volkswagen/Fox,2025-08-25 08:01:00,2025-08-25 16:40:00,0 days 08:39:00,0,1,8.65,8,8,Monday,Segunda
25/08/2025,08:13,18:52,RFV6T43,Hyundai/Tucson,2025-08-25 08:13:00,2025-08-25 18:52:00,0 days 10:39:00,0,1,10.65,8,8,Monday,Segunda
25/08/2025,09:37,16:53,TGB7Y65,Honda/Fit,2025-08-25 09:37:00,2025-08-25 16:53:00,0 days 07:16:00,0,1,7.266666666666667,8,9,Monday,Segunda
25/08/2025,09:55,16:59,YHN8U87,Nissan/March,2025-08-25 09:55:00,2025-08-25 16:59:00,0 days 07:04:00,0,1,7.066666666666666,8,9,Monday,Segunda
25/08/2025,09:21,19:40,UJM9I09,Fiat/Palio,2025-08-25 09:21:00,2025-08-25 19:40:00,0 days 10:19:00,0,1,10.316666666666666,8,9,Monday,Segunda
25/08/2025,08:16,15:44,IKL0O21,Renault/Sandero,2025-08-25 08:16:00,2025-08-25 15:44:00,0 days 07:28:00,0,1,7.466666666666667,8,8,Monday,Segunda
25/08/2025,09:47,18:50,OLP1P43,Jeep/Renegade,2025-08-25 09:47:00,2025-08-25 18:50:00,0 days 09:03:00,0,1,9.05,8,9,Monday,Segunda
25/08/2025,09:40,16:51,PAS2D65,Peugeot/308,2025-08-25 09:40:00,2025-08-25 16:51:00,0 days 07:11:00,0,1,7.183333333333334,8,9,Monday,Segunda
25/08/2025,08:06,18:17,DFG3S87,Citroen/C4,2025-08-25 08:06:00,2025-08-25 18:17:00,0 days 10:11:00,0,1,10.183333333333334,8,8,Monday,Segunda
25/08/2025,08:25,18:03,SDF4G09,Ford/Focus,2025-08-25 08:25:00,2025-08-25 18:03:00,0 days 09:38:00,0,1,9.633333333333333,8,8,Monday,Segunda
25/08/2025,08:26,15:16,GHG5H21,Kia/Soul,2025-08-25 08:26:00,2025-08-25 15:16:00,0 days 06:50:00,0,1,6.833333333333333,8,8,Monday,Segunda
25/08/2025,08:58,17:57,HJK6J43,Mitsubishi/ASX,2025-08-25 08:58:00,2025-08-25 17:57:00,0 days 08:59:00,0,1,8.983333333333333,8,8,Monday,Segunda
25/08/2025,10:20,18:44,JKL7K65,Suzuki/Swift,2025-08-25 10:20:00,2025-08-25 18:44:00,0 days 08:24:00,0,1,8.4,8,10,Monday,Segunda
25/08/2025,10:03,16:04,AJC7M65,Chevrolet/Celta,2025-08-25 10:03:00,2025-08-25 16:04:00,0 days 06:01:00,0,1,6.016666666666667,8,10,Monday,Segunda
25/08/2025,10:29,18:17,DEF7L65,Fiat/Uno,2025-08-25 10:29:00,2025-08-25 18:17:00,0 days 07:48:00,0,1,7.8,8,10,Monday,Segunda
25/08/2025,08:11,18:35,JBL7K65,Ford/Fiesta,2025-08-25 08:11:00,2025-08-25 18:35:00,0 days 10:24:00,0,1,10.4,8,8,Monday,Segunda
26/08/2025,06:34,15:04,ALC1D23,Toyota/Corolla,2025-08-26 06:34:00,2025-08-26 15:04:00,0 days 08:30:00,0,1,8.5,8,6,Tuesday,Terça
26/08/2025,06:10,16:32,JDL2M45,Chevrolet/Onix,2025-08-26 06:10:00,2025-08-26 16:32:00,0 days 10:22:00,0,1,10.366666666666667,8,6,Tuesday,Terça
26/08/2025,06:23,18:36,QWE3R67,Volkswagen/Polo,2025-08-26 06:23:00,2025-08-26 18:36:00,0 days 12:13:00,0,1,12.216666666666667,8,6,Tuesday,Terça
26/08/2025,06:12,17:25,RTY4U89,Hyundai/HB20,2025-08-26 06:12:00,2025-08-26 17:25:00,0 days 11:13:00,0,1,11.216666666666667,8,6,Tuesday,Terça
26/08/2025,06:27,17:14,UIO5P10,Honda/Civic,2025-08-26 06:27:00,2025-08-26 17:14:00,0 days 10:47:00,0,1,10.783333333333333,8,6,Tuesday,Terça
26/08/2025,06:36,16:52,ASD6F32,Nissan/Kicks,2025-08-26 06:36:00,2025-08-26 16:52:00,0 days 10:16:00,0,1,10.266666666666667,8,6,Tuesday,Terça
26/08/2025,06:30,17:17,ZXC7V54,Fiat/Fastback,2025-08-26 06:30:00,2025-08-26 17:17:00,0 days 10:47:00,0,1,10.783333333333333,8,6,Tuesday,Terça
26/08/2025,06:50,18:26,VBN8G76,Renault/Kwid,2025-08-26 06:50:00,2025-08-26 18:26:00,0 days 11:36:00,0,1,11.6,8,6,Tuesday,Terça
26/08/2025,06:38,19:33,MNB9H98,Jeep/Compass,2025-08-26 06:38:00,2025-08-26 19:33:00,0 days 12:55:00,0,1,12.916666666666666,8,6,Tuesday,Terça
26/08/2025,06:24,16:12,POI0J21,Peugeot/208,2025-08-26 06:24:00,2025-08-26 16:12:00,0 days 09:48:00,0,1,9.8,8,6,Tuesday,Terça
26/08/2025,06:20,17:21,LKM1Z43,Citroen/C3,2025-08-26 06:20:00,2025-08-26 17:21:00,0 days 11:01:00,0,1,11.016666666666667,8,6,Tuesday,Terça
26/08/2025,06:47,15:01,HGF2X65,BYD/Dolphin,2025-08-26 06:47:00,2025-08-26 15:01:00,0 days 08:14:00,0,1,8.233333333333333,8,6,Tuesday,Terça
26/08/2025,06:46,19:05,QAZ3W87,Toyota/Etios,2025-08-26 06:46:00,2025-08-26 19:05:00,0 days 12:19:00,0,1,12.316666666666666,8,6,Tuesday,Terça
26/08/2025,08:57,19:53,WSX4E09,Chevrolet/Cruze,2025-08-26 08:57:00,2025-08-26 19:53:00,0 days 10:56:00,0,1,10.933333333333334,8,8,Tuesday,Terça
26/08/2025,08:06,15:55,EDC5R21,Volkswagen/Fox,2025-08-26 08:06:00,2025-08-26 15:55:00,0 days 07:49:00,0,1,7.816666666666666,8,8,Tuesday,Terça
26/08/2025,08:22,16:24,RFV6T43,Hyundai/Tucson,2025-08-26 08:22:00,2025-08-26 16:24:00,0 days 08:02:00,0,1,8.033333333333333,8,8,Tuesday,Terça
26/08/2025,09:36,16:02,TGB7Y65,Honda/Fit,2025-08-26 09:36:00,2025-08-26 16:02:00,0 days 06:26:00,0,1,6.433333333333334,8,9,Tuesday,Terça
26/08/2025,09:38,18:12,YHN8U87,Nissan/March,2025-08-26 09:38:00,2025-08-26 18:12:00,0 days 08:34:00,0,1,8.566666666666666,8,9,Tuesday,Terça
26/08/2025,09:14,15:22,UJM9I09,Fiat/Palio,2025-08-26 09:14:00,2025-08-26 15:22:00,0 days 06:08:00,0,1,6.133333333333334,8,9,Tuesday,Terça
26/08/2025,09:58,15:30,IKL0O21,Renault/Sandero,2025-08-26 09:58:00,2025-08-26 15:30:00,0 days 05:32:00,0,1,5.533333333333333,8,9,Tuesday,Terça
26/08/2025,09:08,15:43,OLP1P43,Jeep/Renegade,2025-08-26 09:08:00,2025-08-26 15:43:00,0 days 06:35:00,0,1,6.583333333333333,8,9,Tuesday,Terça
26/08/2025,08:26,16:19,PAS2D65,Peugeot/308,2025-08-26 08:26:00,2025-08-26 16:19:00,0 days 07:53:00,0,1,7.883333333333334,8,8,Tuesday,Terça
26/08/2025,09:14,16:54,DFG3S87,Citroen/C4,2025-08-26 09:14:00,2025-08-26 16:54:00,0 days 07:40:00,0,1,7.666666666666667,8,9,Tuesday,Terça
26/08/2025,09:07,15:58,SDF4G09,Ford/Focus,2025-08-26 09:07:00,2025-08-26 15:58:00,0 days 06:51:00,0,1,6.85,8,9,Tuesday,Terça
26/08/2025,09:00,19:03,GHG5H21,Kia/Soul,2025-08-26 09:00:00,2025-08-26 19:03:00,0 days 10:03:00,0,1,10.05,8,9,Tuesday,Terça
26/08/2025,08:26,15:18,HJK6J43,Mitsubishi/ASX,2025-08-26 08:26:00,2025-08-26 15:18:00,0 days 06:52:00,0,1,6.866666666666666,8,8,Tuesday,Terça
26/08/2025,10:35,17:12,JKL7K65,Suzuki/Swift,2025-08-26 10:35:00,2025-08-26 17:12:00,0 days 06:37:00,0,1,6.616666666666666,8,10,Tuesday,Terça
26/08/2025,08:17,18:25,AJC7M65,Chevrolet/Celta,2025-08-26 08:17:00,2025-08-26 18:25:00,0 days 10:08:00,0,1,10.133333333333333,8,8,Tuesday,Terça
26/08/2025,09:34,19:19,DEF7L65,Fiat/Uno,2025-08-26 09:34:00,2025-08-26 19:19:00,0 days 09:45:00,0,1,9.75,8,9,Tuesday,Terça
26/08/2025,09:13,15:48,JBL7K65,Ford/Fiesta,2025-08-26 09:13:00,2025-08-26 15:48:00,0 days 06:35:00,0,1,6.583333333333333,8,9,Tuesday,Terça
27/08/2025,06:54,17:40,ALC1D23,Toyota/Corolla,2025-08-27 06:54:00,2025-08-27 17:40:00,0 days 10:46:00,0,1,10.766666666666667,8,6,Wednesday,Quarta
27/08/2025,06:41,15:55,JDL2M45,Chevrolet/Onix,2025-08-27 06:41:00,2025-08-27 15:55:00,0 days 09:14:00,0,1,9.233333333333333,8,6,Wednesday,Quarta
27/08/2025,06:49,17:58,QWE3R67,Volkswagen/Polo,2025-08-27 06:49:00,2025-08-27 17:58:00,0 days 11:09:00,0,1,11.15,8,6,Wednesday,Quarta
27/08/2025,06:59,19:01,RTY4U89,Hyundai/HB20,2025-08-27 06:59:00,2025-08-27 19:01:00,0 days 12:02:00,0,1,12.033333333333333,8,6,Wednesday,Quarta
27/08/2025,06:23,18:56,UIO5P10,Honda/Civic,2025-08-27 06:23:00,2025-08-27 18:56:00,0 days 12:33:00,0,1,12.55,8,6,Wednesday,Quarta
27/08/2025,06:08,16:31,ASD6F32,Nissan/Kicks,2025-08-27 06:08:00,2025-08-27 16:31:00,0 days 10:23:00,0,1,10.383333333333333,8,6,Wednesday,Quarta
27/08/2025,06:35,15:55,ZXC7V54,Fiat/Fastback,2025-08-27 06:35:00,2025-08-27 15:55:00,0 days 09:20:00,0,1,9.333333333333334,8,6,Wednesday,Quarta
27/08/2025,06:38,15:22,VBN8G76,Renault/Kwid,2025-08-27 06:38:00,2025-08-27 15:22:00,0 days 08:44:00,0,1,8.733333333333333,8,6,Wednesday,Quarta
27/08/2025,06:10,15:51,MNB9H98,Jeep/Compass,2025-08-27 06:10:00,2025-08-27 15:51:00,0 days 09:41:00,0,1,9.683333333333334,8,6,Wednesday,Quarta
27/08/2025,06:51,16:20,POI0J21,Peugeot/208,2025-08-27 06:51:00,2025-08-27 16:20:00,0 days 09:29:00,0,1,9.483333333333333,8,6,Wednesday,Quarta
27/08/2025,06:18,18:52,LKM1Z43,Citroen/C3,2025-08-27 06:18:00,2025-08-27 18:52:00,0 days 12:34:00,0,1,12.566666666666666,8,6,Wednesday,Quarta
27/08/2025,06:06,17:43,HGF2X65,BYD/Dolphin,2025-08-27 06:06:00,2025-08-27 17:43:00,0 days 11:37:00,0,1,11.616666666666667,8,6,Wednesday,Quarta
27/08/2025,06:11,19:46,QAZ3W87,Toyota/Etios,2025-08-27 06:11:00,2025-08-27 19:46:00,0 days 13:35:00,0,1,13.583333333333334,8,6,Wednesday,Quarta
27/08/2025,08:16,16:35,WSX4E09,Chevrolet/Cruze,2025-08-27 08:16:00,2025-08-27 16:35:00,0 days 08:19:00,0,1,8.316666666666666,8,8,Wednesday,Quarta
27/08/2025,09:58,17:33,EDC5R21,Volkswagen/Fox,2025-08-27 09:58:00,2025-08-27 17:33:00,0 days 07:35:00,0,1,7.583333333333333,8,9,Wednesday,Quarta
27/08/2025,09:09,17:04,RFV6T43,Hyundai/Tucson,2025-08-27 09:09:00,2025-08-27 17:04:00,0 days 07:55:00,0,1,7.916666666666667,8,9,Wednesday,Quarta
27/08/2025,09:32,17:07,TGB7Y65,Honda/Fit,2025-08-27 09:32:00,2025-08-27 17:07:00,0 days 07:35:00,0,1,7.583333333333333,8,9,Wednesday,Quarta
27/08/2025,09:20,17:56,YHN8U87,Nissan/March,2025-08-27 09:20:00,2025-08-27 17:56:00,0 days 08:36:00,0,1,8.6,8,9,Wednesday,Quarta
27/08/2025,08:25,16:03,UJM9I09,Fiat/Palio,2025-08-27 08:25:00,2025-08-27 16:03:00,0 days 07:38:00,0,1,7.633333333333334,8,8,Wednesday,Quarta
27/08/2025,08:22,19:32,IKL0O21,Renault/Sandero,2025-08-27 08:22:00,2025-08-27 19:32:00,0 days 11:10:00,0,1,11.166666666666666,8,8,Wednesday,Quarta
27/08/2025,09:13,19:05,OLP1P43,Jeep/Renegade,2025-08-27 09:13:00,2025-08-27 19:05:00,0 days 09:52:00,0,1,9.866666666666667,8,9,Wednesday,Quarta
27/08/2025,08:16,18:49,PAS2D65,Peugeot/308,2025-08-27 08:16:00,2025-08-27 18:49:00,0 days 10:33:00,0,1,10.55,8,8,Wednesday,Quarta
27/08/2025,08:14,19:16,DFG3S87,Citroen/C4,2025-08-27 08:14:00,2025-08-27 19:16:00,0 days 11:02:00,0,1,11.033333333333333,8,8,Wednesday,Quarta
27/08/2025,08:32,16:58,SDF4G09,Ford/Focus,2025-08-27 08:32:00,2025-08-27 16:58:00,0 days 08:26:00,0,1,8.433333333333334,8,8,Wednesday,Quarta
27/08/2025,08:11,19:42,GHG5H21,Kia/Soul,2025-08-27 08:11:00,2025-08-27 19:42:00,0 days 11:31:00,0,1,11.516666666666667,8,8,Wednesday,Quarta
27/08/2025,08:07,19:24,HJK6J43,Mitsubishi/ASX,2025-08-27 08:07:00,2025-08-27 19:24:00,0 days 11:17:00,0,1,11.283333333333333,8,8,Wednesday,Quarta
27/08/2025,09:42,19:53,JKL7K65,Suzuki/Swift,2025-08-27 09:42:00,2025-08-27 19:53:00,0 days 10:11:00,0,1,10.183333333333334,8,9,Wednesday,Quarta
27/08/2025,09:18,15:45,AJC7M65,Chevrolet/Celta,2025-08-27 09:18:00,2025-08-27 15:45:00,0 days 06:27:00,0,1,6.45,8,9,Wednesday,Quarta
27/08/2025,09:17,17:29,DEF7L65,Fiat/Uno,2025-08-27 09:17:00,2025-08-27 17:29:00,0 days 08:12:00,0,1,8.2,8,9,Wednesday,Quarta
27/08/2025,08:58,17:51,JBL7K65,Ford/Fiesta,2025-08-27 08:58:00,2025-08-27 17:51:00,0 days 08:53:00,0,1,8.883333333333333,8,8,Wednesday,Quarta
28/08/2025,06:07,15:19,ALC1D23,Toyota/Corolla,2025-08-28 06:07:00,2025-08-28 15:19:00,0 days 09:12:00,0,1,9.2,8,6,Thursday,Quinta
28/08/2025,06:09,15:49,JDL2M45,Chevrolet/Onix,2025-08-28 06:09:00,2025-08-28 15:49:00,0 days 09:40:00,0,1,9.666666666666666,8,6,Thursday,Quinta
28/08/2025,06:13,16:13,QWE3R67,Volkswagen/Polo,2025-08-28 06:13:00,2025-08-28 16:13:00,0 days 10:00:00,0,1,10.0,8,6,Thursday,Quinta
28/08/2025,06:55,18:35,RTY4U89,Hyundai/HB20,2025-08-28 06:55:00,2025-08-28 18:35:00,0 days 11:40:00,0,1,11.666666666666666,8,6,Thursday,Quinta
28/08/2025,06:14,16:51,UIO5P10,Honda/Civic,2025-08-28 06:14:00,2025-08-28 16:51:00,0 days 10:37:00,0,1,10.616666666666667,8,6,Thursday,Quinta
28/08/2025,06:36,18:48,ASD6F32,Nissan/Kicks,2025-08-28 06:36:00,2025-08-28 18:48:00,0 days 12:12:00,0,1,12.2,8,6,Thursday,Quinta
28/08/2025,06:21,16:11,ZXC7V54,Fiat/Fastback,2025-08-28 06:21:00,2025-08-28 16:11:00,0 days 09:50:00,0,1,9.833333333333334,8,6,Thursday,Quinta
28/08/2025,06:17,15:47,VBN8G76,Renault/Kwid,2025-08-28 06:17:00,2025-08-28 15:47:00,0 days 09:30:00,0,1,9.5,8,6,Thursday,Quinta
28/08/2025,06:48,17:15,MNB9H98,Jeep/Compass,2025-08-28 06:48:00,2025-08-28 17:15:00,0 days 10:27:00,0,1,10.45,8,6,Thursday,Quinta
28/08/2025,06:13,15:20,POI0J21,Peugeot/208,2025-08-28 06:13:00,2025-08-28 15:20:00,0 days 09:07:00,0,1,9.116666666666667,8,6,Thursday,Quinta
28/08/2025,06:50,16:10,LKM1Z43,Citroen/C3,2025-08-28 06:50:00,2025-08-28 16:10:00,0 days 09:20:00,0,1,9.333333333333334,8,6,Thursday,Quinta
28/08/2025,06:49,15:34,HGF2X65,BYD/Dolphin,2025-08-28 06:49:00,2025-08-28 15:34:00,0 days 08:45:00,0,1,8.75,8,6,Thursday,Quinta
28/08/2025,06:36,16:12,QAZ3W87,Toyota/Etios,2025-08-28 06:36:00,2025-08-28 16:12:00,0 days 09:36:00,0,1,9.6,8,6,Thursday,Quinta
28/08/2025,08:52,16:19,WSX4E09,Chevrolet/Cruze,2025-08-28 08:52:00,2025-08-28 16:19:00,0 days 07:27:00,0,1,7.45,8,8,Thursday,Quinta
28/08/2025,09:01,19:13,EDC5R21,Volkswagen/Fox,2025-08-28 09:01:00,2025-08-28 19:13:00,0 days 10:12:00,0,1,10.2,8,9,Thursday,Quinta
28/08/2025,08:09,15:59,RFV6T43,Hyundai/Tucson,2025-08-28 08:09:00,2025-08-28 15:59:00,0 days 07:50:00,0,1,7.833333333333333,8,8,Thursday,Quinta
28/08/2025,09:45,15:31,TGB7Y65,Honda/Fit,2025-08-28 09:45:00,2025-08-28 15:31:00,0 days 05:46:00,0,1,5.766666666666667,8,9,Thursday,Quinta
28/08/2025,09:28,19:49,YHN8U87,Nissan/March,2025-08-28 09:28:00,2025-08-28 19:49:00,0 days 10:21:00,0,1,10.35,8,9,Thursday,Quinta
28/08/2025,09:53,19:56,UJM9I09,Fiat/Palio,2025-08-28 09:53:00,2025-08-28 19:56:00,0 days 10:03:00,0,1,10.05,8,9,Thursday,Quinta
28/08/2025,08:28,15:17,IKL0O21,Renault/Sandero,2025-08-28 08:28:00,2025-08-28 15:17:00,0 days 06:49:00,0,1,6.816666666666666,8,8,Thursday,Quinta
28/08/2025,08:24,18:15,OLP1P43,Jeep/Renegade,2025-08-28 08:24:00,2025-08-28 18:15:00,0 days 09:51:00,0,1,9.85,8,8,Thursday,Quinta
28/08/2025,09:34,17:50,PAS2D65,Peugeot/308,2025-08-28 09:34:00,2025-08-28 17:50:00,0 days 08:16:00,0,1,8.266666666666667,8,9,Thursday,Quinta
28/08/2025,08:52,15:04,DFG3S87,Citroen/C4,2025-08-28 08:52:00,2025-08-28 15:04:00,0 days 06:12:00,0,1,6.2,8,8,Thursday,Quinta
28/08/2025,08:59,15:01,SDF4G09,Ford/Focus,2025-08-28 08:59:00,2025-08-28 15:01:00,0 days 06:02:00,0,1,6.033333333333333,8,8,Thursday,Quinta
28/08/2025,08:17,17:56,GHG5H21,Kia/Soul,2025-08-28 08:17:00,2025-08-28 17:56:00,0 days 09:39:00,0,1,9.65,8,8,Thursday,Quinta
28/08/2025,08:33,18:35,HJK6J43,Mitsubishi/ASX,2025-08-28 08:33:00,2025-08-28 18:35:00,0 days 10:02:00,0,1,10.033333333333333,8,8,Thursday,Quinta
28/08/2025,10:07,15:52,JKL7K65,Suzuki/Swift,2025-08-28 10:07:00,2025-08-28 15:52:00,0 days 05:45:00,0,1,5.75,8,10,Thursday,Quinta
28/08/2025,09:50,19:38,AJC7M65,Chevrolet/Celta,2025-08-28 09:50:00,2025-08-28 19:38:00,0 days 09:48:00,0,1,9.8,8,9,Thursday,Quinta
28/08/2025,10:35,19:17,DEF7L65,Fiat/Uno,2025-08-28 10:35:00,2025-08-28 19:17:00,0 days 08:42:00,0,1,8.7,8,10,Thursday,Quinta
28/08/2025,08:18,18:13,JBL7K65,Ford/Fiesta,2025-08-28 08:18:00,2025-08-28 18:13:00,0 days 09:55:00,0,1,9.916666666666666,8,8,Thursday,Quinta
29/08/2025,06:38,19:14,ALC1D23,Toyota/Corolla,2025-08-29 06:38:00,2025-08-29 19:14:00,0 days 12:36:00,0,1,12.6,8,6,Friday,Sexta
29/08/2025,06:09,17:19,JDL2M45,Chevrolet/Onix,2025-08-29 06:09:00,2025-08-29 17:19:00,0 days 11:10:00,0,1,11.166666666666666,8,6,Friday,Sexta
29/08/2025,06:23,19:31,QWE3R67,Volkswagen/Polo,2025-08-29 06:23:00,2025-08-29 19:31:00,0 days 13:08:00,0,1,13.133333333333333,8,6,Friday,Sexta
29/08/2025,06:08,18:54,RTY4U89,Hyundai/HB20,2025-08-29 06:08:00,2025-08-29 18:54:00,0 days 12:46:00,0,1,12.766666666666667,8,6,Friday,Sexta
29/08/2025,06:10,18:04,UIO5P10,Honda/Civic,2025-08-29 06:10:00,2025-08-29 18:04:00,0 days 11:54:00,0,1,11.9,8,6,Friday,Sexta
29/08/2025,06:04,15:27,ASD6F32,Nissan/Kicks,2025-08-29 06:04:00,2025-08-29 15:27:00,0 days 09:23:00,0,1,9.383333333333333,8,6,Friday,Sexta
29/08/2025,06:20,16:52,ZXC7V54,Fiat/Fastback,2025-08-29 06:20:00,2025-08-29 16:52:00,0 days 10:32:00,0,1,10.533333333333333,8,6,Friday,Sexta
29/08/2025,06:10,19:18,VBN8G76,Renault/Kwid,2025-08-29 06:10:00,2025-08-29 19:18:00,0 days 13:08:00,0,1,13.133333333333333,8,6,Friday,Sexta
29/08/2025,06:20,19:33,MNB9H98,Jeep/Compass,2025-08-29 06:20:00,2025-08-29 19:33:00,0 days 13:13:00,0,1,13.216666666666667,8,6,Friday,Sexta
29/08/2025,06:59,17:53,POI0J21,Peugeot/208,2025-08-29 06:59:00,2025-08-29 17:53:00,0 days 10:54:00,0,1,10.9,8,6,Friday,Sexta
29/08/2025,06:15,15:01,LKM1Z43,Citroen/C3,2025-08-29 06:15:00,2025-08-29 15:01:00,0 days 08:46:00,0,1,8.766666666666667,8,6,Friday,Sexta
29/08/2025,06:52,17:12,HGF2X65,BYD/Dolphin,2025-08-29 06:52:00,2025-08-29 17:12:00,0 days 10:20:00,0,1,10.333333333333334,8,6,Friday,Sexta
29/08/2025,06:29,15:35,QAZ3W87,Toyota/Etios,2025-08-29 06:29:00,2025-08-29 15:35:00,0 days 09:06:00,0,1,9.1,8,6,Friday,Sexta
29/08/2025,08:57,17:45,WSX4E09,Chevrolet/Cruze,2025-08-29 08:57:00,2025-08-29 17:45:00,0 days 08:48:00,0,1,8.8,8,8,Friday,Sexta
29/08/2025,08:56,19:48,EDC5R21,Volkswagen/Fox,2025-08-29 08:56:00,2025-08-29 19:48:00,0 days 10:52:00,0,1,10.866666666666667,8,8,Friday,Sexta
29/08/2025,09:00,17:52,RFV6T43,Hyundai/Tucson,2025-08-29 09:00:00,2025-08-29 17:52:00,0 days 08:52:00,0,1,8.866666666666667,8,9,Friday,Sexta
29/08/2025,08:56,15:05,TGB7Y65,Honda/Fit,2025-08-29 08:56:00,2025-08-29 15:05:00,0 days 06:09:00,0,1,6.15,8,8,Friday,Sexta
29/08/2025,08:12,17:18,YHN8U87,Nissan/March,2025-08-29 08:12:00,2025-08-29 17:18:00,0 days 09:06:00,0,1,9.1,8,8,Friday,Sexta
29/08/2025,09:54,19:41,UJM9I09,Fiat/Palio,2025-08-29 09:54:00,2025-08-29 19:41:00,0 days 09:47:00,0,1,9.783333333333333,8,9,Friday,Sexta
29/08/2025,08:14,18:14,IKL0O21,Renault/Sandero,2025-08-29 08:14:00,2025-08-29 18:14:00,0 days 10:00:00,0,1,10.0,8,8,Friday,Sexta
29/08/2025,09:27,15:02,OLP1P43,Jeep/Renegade,2025-08-29 09:27:00,2025-08-29 15:02:00,0 days 05:35:00,0,1,5.583333333333333,8,9,Friday,Sexta
29/08/2025,08:51,15:50,PAS2D65,Peugeot/308,2025-08-29 08:51:00,2025-08-29 15:50:00,0 days 06:59:00,0,1,6.983333333333333,8,8,Friday,Sexta
29/08/2025,09:15,16:42,DFG3S87,Citroen/C4,2025-08-29 09:15:00,2025-08-29 16:42:00,0 days 07:27:00,0,1,7.45,8,9,Friday,Sexta
29/08/2025,08:09,18:59,SDF4G09,Ford/Focus,2025-08-29 08:09:00,2025-08-29 18:59:00,0 days 10:50:00,0,1,10.833333333333334,8,8,Friday,Sexta
29/08/2025,09:17,19:05,GHG5H21,Kia/Soul,2025-08-29 09:17:00,2025-08-29 19:05:00,0 days 09:48:00,0,1,9.8,8,9,Friday,Sexta
29/08/2025,09:35,15:15,HJK6J43,Mitsubishi/ASX,2025-08-29 09:35:00,2025-08-29 15:15:00,0 days 05:40:00,0,1,5.666666666666667,8,9,Friday,Sexta
29/08/2025,10:06,19:52,JKL7K65,Suzuki/Swift,2025-08-29 10:06:00,2025-08-29 19:52:00,0 days 09:46:00,0,1,9.766666666666667,8,10,Friday,Sexta
29/08/2025,08:43,18:56,AJC7M65,Chevrolet/Celta,2025-08-29 08:43:00,2025-08-29 18:56:00,0 days 10:13:00,0,1,10.216666666666667,8,8,Friday,Sexta
29/08/2025,08:08,16:31,DEF7L65,Fiat/Uno,2025-08-29 08:08:00,2025-08-29 16:31:00,0 days 08:23:00,0,1,8.383333333333333,8,8,Friday,Sexta
29/08/2025,08:57,16:22,JBL7K65,Ford/Fiesta,2025-08-29 08:57:00,2025-08-29 16:22:00,0 days 07:25:00,0,1,7.416666666666667,8,8,Friday,Sexta
30/08/2025,09:10,15:29,WSX4E09,Chevrolet/Cruze,2025-08-30 09:10:00,2025-08-30 15:29:00,0 days 06:19:00,0,1,6.316666666666666,8,9,Saturday,Sábado
30/08/2025,08:43,19:20,RFV6T43,Hyundai/Tucson,2025-08-30 08:43:00,2025-08-30 19:20:00,0 days 10:37:00,0,1,10.616666666666667,8,8,Saturday,Sábado
30/08/2025,09:43,18:58,TGB7Y65,Honda/Fit,2025-08-30 09:43:00,2025-08-30 18:58:00,0 days 09:15:00,0,1,9.25,8,9,Saturday,Sábado
30/08/2025,08:55,18:58,YHN8U87,Nissan/March,2025-08-30 08:55:00,2025-08-30 18:58:00,0 days 10:03:00,0,1,10.05,8,8,Saturday,Sábado
30/08/2025,09:05,16:45,UJM9I09,Fiat/Palio,2025-08-30 09:05:00,2025-08-30 16:45:00,0 days 07:40:00,0,1,7.666666666666667,8,9,Saturday,Sábado
30/08/2025,09:52,16:20,OLP1P43,Jeep/Renegade,2025-08-30 09:52:00,2025-08-30 16:20:00,0 days 06:28:00,0,1,6.466666666666667,8,9,Saturday,Sábado
30/08/2025,09:30,16:25,PAS2D65,Peugeot/308,2025-08-30 09:30:00,2025-08-30 16:25:00,0 days 06:55:00,0,1,6.916666666666667,8,9,Saturday,Sábado
30/08/2025,08:45,16:13,DFG3S87,Citroen/C4,2025-08-30 08:45:00,2025-08-30 16:13:00,0 days 07:28:00,0,1,7.466666666666667,8,8,Saturday,Sábado
30/08/2025,09:44,15:03,SDF4G09,Ford/Focus,2025-08-30 09:44:00,2025-08-30 15:03:00,0 days 05:19:00,0,1,5.316666666666666,8,9,Saturday,Sábado
30/08/2025,09:59,17:08,GHG5H21,Kia/Soul,2025-08-30 09:59:00,2025-08-30 17:08:00,0 days 07:09:00,0,1,7.15,8,9,Saturday,Sábado
30/08/2025,09:24,18:25,HJK6J43,Mitsubishi/ASX,2025-08-30 09:24:00,2025-08-30 18:25:00,0 days 09:01:00,0,1,9.016666666666667,8,9,Saturday,Sábado
01/09/2025,06:36,16:03,ALC1D23,Toyota/Corolla,2025-09-01 06:36:00,2025-09-01 16:03:00,0 days 09:27:00,0,1,9.45,9,6,Monday,Segunda
01/09/2025,06:41,15:48,JDL2M45,Chevrolet/Onix,2025-09-01 06:41:00,2025-09-01 15:48:00,0 days 09:07:00,0,1,9.116666666666667,9,6,Monday,Segunda
01/09/2025,06:08,18:13,QWE3R67,Volkswagen/Polo,2025-09-01 06:08:00,2025-09-01 18:13:00,0 days 12:05:00,0,1,12.083333333333334,9,6,Monday,Segunda
01/09/2025,06:49,15:24,RTY4U89,Hyundai/HB20,2025-09-01 06:49:00,2025-09-01 15:24:00,0 days 08:35:00,0,1,8.583333333333334,9,6,Monday,Segunda
01/09/2025,06:48,17:26,UIO5P10,Honda/Civic,2025-09-01 06:48:00,2025-09-01 17:26:00,0 days 10:38:00,0,1,10.633333333333333,9,6,Monday,Segunda
01/09/2025,06:23,18:21,ASD6F32,Nissan/Kicks,2025-09-01 06:23:00,2025-09-01 18:21:00,0 days 11:58:00,0,1,11.966666666666667,9,6,Monday,Segunda
01/09/2025,06:23,15:10,ZXC7V54,Fiat/Fastback,2025-09-01 06:23:00,2025-09-01 15:10:00,0 days 08:47:00,0,1,8.783333333333333,9,6,Monday,Segunda
01/09/2025,06:51,16:14,VBN8G76,Renault/Kwid,2025-09-01 06:51:00,2025-09-01 16:14:00,0 days 09:23:00,0,1,9.383333333333333,9,6,Monday,Segunda
01/09/2025,06:55,18:02,MNB9H98,Jeep/Compass,2025-09-01 06:55:00,2025-09-01 18:02:00,0 days 11:07:00,0,1,11.116666666666667,9,6,Monday,Segunda
01/09/2025,06:49,19:36,POI0J21,Peugeot/208,2025-09-01 06:49:00,2025-09-01 19:36:00,0 days 12:47:00,0,1,12.783333333333333,9,6,Monday,Segunda
01/09/2025,06:23,15:35,LKM1Z43,Citroen/C3,2025-09-01 06:23:00,2025-09-01 15:35:00,0 days 09:12:00,0,1,9.2,9,6,Monday,Segunda
01/09/2025,06:48,16:26,HGF2X65,BYD/Dolphin,2025-09-01 06:48:00,2025-09-01 16:26:00,0 days 09:38:00,0,1,9.633333333333333,9,6,Monday,Segunda
01/09/2025,06:54,17:04,QAZ3W87,Toyota/Etios,2025-09-01 06:54:00,2025-09-01 17:04:00,0 days 10:10:00,0,1,10.166666666666666,9,6,Monday,Segunda
01/09/2025,09:50,16:17,WSX4E09,Chevrolet/Cruze,2025-09-01 09:50:00,2025-09-01 16:17:00,0 days 06:27:00,0,1,6.45,9,9,Monday,Segunda
01/09/2025,09:08,15:26,EDC5R21,Volkswagen/Fox,2025-09-01 09:08:00,2025-09-01 15:26:00,0 days 06:18:00,0,1,6.3,9,9,Monday,Segunda
01/09/2025,09:15,18:15,RFV6T43,Hyundai/Tucson,2025-09-01 09:15:00,2025-09-01 18:15:00,0 days 09:00:00,0,1,9.0,9,9,Monday,Segunda
01/09/2025,08:02,18:18,TGB7Y65,Honda/Fit,2025-09-01 08:02:00,2025-09-01 18:18:00,0 days 10:16:00,0,1,10.266666666666667,9,8,Monday,Segunda
01/09/2025,09:08,15:02,YHN8U87,Nissan/March,2025-09-01 09:08:00,2025-09-01 15:02:00,0 days 05:54:00,0,1,5.9,9,9,Monday,Segunda
01/09/2025,08:29,16:33,UJM9I09,Fiat/Palio,2025-09-01 08:29:00,2025-09-01 16:33:00,0 days 08:04:00,0,1,8.066666666666666,9,8,Monday,Segunda
01/09/2025,08:56,18:18,IKL0O21,Renault/Sandero,2025-09-01 08:56:00,2025-09-01 18:18:00,0 days 09:22:00,0,1,9.366666666666667,9,8,Monday,Segunda
01/09/2025,09:35,16:16,OLP1P43,Jeep/Renegade,2025-09-01 09:35:00,2025-09-01 16:16:00,0 days 06:41:00,0,1,6.683333333333334,9,9,Monday,Segunda
01/09/2025,08:50,17:18,PAS2D65,Peugeot/308,2025-09-01 08:50:00,2025-09-01 17:18:00,0 days 08:28:00,0,1,8.466666666666667,9,8,Monday,Segunda
01/09/2025,09:43,16:09,DFG3S87,Citroen/C4,2025-09-01 09:43:00,2025-09-01 16:09:00,0 days 06:26:00,0,1,6.433333333333334,9,9,Monday,Segunda
01/09/2025,08:38,18:32,SDF4G09,Ford/Focus,2025-09-01 08:38:00,2025-09-01 18:32:00,0 days 09:54:00,0,1,9.9,9,8,Monday,Segunda
01/09/2025,08:00,19:08,GHG5H21,Kia/Soul,2025-09-01 08:00:00,2025-09-01 19:08:00,0 days 11:08:00,0,1,11.133333333333333,9,8,Monday,Segunda
01/09/2025,08:01,19:34,HJK6J43,Mitsubishi/ASX,2025-09-01 08:01:00,2025-09-01 19:34:00,0 days 11:33:00,0,1,11.55,9,8,Monday,Segunda
01/09/2025,09:22,19:01,JKL7K65,Suzuki/Swift,2025-09-01 09:22:00,2025-09-01 19:01:00,0 days 09:39:00,0,1,9.65,9,9,Monday,Segunda
01/09/2025,10:52,15:06,AJC7M65,Chevrolet/Celta,2025-09-01 10:52:00,2025-09-01 15:06:00,0 days 04:14:00,0,1,4.233333333333333,9,10,Monday,Segunda
01/09/2025,09:22,18:48,DEF7L65,Fiat/Uno,2025-09-01 09:22:00,2025-09-01 18:48:00,0 days 09:26:00,0,1,9.433333333333334,9,9,Monday,Segunda
01/09/2025,08:09,17:58,JBL7K65,Ford/Fiesta,2025-09-01 08:09:00,2025-09-01 17:58:00,0 days 09:49:00,0,1,9.816666666666666,9,8,Monday,Segunda
02/09/2025,06:18,19:14,ALC1D23,Toyota/Corolla,2025-09-02 06:18:00,2025-09-02 19:14:00,0 days 12:56:00,0,1,12.933333333333334,9,6,Tuesday,Terça
02/09/2025,06:07,17:30,JDL2M45,Chevrolet/Onix,2025-09-02 06:07:00,2025-09-02 17:30:00,0 days 11:23:00,0,1,11.383333333333333,9,6,Tuesday,Terça
02/09/2025,06:55,15:47,QWE3R67,Volkswagen/Polo,2025-09-02 06:55:00,2025-09-02 15:47:00,0 days 08:52:00,0,1,8.866666666666667,9,6,Tuesday,Terça
02/09/2025,06:14,18:45,RTY4U89,Hyundai/HB20,2025-09-02 06:14:00,2025-09-02 18:45:00,0 days 12:31:00,0,1,12.516666666666667,9,6,Tuesday,Terça
02/09/2025,06:56,17:10,UIO5P10,Honda/Civic,2025-09-02 06:56:00,2025-09-02 17:10:00,0 days 10:14:00,0,1,10.233333333333333,9,6,Tuesday,Terça
02/09/2025,06:28,19:55,ASD6F32,Nissan/Kicks,2025-09-02 06:28:00,2025-09-02 19:55:00,0 days 13:27:00,0,1,13.45,9,6,Tuesday,Terça
02/09/2025,06:05,19:53,ZXC7V54,Fiat/Fastback,2025-09-02 06:05:00,2025-09-02 19:53:00,0 days 13:48:00,0,1,13.8,9,6,Tuesday,Terça
02/09/2025,06:11,16:29,VBN8G76,Renault/Kwid,2025-09-02 06:11:00,2025-09-02 16:29:00,0 days 10:18:00,0,1,10.3,9,6,Tuesday,Terça
02/09/2025,06:47,17:48,MNB9H98,Jeep/Compass,2025-09-02 06:47:00,2025-09-02 17:48:00,0 days 11:01:00,0,1,11.016666666666667,9,6,Tuesday,Terça
02/09/2025,06:26,16:07,POI0J21,Peugeot/208,2025-09-02 06:26:00,2025-09-02 16:07:00,0 days 09:41:00,0,1,9.683333333333334,9,6,Tuesday,Terça
02/09/2025,06:32,17:30,LKM1Z43,Citroen/C3,2025-09-02 06:32:00,2025-09-02 17:30:00,0 days 10:58:00,0,1,10.966666666666667,9,6,Tuesday,Terça
02/09/2025,06:06,17:47,HGF2X65,BYD/Dolphin,2025-09-02 06:06:00,2025-09-02 17:47:00,0 days 11:41:00,0,1,11.683333333333334,9,6,Tuesday,Terça
02/09/2025,06:20,18:02,QAZ3W87,Toyota/Etios,2025-09-02 06:20:00,2025-09-02 18:02:00,0 days 11:42:00,0,1,11.7,9,6,Tuesday,Terça
02/09/2025,08:26,18:05,WSX4E09,Chevrolet/Cruze,2025-09-02 08:26:00,2025-09-02 18:05:00,0 days 09:39:00,0,1,9.65,9,8,Tuesday,Terça
02/09/2025,09:22,15:06,EDC5R21,Volkswagen/Fox,2025-09-02 09:22:00,2025-09-02 15:06:00,0 days 05:44:00,0,1,5.733333333333333,9,9,Tuesday,Terça
02/09/2025,08:06,18:52,RFV6T43,Hyundai/Tucson,2025-09-02 08:06:00,2025-09-02 18:52:00,0 days 10:46:00,0,1,10.766666666666667,9,8,Tuesday,Terça
02/09/2025,09:20,18:36,TGB7Y65,Honda/Fit,2025-09-02 09:20:00,2025-09-02 18:36:00,0 days 09:16:00,0,1,9.266666666666667,9,9,Tuesday,Terça
02/09/2025,08:56,16:17,YHN8U87,Nissan/March,2025-09-02 08:56:00,2025-09-02 16:17:00,0 days 07:21:00,0,1,7.35,9,8,Tuesday,Terça
02/09/2025,08:41,15:49,UJM9I09,Fiat/Palio,2025-09-02 08:41:00,2025-09-02 15:49:00,0 days 07:08:00,0,1,7.133333333333334,9,8,Tuesday,Terça
02/09/2025,09:31,18:06,IKL0O21,Renault/Sandero,2025-09-02 09:31:00,2025-09-02 18:06:00,0 days 08:35:00,0,1,8.583333333333334,9,9,Tuesday,Terça
02/09/2025,08:21,17:40,OLP1P43,Jeep/Renegade,2025-09-02 08:21:00,2025-09-02 17:40:00,0 days 09:19:00,0,1,9.316666666666666,9,8,Tuesday,Terça
02/09/2025,08:18,18:26,PAS2D65,Peugeot/308,2025-09-02 08:18:00,2025-09-02 18:26:00,0 days 10:08:00,0,1,10.133333333333333,9,8,Tuesday,Terça
02/09/2025,09:28,17:35,DFG3S87,Citroen/C4,2025-09-02 09:28:00,2025-09-02 17:35:00,0 days 08:07:00,0,1,8.116666666666667,9,9,Tuesday,Terça
02/09/2025,08:28,15:29,SDF4G09,Ford/Focus,2025-09-02 08:28:00,2025-09-02 15:29:00,0 days 07:01:00,0,1,7.016666666666667,9,8,Tuesday,Terça
02/09/2025,08:42,17:20,GHG5H21,Kia/Soul,2025-09-02 08:42:00,2025-09-02 17:20:00,0 days 08:38:00,0,1,8.633333333333333,9,8,Tuesday,Terça
02/09/2025,08:33,17:10,HJK6J43,Mitsubishi/ASX,2025-09-02 08:33:00,2025-09-02 17:10:00,0 days 08:37:00,0,1,8.616666666666667,9,8,Tuesday,Terça
02/09/2025,08:57,17:54,JKL7K65,Suzuki/Swift,2025-09-02 08:57:00,2025-09-02 17:54:00,0 days 08:57:00,0,1,8.95,9,8,Tuesday,Terça
02/09/2025,08:11,19:56,AJC7M65,Chevrolet/Celta,2025-09-02 08:11:00,2025-09-02 19:56:00,0 days 11:45:00,0,1,11.75,9,8,Tuesday,Terça
02/09/2025,09:15,16:27,DEF7L65,Fiat/Uno,2025-09-02 09:15:00,2025-09-02 16:27:00,0 days 07:12:00,0,1,7.2,9,9,Tuesday,Terça
02/09/2025,08:57,15:04,JBL7K65,Ford/Fiesta,2025-09-02 08:57:00,2025-09-02 15:04:00,0 days 06:07:00,0,1,6.116666666666666,9,8,Tuesday,Terça
03/09/2025,06:29,19:49,ALC1D23,Toyota/Corolla,2025-09-03 06:29:00,2025-09-03 19:49:00,0 days 13:20:00,0,1,13.333333333333334,9,6,Wednesday,Quarta
03/09/2025,06:19,15:56,JDL2M45,Chevrolet/Onix,2025-09-03 06:19:00,2025-09-03 15:56:00,0 days 09:37:00,0,1,9.616666666666667,9,6,Wednesday,Quarta
03/09/2025,06:01,16:30,QWE3R67,Volkswagen/Polo,2025-09-03 06:01:00,2025-09-03 16:30:00,0 days 10:29:00,0,1,10.483333333333333,9,6,Wednesday,Quarta
03/09/2025,06:39,17:54,RTY4U89,Hyundai/HB20,2025-09-03 06:39:00,2025-09-03 17:54:00,0 days 11:15:00,0,1,11.25,9,6,Wednesday,Quarta
03/09/2025,06:55,19:20,UIO5P10,Honda/Civic,2025-09-03 06:55:00,2025-09-03 19:20:00,0 days 12:25:00,0,1,12.416666666666666,9,6,Wednesday,Quarta
03/09/2025,06:47,16:19,ASD6F32,Nissan/Kicks,2025-09-03 06:47:00,2025-09-03 16:19:00,0 days 09:32:00,0,1,9.533333333333333,9,6,Wednesday,Quarta
03/09/2025,06:49,15:48,ZXC7V54,Fiat/Fastback,2025-09-03 06:49:00,2025-09-03 15:48:00,0 days 08:59:00,0,1,8.983333333333333,9,6,Wednesday,Quarta
03/09/2025,06:00,17:41,VBN8G76,Renault/Kwid,2025-09-03 06:00:00,2025-09-03 17:41:00,0 days 11:41:00,0,1,11.683333333333334,9,6,Wednesday,Quarta
03/09/2025,06:09,17:00,MNB9H98,Jeep/Compass,2025-09-03 06:09:00,2025-09-03 17:00:00,0 days 10:51:00,0,1,10.85,9,6,Wednesday,Quarta
03/09/2025,06:42,15:19,POI0J21,Peugeot/208,2025-09-03 06:42:00,2025-09-03 15:19:00,0 days 08:37:00,0,1,8.616666666666667,9,6,Wednesday,Quarta
03/09/2025,06:59,19:48,LKM1Z43,Citroen/C3,2025-09-03 06:59:00,2025-09-03 19:48:00,0 days 12:49:00,0,1,12.816666666666666,9,6,Wednesday,Quarta
03/09/2025,06:32,17:26,HGF2X65,BYD/Dolphin,2025-09-03 06:32:00,2025-09-03 17:26:00,0 days 10:54:00,0,1,10.9,9,6,Wednesday,Quarta
03/09/2025,06:30,16:54,QAZ3W87,Toyota/Etios,2025-09-03 06:30:00,2025-09-03 16:54:00,0 days 10:24:00,0,1,10.4,9,6,Wednesday,Quarta
03/09/2025,09:57,18:21,WSX4E09,Chevrolet/Cruze,2025-09-03 09:57:00,2025-09-03 18:21:00,0 days 08:24:00,0,1,8.4,9,9,Wednesday,Quarta
03/09/2025,08:27,15:32,EDC5R21,Volkswagen/Fox,2025-09-03 08:27:00,2025-09-03 15:32:00,0 days 07:05:00,0,1,7.083333333333333,9,8,Wednesday,Quarta
03/09/2025,09:07,19:17,RFV6T43,Hyundai/Tucson,2025-09-03 09:07:00,2025-09-03 19:17:00,0 days 10:10:00,0,1,10.166666666666666,9,9,Wednesday,Quarta
03/09/2025,08:52,16:34,TGB7Y65,Honda/Fit,2025-09-03 08:52:00,2025-09-03 16:34:00,0 days 07:42:00,0,1,7.7,9,8,Wednesday,Quarta
03/09/2025,08:01,18:39,YHN8U87,Nissan/March,2025-09-03 08:01:00,2025-09-03 18:39:00,0 days 10:38:00,0,1,10.633333333333333,9,8,Wednesday,Quarta
03/09/2025,08:41,17:22,UJM9I09,Fiat/Palio,2025-09-03 08:41:00,2025-09-03 17:22:00,0 days 08:41:00,0,1,8.683333333333334,9,8,Wednesday,Quarta
03/09/2025,08:41,18:39,IKL0O21,Renault/Sandero,2025-09-03 08:41:00,2025-09-03 18:39:00,0 days 09:58:00,0,1,9.966666666666667,9,8,Wednesday,Quarta
03/09/2025,09:32,18:00,OLP1P43,Jeep/Renegade,2025-09-03 09:32:00,2025-09-03 18:00:00,0 days 08:28:00,0,1,8.466666666666667,9,9,Wednesday,Quarta
03/09/2025,08:07,17:40,PAS2D65,Peugeot/308,2025-09-03 08:07:00,2025-09-03 17:40:00,0 days 09:33:00,0,1,9.55,9,8,Wednesday,Quarta
03/09/2025,08:37,18:19,DFG3S87,Citroen/C4,2025-09-03 08:37:00,2025-09-03 18:19:00,0 days 09:42:00,0,1,9.7,9,8,Wednesday,Quarta
03/09/2025,09:25,15:07,SDF4G09,Ford/Focus,2025-09-03 09:25:00,2025-09-03 15:07:00,0 days 05:42:00,0,1,5.7,9,9,Wednesday,Quarta
03/09/2025,08:21,17:52,GHG5H21,Kia/Soul,2025-09-03 08:21:00,2025-09-03 17:52:00,0 days 09:31:00,0,1,9.516666666666667,9,8,Wednesday,Quarta
03/09/2025,09:55,17:05,HJK6J43,Mitsubishi/ASX,2025-09-03 09:55:00,2025-09-03 17:05:00,0 days 07:10:00,0,1,7.166666666666667,9,9,Wednesday,Quarta
03/09/2025,10:03,17:51,JKL7K65,Suzuki/Swift,2025-09-03 10:03:00,2025-09-03 17:51:00,0 days 07:48:00,0,1,7.8,9,10,Wednesday,Quarta
03/09/2025,09:35,17:09,AJC7M65,Chevrolet/Celta,2025-09-03 09:35:00,2025-09-03 17:09:00,0 days 07:34:00,0,1,7.566666666666666,9,9,Wednesday,Quarta
03/09/2025,09:21,15:06,DEF7L65,Fiat/Uno,2025-09-03 09:21:00,2025-09-03 15:06:00,0 days 05:45:00,0,1,5.75,9,9,Wednesday,Quarta
03/09/2025,09:46,15:21,JBL7K65,Ford/Fiesta,2025-09-03 09:46:00,2025-09-03 15:21:00,0 days 05:35:00,0,1,5.583333333333333,9,9,Wednesday,Quarta
04/09/2025,06:54,19:03,ALC1D23,Toyota/Corolla,2025-09-04 06:54:00,2025-09-04 19:03:00,0 days 12:09:00,0,1,12.15,9,6,Thursday,Quinta
04/09/2025,06:37,16:32,JDL2M45,Chevrolet/Onix,2025-09-04 06:37:00,2025-09-04 16:32:00,0 days 09:55:00,0,1,9.916666666666666,9,6,Thursday,Quinta
04/09/2025,06:54,18:15,QWE3R67,Volkswagen/Polo,2025-09-04 06:54:00,2025-09-04 18:15:00,0 days 11:21:00,0,1,11.35,9,6,Thursday,Quinta
04/09/2025,06:03,19:09,RTY4U89,Hyundai/HB20,2025-09-04 06:03:00,2025-09-04 19:09:00,0 days 13:06:00,0,1,13.1,9,6,Thursday,Quinta
04/09/2025,06:17,18:45,UIO5P10,Honda/Civic,2025-09-04 06:17:00,2025-09-04 18:45:00,0 days 12:28:00,0,1,12.466666666666667,9,6,Thursday,Quinta
04/09/2025,06:38,19:14,ASD6F32,Nissan/Kicks,2025-09-04 06:38:00,2025-09-04 19:14:00,0 days 12:36:00,0,1,12.6,9,6,Thursday,Quinta
04/09/2025,06:46,18:01,ZXC7V54,Fiat/Fastback,2025-09-04 06:46:00,2025-09-04 18:01:00,0 days 11:15:00,0,1,11.25,9,6,Thursday,Quinta
04/09/2025,06:10,15:49,VBN8G76,Renault/Kwid,2025-09-04 06:10:00,2025-09-04 15:49:00,0 days 09:39:00,0,1,9.65,9,6,Thursday,Quinta
04/09/2025,06:59,17:41,MNB9H98,Jeep/Compass,2025-09-04 06:59:00,2025-09-04 17:41:00,0 days 10:42:00,0,1,10.7,9,6,Thursday,Quinta
04/09/2025,06:49,18:11,POI0J21,Peugeot/208,2025-09-04 06:49:00,2025-09-04 18:11:00,0 days 11:22:00,0,1,11.366666666666667,9,6,Thursday,Quinta
04/09/2025,06:43,17:00,LKM1Z43,Citroen/C3,2025-09-04 06:43:00,2025-09-04 17:00:00,0 days 10:17:00,0,1,10.283333333333333,9,6,Thursday,Quinta
04/09/2025,06:27,16:00,HGF2X65,BYD/Dolphin,2025-09-04 06:27:00,2025-09-04 16:00:00,0 days 09:33:00,0,1,9.55,9,6,Thursday,Quinta
04/09/2025,06:57,18:12,QAZ3W87,Toyota/Etios,2025-09-04 06:57:00,2025-09-04 18:12:00,0 days 11:15:00,0,1,11.25,9,6,Thursday,Quinta
04/09/2025,09:59,18:06,WSX4E09,Chevrolet/Cruze,2025-09-04 09:59:00,2025-09-04 18:06:00,0 days 08:07:00,0,1,8.116666666666667,9,9,Thursday,Quinta
04/09/2025,08:31,18:44,EDC5R21,Volkswagen/Fox,2025-09-04 08:31:00,2025-09-04 18:44:00,0 days 10:13:00,0,1,10.216666666666667,9,8,Thursday,Quinta
04/09/2025,09:08,18:33,RFV6T43,Hyundai/Tucson,2025-09-04 09:08:00,2025-09-04 18:33:00,0 days 09:25:00,0,1,9.416666666666666,9,9,Thursday,Quinta
04/09/2025,08:43,19:28,TGB7Y65,Honda/Fit,2025-09-04 08:43:00,2025-09-04 19:28:00,0 days 10:45:00,0,1,10.75,9,8,Thursday,Quinta
04/09/2025,09:41,17:26,YHN8U87,Nissan/March,2025-09-04 09:41:00,2025-09-04 17:26:00,0 days 07:45:00,0,1,7.75,9,9,Thursday,Quinta
04/09/2025,09:15,17:24,UJM9I09,Fiat/Palio,2025-09-04 09:15:00,2025-09-04 17:24:00,0 days 08:09:00,0,1,8.15,9,9,Thursday,Quinta
04/09/2025,08:39,18:56,IKL0O21,Renault/Sandero,2025-09-04 08:39:00,2025-09-04 18:56:00,0 days 10:17:00,0,1,10.283333333333333,9,8,Thursday,Quinta
04/09/2025,08:51,18:22,OLP1P43,Jeep/Renegade,2025-09-04 08:51:00,2025-09-04 18:22:00,0 days 09:31:00,0,1,9.516666666666667,9,8,Thursday,Quinta
04/09/2025,09:12,18:15,PAS2D65,Peugeot/308,2025-09-04 09:12:00,2025-09-04 18:15:00,0 days 09:03:00,0,1,9.05,9,9,Thursday,Quinta
04/09/2025,09:13,17:45,DFG3S87,Citroen/C4,2025-09-04 09:13:00,2025-09-04 17:45:00,0 days 08:32:00,0,1,8.533333333333333,9,9,Thursday,Quinta
04/09/2025,09:59,16:35,SDF4G09,Ford/Focus,2025-09-04 09:59:00,2025-09-04 16:35:00,0 days 06:36:00,0,1,6.6,9,9,Thursday,Quinta
04/09/2025,09:39,15:21,GHG5H21,Kia/Soul,2025-09-04 09:39:00,2025-09-04 15:21:00,0 days 05:42:00,0,1,5.7,9,9,Thursday,Quinta
04/09/2025,08:06,16:55,HJK6J43,Mitsubishi/ASX,2025-09-04 08:06:00,2025-09-04 16:55:00,0 days 08:49:00,0,1,8.816666666666666,9,8,Thursday,Quinta
04/09/2025,10:02,17:11,JKL7K65,Suzuki/Swift,2025-09-04 10:02:00,2025-09-04 17:11:00,0 days 07:09:00,0,1,7.15,9,10,Thursday,Quinta
04/09/2025,10:29,16:52,AJC7M65,Chevrolet/Celta,2025-09-04 10:29:00,2025-09-04 16:52:00,0 days 06:23:00,0,1,6.383333333333334,9,10,Thursday,Quinta
04/09/2025,09:17,19:25,DEF7L65,Fiat/Uno,2025-09-04 09:17:00,2025-09-04 19:25:00,0 days 10:08:00,0,1,10.133333333333333,9,9,Thursday,Quinta
04/09/2025,09:56,15:24,JBL7K65,Ford/Fiesta,2025-09-04 09:56:00,2025-09-04 15:24:00,0 days 05:28:00,0,1,5.466666666666667,9,9,Thursday,Quinta
05/09/2025,06:58,16:30,ALC1D23,Toyota/Corolla,2025-09-05 06:58:00,2025-09-05 16:30:00,0 days 09:32:00,0,1,9.533333333333333,9,6,Friday,Sexta
05/09/2025,06:03,16:47,JDL2M45,Chevrolet/Onix,2025-09-05 06:03:00,2025-09-05 16:47:00,0 days 10:44:00,0,1,10.733333333333333,9,6,Friday,Sexta
05/09/2025,06:47,16:31,QWE3R67,Volkswagen/Polo,2025-09-05 06:47:00,2025-09-05 16:31:00,0 days 09:44:00,0,1,9.733333333333333,9,6,Friday,Sexta
05/09/2025,06:50,19:31,RTY4U89,Hyundai/HB20,2025-09-05 06:50:00,2025-09-05 19:31:00,0 days 12:41:00,0,1,12.683333333333334,9,6,Friday,Sexta
05/09/2025,06:54,17:21,UIO5P10,Honda/Civic,2025-09-05 06:54:00,2025-09-05 17:21:00,0 days 10:27:00,0,1,10.45,9,6,Friday,Sexta
05/09/2025,06:25,17:29,ASD6F32,Nissan/Kicks,2025-09-05 06:25:00,2025-09-05 17:29:00,0 days 11:04:00,0,1,11.066666666666666,9,6,Friday,Sexta
05/09/2025,06:55,16:55,ZXC7V54,Fiat/Fastback,2025-09-05 06:55:00,2025-09-05 16:55:00,0 days 10:00:00,0,1,10.0,9,6,Friday,Sexta
05/09/2025,06:07,18:26,VBN8G76,Renault/Kwid,2025-09-05 06:07:00,2025-09-05 18:26:00,0 days 12:19:00,0,1,12.316666666666666,9,6,Friday,Sexta
05/09/2025,06:54,16:30,MNB9H98,Jeep/Compass,2025-09-05 06:54:00,2025-09-05 16:30:00,0 days 09:36:00,0,1,9.6,9,6,Friday,Sexta
05/09/2025,06:51,15:07,POI0J21,Peugeot/208,2025-09-05 06:51:00,2025-09-05 15:07:00,0 days 08:16:00,0,1,8.266666666666667,9,6,Friday,Sexta
05/09/2025,06:20,16:59,LKM1Z43,Citroen/C3,2025-09-05 06:20:00,2025-09-05 16:59:00,0 days 10:39:00,0,1,10.65,9,6,Friday,Sexta
05/09/2025,06:03,15:48,HGF2X65,BYD/Dolphin,2025-09-05 06:03:00,2025-09-05 15:48:00,0 days 09:45:00,0,1,9.75,9,6,Friday,Sexta
05/09/2025,06:44,17:21,QAZ3W87,Toyota/Etios,2025-09-05 06:44:00,2025-09-05 17:21:00,0 days 10:37:00,0,1,10.616666666666667,9,6,Friday,Sexta
05/09/2025,09:09,18:08,WSX4E09,Chevrolet/Cruze,2025-09-05 09:09:00,2025-09-05 18:08:00,0 days 08:59:00,0,1,8.983333333333333,9,9,Friday,Sexta
05/09/2025,08:02,17:14,EDC5R21,Volkswagen/Fox,2025-09-05 08:02:00,2025-09-05 17:14:00,0 days 09:12:00,0,1,9.2,9,8,Friday,Sexta
05/09/2025,08:35,19:51,RFV6T43,Hyundai/Tucson,2025-09-05 08:35:00,2025-09-05 19:51:00,0 days 11:16:00,0,1,11.266666666666667,9,8,Friday,Sexta
05/09/2025,09:39,17:55,TGB7Y65,Honda/Fit,2025-09-05 09:39:00,2025-09-05 17:55:00,0 days 08:16:00,0,1,8.266666666666667,9,9,Friday,Sexta
05/09/2025,08:46,19:29,YHN8U87,Nissan/March,2025-09-05 08:46:00,2025-09-05 19:29:00,0 days 10:43:00,0,1,10.716666666666667,9,8,Friday,Sexta
05/09/2025,08:03,17:36,UJM9I09,Fiat/Palio,2025-09-05 08:03:00,2025-09-05 17:36:00,0 days 09:33:00,0,1,9.55,9,8,Friday,Sexta
05/09/2025,09:17,19:36,IKL0O21,Renault/Sandero,2025-09-05 09:17:00,2025-09-05 19:36:00,0 days 10:19:00,0,1,10.316666666666666,9,9,Friday,Sexta
05/09/2025,09:32,17:11,OLP1P43,Jeep/Renegade,2025-09-05 09:32:00,2025-09-05 17:11:00,0 days 07:39:00,0,1,7.65,9,9,Friday,Sexta
05/09/2025,08:03,18:48,PAS2D65,Peugeot/308,2025-09-05 08:03:00,2025-09-05 18:48:00,0 days 10:45:00,0,1,10.75,9,8,Friday,Sexta
05/09/2025,08:12,19:17,DFG3S87,Citroen/C4,2025-09-05 08:12:00,2025-09-05 19:17:00,0 days 11:05:00,0,1,11.083333333333334,9,8,Friday,Sexta
05/09/2025,09:30,18:42,SDF4G09,Ford/Focus,2025-09-05 09:30:00,2025-09-05 18:42:00,0 days 09:12:00,0,1,9.2,9,9,Friday,Sexta
05/09/2025,08:33,16:03,GHG5H21,Kia/Soul,2025-09-05 08:33:00,2025-09-05 16:03:00,0 days 07:30:00,0,1,7.5,9,8,Friday,Sexta
05/09/2025,08:23,18:35,HJK6J43,Mitsubishi/ASX,2025-09-05 08:23:00,2025-09-05 18:35:00,0 days 10:12:00,0,1,10.2,9,8,Friday,Sexta
05/09/2025,10:40,19:49,JKL7K65,Suzuki/Swift,2025-09-05 10:40:00,2025-09-05 19:49:00,0 days 09:09:00,0,1,9.15,9,10,Friday,Sexta
05/09/2025,08:44,18:40,AJC7M65,Chevrolet/Celta,2025-09-05 08:44:00,2025-09-05 18:40:00,0 days 09:56:00,0,1,9.933333333333334,9,8,Friday,Sexta
05/09/2025,10:31,18:55,DEF7L65,Fiat/Uno,2025-09-05 10:31:00,2025-09-05 18:55:00,0 days 08:24:00,0,1,8.4,9,10,Friday,Sexta
05/09/2025,08:44,17:50,JBL7K65,Ford/Fiesta,2025-09-05 08:44:00,2025-09-05 17:50:00,0 days 09:06:00,0,1,9.1,9,8,Friday,Sexta
06/09/2025,08:54,17:35,WSX4E09,Chevrolet/Cruze,2025-09-06 08:54:00,2025-09-06 17:35:00,0 days 08:41:00,0,1,8.683333333333334,9,8,Saturday,Sábado
06/09/2025,09:37,17:41,EDC5R21,Volkswagen/Fox,2025-09-06 09:37:00,2025-09-06 17:41:00,0 days 08:04:00,0,1,8.066666666666666,9,9,Saturday,Sábado
06/09/2025,08:33,15:37,RFV6T43,Hyundai/Tucson,2025-09-06 08:33:00,2025-09-06 15:37:00,0 days 07:04:00,0,1,7.066666666666666,9,8,Saturday,Sábado
06/09/2025,08:50,18:43,TGB7Y65,Honda/Fit,2025-09-06 08:50:00,2025-09-06 18:43:00,0 days 09:53:00,0,1,9.883333333333333,9,8,Saturday,Sábado
06/09/2025,08:22,15:31,YHN8U87,Nissan/March,2025-09-06 08:22:00,2025-09-06 15:31:00,0 days 07:09:00,0,1,7.15,9,8,Saturday,Sábado
06/09/2025,08:15,16:28,DFG3S87,Citroen/C4,2025-09-06 08:15:00,2025-09-06 16:28:00,0 days 08:13:00,0,1,8.216666666666667,9,8,Saturday,Sábado
06/09/2025,08:27,17:44,SDF4G09,Ford/Focus,2025-09-06 08:27:00,2025-09-06 17:44:00,0 days 09:17:00,0,1,9.283333333333333,9,8,Saturday,Sábado
06/09/2025,08:37,19:37,HJK6J43,Mitsubishi/ASX,2025-09-06 08:37:00,2025-09-06 19:37:00,0 days 11:00:00,0,1,11.0,9,8,Saturday,Sábado
08/09/2025,06:45,18:19,ALC1D23,Toyota/Corolla,2025-09-08 06:45:00,2025-09-08 18:19:00,0 days 11:34:00,0,1,11.566666666666666,9,6,Monday,Segunda
08/09/2025,06:34,16:07,JDL2M45,Chevrolet/Onix,2025-09-08 06:34:00,2025-09-08 16:07:00,0 days 09:33:00,0,1,9.55,9,6,Monday,Segunda
08/09/2025,06:02,17:38,QWE3R67,Volkswagen/Polo,2025-09-08 06:02:00,2025-09-08 17:38:00,0 days 11:36:00,0,1,11.6,9,6,Monday,Segunda
08/09/2025,06:52,15:16,RTY4U89,Hyundai/HB20,2025-09-08 06:52:00,2025-09-08 15:16:00,0 days 08:24:00,0,1,8.4,9,6,Monday,Segunda
08/09/2025,06:52,19:30,UIO5P10,Honda/Civic,2025-09-08 06:52:00,2025-09-08 19:30:00,0 days 12:38:00,0,1,12.633333333333333,9,6,Monday,Segunda
08/09/2025,06:23,19:48,ASD6F32,Nissan/Kicks,2025-09-08 06:23:00,2025-09-08 19:48:00,0 days 13:25:00,0,1,13.416666666666666,9,6,Monday,Segunda
08/09/2025,06:07,16:48,ZXC7V54,Fiat/Fastback,2025-09-08 06:07:00,2025-09-08 16:48:00,0 days 10:41:00,0,1,10.683333333333334,9,6,Monday,Segunda
08/09/2025,06:26,18:37,VBN8G76,Renault/Kwid,2025-09-08 06:26:00,2025-09-08 18:37:00,0 days 12:11:00,0,1,12.183333333333334,9,6,Monday,Segunda
08/09/2025,06:36,15:46,MNB9H98,Jeep/Compass,2025-09-08 06:36:00,2025-09-08 15:46:00,0 days 09:10:00,0,1,9.166666666666666,9,6,Monday,Segunda
08/09/2025,06:39,15:26,POI0J21,Peugeot/208,2025-09-08 06:39:00,2025-09-08 15:26:00,0 days 08:47:00,0,1,8.783333333333333,9,6,Monday,Segunda
08/09/2025,06:48,15:03,LKM1Z43,Citroen/C3,2025-09-08 06:48:00,2025-09-08 15:03:00,0 days 08:15:00,0,1,8.25,9,6,Monday,Segunda
08/09/2025,06:40,17:44,HGF2X65,BYD/Dolphin,2025-09-08 06:40:00,2025-09-08 17:44:00,0 days 11:04:00,0,1,11.066666666666666,9,6,Monday,Segunda
08/09/2025,06:15,19:37,QAZ3W87,Toyota/Etios,2025-09-08 06:15:00,2025-09-08 19:37:00,0 days 13:22:00,0,1,13.366666666666667,9,6,Monday,Segunda
08/09/2025,08:42,16:14,WSX4E09,Chevrolet/Cruze,2025-09-08 08:42:00,2025-09-08 16:14:00,0 days 07:32:00,0,1,7.533333333333333,9,8,Monday,Segunda
08/09/2025,08:22,18:57,EDC5R21,Volkswagen/Fox,2025-09-08 08:22:00,2025-09-08 18:57:00,0 days 10:35:00,0,1,10.583333333333334,9,8,Monday,Segunda
08/09/2025,09:47,16:41,RFV6T43,Hyundai/Tucson,2025-09-08 09:47:00,2025-09-08 16:41:00,0 days 06:54:00,0,1,6.9,9,9,Monday,Segunda
08/09/2025,08:34,17:41,TGB7Y65,Honda/Fit,2025-09-08 08:34:00,2025-09-08 17:41:00,0 days 09:07:00,0,1,9.116666666666667,9,8,Monday,Segunda
08/09/2025,08:45,16:48,YHN8U87,Nissan/March,2025-09-08 08:45:00,2025-09-08 16:48:00,0 days 08:03:00,0,1,8.05,9,8,Monday,Segunda
08/09/2025,09:30,18:32,UJM9I09,Fiat/Palio,2025-09-08 09:30:00,2025-09-08 18:32:00,0 days 09:02:00,0,1,9.033333333333333,9,9,Monday,Segunda
08/09/2025,09:49,19:47,IKL0O21,Renault/Sandero,2025-09-08 09:49:00,2025-09-08 19:47:00,0 days 09:58:00,0,1,9.966666666666667,9,9,Monday,Segunda
08/09/2025,09:51,17:17,OLP1P43,Jeep/Renegade,2025-09-08 09:51:00,2025-09-08 17:17:00,0 days 07:26:00,0,1,7.433333333333334,9,9,Monday,Segunda
08/09/2025,09:49,15:52,PAS2D65,Peugeot/308,2025-09-08 09:49:00,2025-09-08 15:52:00,0 days 06:03:00,0,1,6.05,9,9,Monday,Segunda
08/09/2025,09:07,16:28,DFG3S87,Citroen/C4,2025-09-08 09:07:00,2025-09-08 16:28:00,0 days 07:21:00,0,1,7.35,9,9,Monday,Segunda
08/09/2025,08:00,16:33,SDF4G09,Ford/Focus,2025-09-08 08:00:00,2025-09-08 16:33:00,0 days 08:33:00,0,1,8.55,9,8,Monday,Segunda
08/09/2025,08:36,17:32,GHG5H21,Kia/Soul,2025-09-08 08:36:00,2025-09-08 17:32:00,0 days 08:56:00,0,1,8.933333333333334,9,8,Monday,Segunda
08/09/2025,08:58,16:27,HJK6J43,Mitsubishi/ASX,2025-09-08 08:58:00,2025-09-08 16:27:00,0 days 07:29:00,0,1,7.483333333333333,9,8,Monday,Segunda
08/09/2025,08:05,19:15,JKL7K65,Suzuki/Swift,2025-09-08 08:05:00,2025-09-08 19:15:00,0 days 11:10:00,0,1,11.166666666666666,9,8,Monday,Segunda
08/09/2025,10:32,15:22,AJC7M65,Chevrolet/Celta,2025-09-08 10:32:00,2025-09-08 15:22:00,0 days 04:50:00,0,1,4.833333333333333,9,10,Monday,Segunda
08/09/2025,08:25,19:55,DEF7L65,Fiat/Uno,2025-09-08 08:25:00,2025-09-08 19:55:00,0 days 11:30:00,0,1,11.5,9,8,Monday,Segunda
08/09/2025,10:25,18:14,JBL7K65,Ford/Fiesta,2025-09-08 10:25:00,2025-09-08 18:14:00,0 days 07:49:00,0,1,7.816666666666666,9,10,Monday,Segunda
09/09/2025,06:02,19:01,ALC1D23,Toyota/Corolla,2025-09-09 06:02:00,2025-09-09 19:01:00,0 days 12:59:00,0,1,12.983333333333333,9,6,Tuesday,Terça
09/09/2025,06:51,15:07,JDL2M45,Chevrolet/Onix,2025-09-09 06:51:00,2025-09-09 15:07:00,0 days 08:16:00,0,1,8.266666666666667,9,6,Tuesday,Terça
09/09/2025,06:12,16:25,QWE3R67,Volkswagen/Polo,2025-09-09 06:12:00,2025-09-09 16:25:00,0 days 10:13:00,0,1,10.216666666666667,9,6,Tuesday,Terça
09/09/2025,06:45,16:48,RTY4U89,Hyundai/HB20,2025-09-09 06:45:00,2025-09-09 16:48:00,0 days 10:03:00,0,1,10.05,9,6,Tuesday,Terça
09/09/2025,06:57,16:35,UIO5P10,Honda/Civic,2025-09-09 06:57:00,2025-09-09 16:35:00,0 days 09:38:00,0,1,9.633333333333333,9,6,Tuesday,Terça
09/09/2025,06:34,19:39,ASD6F32,Nissan/Kicks,2025-09-09 06:34:00,2025-09-09 19:39:00,0 days 13:05:00,0,1,13.083333333333334,9,6,Tuesday,Terça
09/09/2025,06:48,17:25,ZXC7V54,Fiat/Fastback,2025-09-09 06:48:00,2025-09-09 17:25:00,0 days 10:37:00,0,1,10.616666666666667,9,6,Tuesday,Terça
09/09/2025,06:38,17:02,VBN8G76,Renault/Kwid,2025-09-09 06:38:00,2025-09-09 17:02:00,0 days 10:24:00,0,1,10.4,9,6,Tuesday,Terça
09/09/2025,06:21,16:55,MNB9H98,Jeep/Compass,2025-09-09 06:21:00,2025-09-09 16:55:00,0 days 10:34:00,0,1,10.566666666666666,9,6,Tuesday,Terça
09/09/2025,06:16,16:53,POI0J21,Peugeot/208,2025-09-09 06:16:00,2025-09-09 16:53:00,0 days 10:37:00,0,1,10.616666666666667,9,6,Tuesday,Terça
09/09/2025,06:25,16:34,LKM1Z43,Citroen/C3,2025-09-09 06:25:00,2025-09-09 16:34:00,0 days 10:09:00,0,1,10.15,9,6,Tuesday,Terça
09/09/2025,06:02,17:25,HGF2X65,BYD/Dolphin,2025-09-09 06:02:00,2025-09-09 17:25:00,0 days 11:23:00,0,1,11.383333333333333,9,6,Tuesday,Terça
09/09/2025,06:56,19:11,QAZ3W87,Toyota/Etios,2025-09-09 06:56:00,2025-09-09 19:11:00,0 days 12:15:00,0,1,12.25,9,6,Tuesday,Terça
09/09/2025,09:35,16:22,WSX4E09,Chevrolet/Cruze,2025-09-09 09:35:00,2025-09-09 16:22:00,0 days 06:47:00,0,1,6.783333333333333,9,9,Tuesday,Terça
09/09/2025,09:25,19:24,EDC5R21,Volkswagen/Fox,2025-09-09 09:25:00,2025-09-09 19:24:00,0 days 09:59:00,0,1,9.983333333333333,9,9,Tuesday,Terça
09/09/2025,08:30,19:01,RFV6T43,Hyundai/Tucson,2025-09-09 08:30:00,2025-09-09 19:01:00,0 days 10:31:00,0,1,10.516666666666667,9,8,Tuesday,Terça
09/09/2025,08:27,17:44,TGB7Y65,Honda/Fit,2025-09-09 08:27:00,2025-09-09 17:44:00,0 days 09:17:00,0,1,9.283333333333333,9,8,Tuesday,Terça
09/09/2025,08:37,16:48,YHN8U87,Nissan/March,2025-09-09 08:37:00,2025-09-09 16:48:00,0 days 08:11:00,0,1,8.183333333333334,9,8,Tuesday,Terça
09/09/2025,08:59,18:06,UJM9I09,Fiat/Palio,2025-09-09 08:59:00,2025-09-09 18:06:00,0 days 09:07:00,0,1,9.116666666666667,9,8,Tuesday,Terça
09/09/2025,09:19,18:50,IKL0O21,Renault/Sandero,2025-09-09 09:19:00,2025-09-09 18:50:00,0 days 09:31:00,0,1,9.516666666666667,9,9,Tuesday,Terça
09/09/2025,08:26,17:12,OLP1P43,Jeep/Renegade,2025-09-09 08:26:00,2025-09-09 17:12:00,0 days 08:46:00,0,1,8.766666666666667,9,8,Tuesday,Terça
09/09/2025,08:11,19:09,PAS2D65,Peugeot/308,2025-09-09 08:11:00,2025-09-09 19:09:00,0 days 10:58:00,0,1,10.966666666666667,9,8,Tuesday,Terça
09/09/2025,09:10,19:57,DFG3S87,Citroen/C4,2025-09-09 09:10:00,2025-09-09 19:57:00,0 days 10:47:00,0,1,10.783333333333333,9,9,Tuesday,Terça
09/09/2025,09:23,17:22,SDF4G09,Ford/Focus,2025-09-09 09:23:00,2025-09-09 17:22:00,0 days 07:59:00,0,1,7.983333333333333,9,9,Tuesday,Terça
09/09/2025,08:36,18:52,GHG5H21,Kia/Soul,2025-09-09 08:36:00,2025-09-09 18:52:00,0 days 10:16:00,0,1,10.266666666666667,9,8,Tuesday,Terça
09/09/2025,08:42,16:35,HJK6J43,Mitsubishi/ASX,2025-09-09 08:42:00,2025-09-09 16:35:00,0 days 07:53:00,0,1,7.883333333333334,9,8,Tuesday,Terça
09/09/2025,09:43,19:41,JKL7K65,Suzuki/Swift,2025-09-09 09:43:00,2025-09-09 19:41:00,0 days 09:58:00,0,1,9.966666666666667,9,9,Tuesday,Terça
09/09/2025,08:17,16:02,AJC7M65,Chevrolet/Celta,2025-09-09 08:17:00,2025-09-09 16:02:00,0 days 07:45:00,0,1,7.75,9,8,Tuesday,Terça
09/09/2025,10:31,18:19,DEF7L65,Fiat/Uno,2025-09-09 10:31:00,2025-09-09 18:19:00,0 days 07:48:00,0,1,7.8,9,10,Tuesday,Terça
09/09/2025,09:18,15:26,JBL7K65,Ford/Fiesta,2025-09-09 09:18:00,2025-09-09 15:26:00,0 days 06:08:00,0,1,6.133333333333334,9,9,Tuesday,Terça
10/09/2025,06:02,15:57,ALC1D23,Toyota/Corolla,2025-09-10 06:02:00,2025-09-10 15:57:00,0 days 09:55:00,0,1,9.916666666666666,9,6,Wednesday,Quarta
10/09/2025,06:50,19:46,JDL2M45,Chevrolet/Onix,2025-09-10 06:50:00,2025-09-10 19:46:00,0 days 12:56:00,0,1,12.933333333333334,9,6,Wednesday,Quarta
10/09/2025,06:24,19:46,QWE3R67,Volkswagen/Polo,2025-09-10 06:24:00,2025-09-10 19:46:00,0 days 13:22:00,0,1,13.366666666666667,9,6,Wednesday,Quarta
10/09/2025,06:31,19:40,RTY4U89,Hyundai/HB20,2025-09-10 06:31:00,2025-09-10 19:40:00,0 days 13:09:00,0,1,13.15,9,6,Wednesday,Quarta
10/09/2025,06:48,19:59,UIO5P10,Honda/Civic,2025-09-10 06:48:00,2025-09-10 19:59:00,0 days 13:11:00,0,1,13.183333333333334,9,6,Wednesday,Quarta
10/09/2025,06:36,16:55,ASD6F32,Nissan/Kicks,2025-09-10 06:36:00,2025-09-10 16:55:00,0 days 10:19:00,0,1,10.316666666666666,9,6,Wednesday,Quarta
10/09/2025,06:34,15:32,ZXC7V54,Fiat/Fastback,2025-09-10 06:34:00,2025-09-10 15:32:00,0 days 08:58:00,0,1,8.966666666666667,9,6,Wednesday,Quarta
10/09/2025,06:23,18:22,VBN8G76,Renault/Kwid,2025-09-10 06:23:00,2025-09-10 18:22:00,0 days 11:59:00,0,1,11.983333333333333,9,6,Wednesday,Quarta
10/09/2025,06:54,15:04,MNB9H98,Jeep/Compass,2025-09-10 06:54:00,2025-09-10 15:04:00,0 days 08:10:00,0,1,8.166666666666666,9,6,Wednesday,Quarta
10/09/2025,06:04,18:10,POI0J21,Peugeot/208,2025-09-10 06:04:00,2025-09-10 18:10:00,0 days 12:06:00,0,1,12.1,9,6,Wednesday,Quarta
10/09/2025,06:19,19:01,LKM1Z43,Citroen/C3,2025-09-10 06:19:00,2025-09-10 19:01:00,0 days 12:42:00,0,1,12.7,9,6,Wednesday,Quarta
10/09/2025,06:39,15:46,HGF2X65,BYD/Dolphin,2025-09-10 06:39:00,2025-09-10 15:46:00,0 days 09:07:00,0,1,9.116666666666667,9,6,Wednesday,Quarta
10/09/2025,06:41,15:33,QAZ3W87,Toyota/Etios,2025-09-10 06:41:00,2025-09-10 15:33:00,0 days 08:52:00,0,1,8.866666666666667,9,6,Wednesday,Quarta
10/09/2025,08:27,18:10,WSX4E09,Chevrolet/Cruze,2025-09-10 08:27:00,2025-09-10 18:10:00,0 days 09:43:00,0,1,9.716666666666667,9,8,Wednesday,Quarta
10/09/2025,08:26,15:50,EDC5R21,Volkswagen/Fox,2025-09-10 08:26:00,2025-09-10 15:50:00,0 days 07:24:00,0,1,7.4,9,8,Wednesday,Quarta
10/09/2025,09:39,18:56,RFV6T43,Hyundai/Tucson,2025-09-10 09:39:00,2025-09-10 18:56:00,0 days 09:17:00,0,1,9.283333333333333,9,9,Wednesday,Quarta
10/09/2025,08:40,19:36,TGB7Y65,Honda/Fit,2025-09-10 08:40:00,2025-09-10 19:36:00,0 days 10:56:00,0,1,10.933333333333334,9,8,Wednesday,Quarta
10/09/2025,09:26,17:52,YHN8U87,Nissan/March,2025-09-10 09:26:00,2025-09-10 17:52:00,0 days 08:26:00,0,1,8.433333333333334,9,9,Wednesday,Quarta
10/09/2025,09:22,15:32,UJM9I09,Fiat/Palio,2025-09-10 09:22:00,2025-09-10 15:32:00,0 days 06:10:00,0,1,6.166666666666667,9,9,Wednesday,Quarta
10/09/2025,08:37,17:30,IKL0O21,Renault/Sandero,2025-09-10 08:37:00,2025-09-10 17:30:00,0 days 08:53:00,0,1,8.883333333333333,9,8,Wednesday,Quarta
10/09/2025,09:11,16:17,OLP1P43,Jeep/Renegade,2025-09-10 09:11:00,2025-09-10 16:17:00,0 days 07:06:00,0,1,7.1,9,9,Wednesday,Quarta
10/09/2025,09:59,17:36,PAS2D65,Peugeot/308,2025-09-10 09:59:00,2025-09-10 17:36:00,0 days 07:37:00,0,1,7.616666666666666,9,9,Wednesday,Quarta
10/09/2025,09:15,16:43,DFG3S87,Citroen/C4,2025-09-10 09:15:00,2025-09-10 16:43:00,0 days 07:28:00,0,1,7.466666666666667,9,9,Wednesday,Quarta
10/09/2025,08:35,17:40,SDF4G09,Ford/Focus,2025-09-10 08:35:00,2025-09-10 17:40:00,0 days 09:05:00,0,1,9.083333333333334,9,8,Wednesday,Quarta
10/09/2025,09:53,15:26,GHG5H21,Kia/Soul,2025-09-10 09:53:00,2025-09-10 15:26:00,0 days 05:33:00,0,1,5.55,9,9,Wednesday,Quarta
10/09/2025,09:44,16:51,HJK6J43,Mitsubishi/ASX,2025-09-10 09:44:00,2025-09-10 16:51:00,0 days 07:07:00,0,1,7.116666666666666,9,9,Wednesday,Quarta
10/09/2025,10:15,19:57,JKL7K65,Suzuki/Swift,2025-09-10 10:15:00,2025-09-10 19:57:00,0 days 09:42:00,0,1,9.7,9,10,Wednesday,Quarta
10/09/2025,10:20,17:53,AJC7M65,Chevrolet/Celta,2025-09-10 10:20:00,2025-09-10 17:53:00,0 days 07:33:00,0,1,7.55,9,10,Wednesday,Quarta
10/09/2025,08:39,17:14,DEF7L65,Fiat/Uno,2025-09-10 08:39:00,2025-09-10 17:14:00,0 days 08:35:00,0,1,8.583333333333334,9,8,Wednesday,Quarta
10/09/2025,09:13,15:59,JBL7K65,Ford/Fiesta,2025-09-10 09:13:00,2025-09-10 15:59:00,0 days 06:46:00,0,1,6.766666666666667,9,9,Wednesday,Quarta
11/09/2025,06:33,19:25,ALC1D23,Toyota/Corolla,2025-09-11 06:33:00,2025-09-11 19:25:00,0 days 12:52:00,0,1,12.866666666666667,9,6,Thursday,Quinta
11/09/2025,06:23,16:37,JDL2M45,Chevrolet/Onix,2025-09-11 06:23:00,2025-09-11 16:37:00,0 days 10:14:00,0,1,10.233333333333333,9,6,Thursday,Quinta
11/09/2025,06:11,18:14,QWE3R67,Volkswagen/Polo,2025-09-11 06:11:00,2025-09-11 18:14:00,0 days 12:03:00,0,1,12.05,9,6,Thursday,Quinta
11/09/2025,06:54,17:28,RTY4U89,Hyundai/HB20,2025-09-11 06:54:00,2025-09-11 17:28:00,0 days 10:34:00,0,1,10.566666666666666,9,6,Thursday,Quinta
11/09/2025,06:25,15:53,UIO5P10,Honda/Civic,2025-09-11 06:25:00,2025-09-11 15:53:00,0 days 09:28:00,0,1,9.466666666666667,9,6,Thursday,Quinta
11/09/2025,06:24,16:58,ASD6F32,Nissan/Kicks,2025-09-11 06:24:00,2025-09-11 16:58:00,0 days 10:34:00,0,1,10.566666666666666,9,6,Thursday,Quinta
11/09/2025,06:00,15:55,ZXC7V54,Fiat/Fastback,2025-09-11 06:00:00,2025-09-11 15:55:00,0 days 09:55:00,0,1,9.916666666666666,9,6,Thursday,Quinta
11/09/2025,06:23,18:37,VBN8G76,Renault/Kwid,2025-09-11 06:23:00,2025-09-11 18:37:00,0 days 12:14:00,0,1,12.233333333333333,9,6,Thursday,Quinta
11/09/2025,06:25,17:50,MNB9H98,Jeep/Compass,2025-09-11 06:25:00,2025-09-11 17:50:00,0 days 11:25:00,0,1,11.416666666666666,9,6,Thursday,Quinta
11/09/2025,06:23,16:31,POI0J21,Peugeot/208,2025-09-11 06:23:00,2025-09-11 16:31:00,0 days 10:08:00,0,1,10.133333333333333,9,6,Thursday,Quinta
11/09/2025,06:43,16:47,LKM1Z43,Citroen/C3,2025-09-11 06:43:00,2025-09-11 16:47:00,0 days 10:04:00,0,1,10.066666666666666,9,6,Thursday,Quinta
11/09/2025,06:52,15:40,HGF2X65,BYD/Dolphin,2025-09-11 06:52:00,2025-09-11 15:40:00,0 days 08:48:00,0,1,8.8,9,6,Thursday,Quinta
11/09/2025,06:15,18:46,QAZ3W87,Toyota/Etios,2025-09-11 06:15:00,2025-09-11 18:46:00,0 days 12:31:00,0,1,12.516666666666667,9,6,Thursday,Quinta
11/09/2025,08:07,15:14,WSX4E09,Chevrolet/Cruze,2025-09-11 08:07:00,2025-09-11 15:14:00,0 days 07:07:00,0,1,7.116666666666666,9,8,Thursday,Quinta
11/09/2025,09:24,16:40,EDC5R21,Volkswagen/Fox,2025-09-11 09:24:00,2025-09-11 16:40:00,0 days 07:16:00,0,1,7.266666666666667,9,9,Thursday,Quinta
11/09/2025,08:08,19:35,RFV6T43,Hyundai/Tucson,2025-09-11 08:08:00,2025-09-11 19:35:00,0 days 11:27:00,0,1,11.45,9,8,Thursday,Quinta
11/09/2025,09:53,17:15,TGB7Y65,Honda/Fit,2025-09-11 09:53:00,2025-09-11 17:15:00,0 days 07:22:00,0,1,7.366666666666666,9,9,Thursday,Quinta
11/09/2025,08:33,19:04,YHN8U87,Nissan/March,2025-09-11 08:33:00,2025-09-11 19:04:00,0 days 10:31:00,0,1,10.516666666666667,9,8,Thursday,Quinta
11/09/2025,09:30,17:17,UJM9I09,Fiat/Palio,2025-09-11 09:30:00,2025-09-11 17:17:00,0 days 07:47:00,0,1,7.783333333333333,9,9,Thursday,Quinta
11/09/2025,09:55,18:58,IKL0O21,Renault/Sandero,2025-09-11 09:55:00,2025-09-11 18:58:00,0 days 09:03:00,0,1,9.05,9,9,Thursday,Quinta
11/09/2025,08:37,17:46,OLP1P43,Jeep/Renegade,2025-09-11 08:37:00,2025-09-11 17:46:00,0 days 09:09:00,0,1,9.15,9,8,Thursday,Quinta
11/09/2025,08:33,16:53,PAS2D65,Peugeot/308,2025-09-11 08:33:00,2025-09-11 16:53:00,0 days 08:20:00,0,1,8.333333333333334,9,8,Thursday,Quinta
11/09/2025,08:40,19:19,DFG3S87,Citroen/C4,2025-09-11 08:40:00,2025-09-11 19:19:00,0 days 10:39:00,0,1,10.65,9,8,Thursday,Quinta
11/09/2025,09:50,18:39,SDF4G09,Ford/Focus,2025-09-11 09:50:00,2025-09-11 18:39:00,0 days 08:49:00,0,1,8.816666666666666,9,9,Thursday,Quinta
11/09/2025,09:45,19:08,GHG5H21,Kia/Soul,2025-09-11 09:45:00,2025-09-11 19:08:00,0 days 09:23:00,0,1,9.383333333333333,9,9,Thursday,Quinta
11/09/2025,09:07,15:37,HJK6J43,Mitsubishi/ASX,2025-09-11 09:07:00,2025-09-11 15:37:00,0 days 06:30:00,0,1,6.5,9,9,Thursday,Quinta
11/09/2025,08:24,17:04,JKL7K65,Suzuki/Swift,2025-09-11 08:24:00,2025-09-11 17:04:00,0 days 08:40:00,0,1,8.666666666666666,9,8,Thursday,Quinta
11/09/2025,09:39,17:18,AJC7M65,Chevrolet/Celta,2025-09-11 09:39:00,2025-09-11 17:18:00,0 days 07:39:00,0,1,7.65,9,9,Thursday,Quinta
11/09/2025,08:33,18:16,DEF7L65,Fiat/Uno,2025-09-11 08:33:00,2025-09-11 18:16:00,0 days 09:43:00,0,1,9.716666666666667,9,8,Thursday,Quinta
11/09/2025,10:55,19:19,JBL7K65,Ford/Fiesta,2025-09-11 10:55:00,2025-09-11 19:19:00,0 days 08:24:00,0,1,8.4,9,10,Thursday,Quinta
12/09/2025,06:56,17:12,ALC1D23,Toyota/Corolla,2025-09-12 06:56:00,2025-09-12 17:12:00,0 days 10:16:00,0,1,10.266666666666667,9,6,Friday,Sexta
12/09/2025,06:02,17:19,JDL2M45,Chevrolet/Onix,2025-09-12 06:02:00,2025-09-12 17:19:00,0 days 11:17:00,0,1,11.283333333333333,9,6,Friday,Sexta
12/09/2025,06:51,18:49,QWE3R67,Volkswagen/Polo,2025-09-12 06:51:00,2025-09-12 18:49:00,0 days 11:58:00,0,1,11.966666666666667,9,6,Friday,Sexta
12/09/2025,06:29,19:09,RTY4U89,Hyundai/HB20,2025-09-12 06:29:00,2025-09-12 19:09:00,0 days 12:40:00,0,1,12.666666666666666,9,6,Friday,Sexta
12/09/2025,06:16,17:57,UIO5P10,Honda/Civic,2025-09-12 06:16:00,2025-09-12 17:57:00,0 days 11:41:00,0,1,11.683333333333334,9,6,Friday,Sexta
12/09/2025,06:20,18:41,ASD6F32,Nissan/Kicks,2025-09-12 06:20:00,2025-09-12 18:41:00,0 days 12:21:00,0,1,12.35,9,6,Friday,Sexta
12/09/2025,06:23,16:46,ZXC7V54,Fiat/Fastback,2025-09-12 06:23:00,2025-09-12 16:46:00,0 days 10:23:00,0,1,10.383333333333333,9,6,Friday,Sexta
12/09/2025,06:41,18:58,VBN8G76,Renault/Kwid,2025-09-12 06:41:00,2025-09-12 18:58:00,0 days 12:17:00,0,1,12.283333333333333,9,6,Friday,Sexta
12/09/2025,06:00,17:37,MNB9H98,Jeep/Compass,2025-09-12 06:00:00,2025-09-12 17:37:00,0 days 11:37:00,0,1,11.616666666666667,9,6,Friday,Sexta
12/09/2025,06:04,18:58,POI0J21,Peugeot/208,2025-09-12 06:04:00,2025-09-12 18:58:00,0 days 12:54:00,0,1,12.9,9,6,Friday,Sexta
12/09/2025,06:39,15:45,LKM1Z43,Citroen/C3,2025-09-12 06:39:00,2025-09-12 15:45:00,0 days 09:06:00,0,1,9.1,9,6,Friday,Sexta
12/09/2025,06:36,19:06,HGF2X65,BYD/Dolphin,2025-09-12 06:36:00,2025-09-12 19:06:00,0 days 12:30:00,0,1,12.5,9,6,Friday,Sexta
12/09/2025,06:40,16:38,QAZ3W87,Toyota/Etios,2025-09-12 06:40:00,2025-09-12 16:38:00,0 days 09:58:00,0,1,9.966666666666667,9,6,Friday,Sexta
12/09/2025,09:12,18:40,WSX4E09,Chevrolet/Cruze,2025-09-12 09:12:00,2025-09-12 18:40:00,0 days 09:28:00,0,1,9.466666666666667,9,9,Friday,Sexta
12/09/2025,08:38,18:15,EDC5R21,Volkswagen/Fox,2025-09-12 08:38:00,2025-09-12 18:15:00,0 days 09:37:00,0,1,9.616666666666667,9,8,Friday,Sexta
12/09/2025,08:35,18:22,RFV6T43,Hyundai/Tucson,2025-09-12 08:35:00,2025-09-12 18:22:00,0 days 09:47:00,0,1,9.783333333333333,9,8,Friday,Sexta
12/09/2025,09:50,17:32,TGB7Y65,Honda/Fit,2025-09-12 09:50:00,2025-09-12 17:32:00,0 days 07:42:00,0,1,7.7,9,9,Friday,Sexta
12/09/2025,08:37,18:41,YHN8U87,Nissan/March,2025-09-12 08:37:00,2025-09-12 18:41:00,0 days 10:04:00,0,1,10.066666666666666,9,8,Friday,Sexta
12/09/2025,08:09,17:39,UJM9I09,Fiat/Palio,2025-09-12 08:09:00,2025-09-12 17:39:00,0 days 09:30:00,0,1,9.5,9,8,Friday,Sexta
12/09/2025,09:06,17:21,IKL0O21,Renault/Sandero,2025-09-12 09:06:00,2025-09-12 17:21:00,0 days 08:15:00,0,1,8.25,9,9,Friday,Sexta
12/09/2025,09:33,16:26,OLP1P43,Jeep/Renegade,2025-09-12 09:33:00,2025-09-12 16:26:00,0 days 06:53:00,0,1,6.883333333333334,9,9,Friday,Sexta
12/09/2025,09:26,15:31,PAS2D65,Peugeot/308,2025-09-12 09:26:00,2025-09-12 15:31:00,0 days 06:05:00,0,1,6.083333333333333,9,9,Friday,Sexta
12/09/2025,08:48,15:45,DFG3S87,Citroen/C4,2025-09-12 08:48:00,2025-09-12 15:45:00,0 days 06:57:00,0,1,6.95,9,8,Friday,Sexta
12/09/2025,08:38,17:04,SDF4G09,Ford/Focus,2025-09-12 08:38:00,2025-09-12 17:04:00,0 days 08:26:00,0,1,8.433333333333334,9,8,Friday,Sexta
12/09/2025,08:58,19:13,GHG5H21,Kia/Soul,2025-09-12 08:58:00,2025-09-12 19:13:00,0 days 10:15:00,0,1,10.25,9,8,Friday,Sexta
12/09/2025,08:20,19:56,HJK6J43,Mitsubishi/ASX,2025-09-12 08:20:00,2025-09-12 19:56:00,0 days 11:36:00,0,1,11.6,9,8,Friday,Sexta
12/09/2025,10:45,17:22,JKL7K65,Suzuki/Swift,2025-09-12 10:45:00,2025-09-12 17:22:00,0 days 06:37:00,0,1,6.616666666666666,9,10,Friday,Sexta
12/09/2025,09:15,19:00,AJC7M65,Chevrolet/Celta,2025-09-12 09:15:00,2025-09-12 19:00:00,0 days 09:45:00,0,1,9.75,9,9,Friday,Sexta
12/09/2025,08:04,16:39,DEF7L65,Fiat/Uno,2025-09-12 08:04:00,2025-09-12 16:39:00,0 days 08:35:00,0,1,8.583333333333334,9,8,Friday,Sexta
12/09/2025,09:39,19:41,JBL7K65,Ford/Fiesta,2025-09-12 09:39:00,2025-09-12 19:41:00,0 days 10:02:00,0,1,10.033333333333333,9,9,Friday,Sexta
13/09/2025,08:39,19:50,RFV6T43,Hyundai/Tucson,2025-09-13 08:39:00,2025-09-13 19:50:00,0 days 11:11:00,0,1,11.183333333333334,9,8,Saturday,Sábado
13/09/2025,08:31,16:16,UJM9I09,Fiat/Palio,2025-09-13 08:31:00,2025-09-13 16:16:00,0 days 07:45:00,0,1,7.75,9,8,Saturday,Sábado
13/09/2025,08:05,19:52,IKL0O21,Renault/Sandero,2025-09-13 08:05:00,2025-09-13 19:52:00,0 days 11:47:00,0,1,11.783333333333333,9,8,Saturday,Sábado
13/09/2025,08:42,17:00,OLP1P43,Jeep/Renegade,2025-09-13 08:42:00,2025-09-13 17:00:00,0 days 08:18:00,0,1,8.3,9,8,Saturday,Sábado
13/09/2025,09:20,15:50,PAS2D65,Peugeot/308,2025-09-13 09:20:00,2025-09-13 15:50:00,0 days 06:30:00,0,1,6.5,9,9,Saturday,Sábado
13/09/2025,09:51,19:24,DFG3S87,Citroen/C4,2025-09-13 09:51:00,2025-09-13 19:24:00,0 days 09:33:00,0,1,9.55,9,9,Saturday,Sábado
13/09/2025,08:21,15:05,SDF4G09,Ford/Focus,2025-09-13 08:21:00,2025-09-13 15:05:00,0 days 06:44:00,0,1,6.733333333333333,9,8,Saturday,Sábado
13/09/2025,08:22,16:42,HJK6J43,Mitsubishi/ASX,2025-09-13 08:22:00,2025-09-13 16:42:00,0 days 08:20:00,0,1,8.333333333333334,9,8,Saturday,Sábado
15/09/2025,06:09,16:40,ALC1D23,Toyota/Corolla,2025-09-15 06:09:00,2025-09-15 16:40:00,0 days 10:31:00,0,1,10.516666666666667,9,6,Monday,Segunda
15/09/2025,06:38,17:49,JDL2M45,Chevrolet/Onix,2025-09-15 06:38:00,2025-09-15 17:49:00,0 days 11:11:00,0,1,11.183333333333334,9,6,Monday,Segunda
15/09/2025,06:14,16:21,QWE3R67,Volkswagen/Polo,2025-09-15 06:14:00,2025-09-15 16:21:00,0 days 10:07:00,0,1,10.116666666666667,9,6,Monday,Segunda
15/09/2025,06:29,19:56,RTY4U89,Hyundai/HB20,2025-09-15 06:29:00,2025-09-15 19:56:00,0 days 13:27:00,0,1,13.45,9,6,Monday,Segunda
15/09/2025,06:08,17:34,UIO5P10,Honda/Civic,2025-09-15 06:08:00,2025-09-15 17:34:00,0 days 11:26:00,0,1,11.433333333333334,9,6,Monday,Segunda
15/09/2025,06:49,18:43,ASD6F32,Nissan/Kicks,2025-09-15 06:49:00,2025-09-15 18:43:00,0 days 11:54:00,0,1,11.9,9,6,Monday,Segunda
15/09/2025,06:46,18:14,ZXC7V54,Fiat/Fastback,2025-09-15 06:46:00,2025-09-15 18:14:00,0 days 11:28:00,0,1,11.466666666666667,9,6,Monday,Segunda
15/09/2025,06:10,19:33,VBN8G76,Renault/Kwid,2025-09-15 06:10:00,2025-09-15 19:33:00,0 days 13:23:00,0,1,13.383333333333333,9,6,Monday,Segunda
15/09/2025,06:08,18:47,MNB9H98,Jeep/Compass,2025-09-15 06:08:00,2025-09-15 18:47:00,0 days 12:39:00,0,1,12.65,9,6,Monday,Segunda
15/09/2025,06:51,16:19,POI0J21,Peugeot/208,2025-09-15 06:51:00,2025-09-15 16:19:00,0 days 09:28:00,0,1,9.466666666666667,9,6,Monday,Segunda
15/09/2025,06:54,15:25,LKM1Z43,Citroen/C3,2025-09-15 06:54:00,2025-09-15 15:25:00,0 days 08:31:00,0,1,8.516666666666667,9,6,Monday,Segunda
15/09/2025,06:56,15:58,HGF2X65,BYD/Dolphin,2025-09-15 06:56:00,2025-09-15 15:58:00,0 days 09:02:00,0,1,9.033333333333333,9,6,Monday,Segunda
15/09/2025,06:23,18:34,QAZ3W87,Toyota/Etios,2025-09-15 06:23:00,2025-09-15 18:34:00,0 days 12:11:00,0,1,12.183333333333334,9,6,Monday,Segunda
15/09/2025,08:14,18:05,WSX4E09,Chevrolet/Cruze,2025-09-15 08:14:00,2025-09-15 18:05:00,0 days 09:51:00,0,1,9.85,9,8,Monday,Segunda
15/09/2025,08:37,19:32,EDC5R21,Volkswagen/Fox,2025-09-15 08:37:00,2025-09-15 19:32:00,0 days 10:55:00,0,1,10.916666666666666,9,8,Monday,Segunda
15/09/2025,08:18,19:11,RFV6T43,Hyundai/Tucson,2025-09-15 08:18:00,2025-09-15 19:11:00,0 days 10:53:00,0,1,10.883333333333333,9,8,Monday,Segunda
15/09/2025,08:13,18:48,TGB7Y65,Honda/Fit,2025-09-15 08:13:00,2025-09-15 18:48:00,0 days 10:35:00,0,1,10.583333333333334,9,8,Monday,Segunda
15/09/2025,08:48,17:07,YHN8U87,Nissan/March,2025-09-15 08:48:00,2025-09-15 17:07:00,0 days 08:19:00,0,1,8.316666666666666,9,8,Monday,Segunda
15/09/2025,08:13,15:41,UJM9I09,Fiat/Palio,2025-09-15 08:13:00,2025-09-15 15:41:00,0 days 07:28:00,0,1,7.466666666666667,9,8,Monday,Segunda
15/09/2025,08:26,18:15,IKL0O21,Renault/Sandero,2025-09-15 08:26:00,2025-09-15 18:15:00,0 days 09:49:00,0,1,9.816666666666666,9,8,Monday,Segunda
15/09/2025,09:31,19:27,OLP1P43,Jeep/Renegade,2025-09-15 09:31:00,2025-09-15 19:27:00,0 days 09:56:00,0,1,9.933333333333334,9,9,Monday,Segunda
15/09/2025,08:48,15:11,PAS2D65,Peugeot/308,2025-09-15 08:48:00,2025-09-15 15:11:00,0 days 06:23:00,0,1,6.383333333333334,9,8,Monday,Segunda
15/09/2025,09:10,18:27,DFG3S87,Citroen/C4,2025-09-15 09:10:00,2025-09-15 18:27:00,0 days 09:17:00,0,1,9.283333333333333,9,9,Monday,Segunda
15/09/2025,09:00,15:00,SDF4G09,Ford/Focus,2025-09-15 09:00:00,2025-09-15 15:00:00,0 days 06:00:00,0,1,6.0,9,9,Monday,Segunda
15/09/2025,08:26,16:00,GHG5H21,Kia/Soul,2025-09-15 08:26:00,2025-09-15 16:00:00,0 days 07:34:00,0,1,7.566666666666666,9,8,Monday,Segunda
15/09/2025,09:35,19:01,HJK6J43,Mitsubishi/ASX,2025-09-15 09:35:00,2025-09-15 19:01:00,0 days 09:26:00,0,1,9.433333333333334,9,9,Monday,Segunda
15/09/2025,09:34,15:41,JKL7K65,Suzuki/Swift,2025-09-15 09:34:00,2025-09-15 15:41:00,0 days 06:07:00,0,1,6.116666666666666,9,9,Monday,Segunda
15/09/2025,08:17,17:08,AJC7M65,Chevrolet/Celta,2025-09-15 08:17:00,2025-09-15 17:08:00,0 days 08:51:00,0,1,8.85,9,8,Monday,Segunda
15/09/2025,08:07,19:13,DEF7L65,Fiat/Uno,2025-09-15 08:07:00,2025-09-15 19:13:00,0 days 11:06:00,0,1,11.1,9,8,Monday,Segunda
15/09/2025,10:38,19:32,JBL7K65,Ford/Fiesta,2025-09-15 10:38:00,2025-09-15 19:32:00,0 days 08:54:00,0,1,8.9,9,10,Monday,Segunda
