Data;Entrada;Saida;Placa;Marca/Modelo
12/03/2025;06:01;16:50;ALC1D23;Toyota/Corolla
12/03/2025;06:02;19:00;JDL2M45;Chevrolet/Onix
12/03/2025;06:18;18:48;QWE3R67;Volkswagen/Polo
12/03/2025;06:54;18:48;RTY4U89;Hyundai/HB20
12/03/2025;06:27;19:23;UIO5P10;Honda/Civic
12/03/2025;06:43;15:16;ASD6F32;Nissan/Kicks
12/03/2025;06:36;16:52;ZXC7V54;Fiat/Fastback
12/03/2025;06:58;17:02;VBN8G76;Renault/Kwid
12/03/2025;06:17;19:45;MNB9H98;Jeep/Compass
12/03/2025;06:47;15:17;POI0J21;Peugeot/208
12/03/2025;06:50;15:25;LKM1Z43;Citroen/C3
12/03/2025;06:04;15:44;HGF2X65;BYD/Dolphin
12/03/2025;06:58;19:46;QAZ3W87;Toyota/Etios
12/03/2025;09:16;18:04;WSX4E09;Chevrolet/Cruze
12/03/2025;09:12;15:17;EDC5R21;Volkswagen/Fox
12/03/2025;08:58;18:41;RFV6T43;Hyundai/Tucson
12/03/2025;08:21;18:13;TGB7Y65;Honda/Fit
12/03/2025;09:36;17:12;YHN8U87;Nissan/March
12/03/2025;08:07;16:21;UJM9I09;Fiat/Palio
12/03/2025;08:16;17:56;IKL0O21;Renault/Sandero
12/03/2025;09:58;19:11;OLP1P43;Jeep/Renegade
12/03/2025;08:29;15:18;PAS2D65;Peugeot/308
12/03/2025;08:32;15:12;DFG3S87;Citroen/C4
12/03/2025;08:32;18:19;SDF4G09;Ford/Focus
12/03/2025;08:50;16:37;GHG5H21;Kia/Soul
12/03/2025;08:46;16:30;HJK6J43;Mitsubishi/ASX
12/03/2025;10:00;17:04;JKL7K65;Suzuki/Swift
12/03/2025;10:24;17:00;AJC7M65;Chevrolet/Celta
12/03/2025;10:56;18:11;DEF7L65;Fiat/Uno
12/03/2025;08:11;19:20;JBL7K65;Ford/Fiesta
13/03/2025;06:09;18:02;ALC1D23;Toyota/Corolla
13/03/2025;06:13;16:56;JDL2M45;Chevrolet/Onix
13/03/2025;06:36;19:01;QWE3R67;Volkswagen/Polo
13/03/2025;06:36;17:58;RTY4U89;Hyundai/HB20
13/03/2025;06:53;15:31;UIO5P10;Honda/Civic
13/03/2025;06:10;15:46;ASD6F32;Nissan/Kicks
13/03/2025;06:23;17:42;ZXC7V54;Fiat/Fastback
13/03/2025;06:10;17:06;VBN8G76;Renault/Kwid
13/03/2025;06:20;19:09;MNB9H98;Jeep/Compass
13/03/2025;06:51;15:57;POI0J21;Peugeot/208
13/03/2025;06:18;17:59;LKM1Z43;Citroen/C3
13/03/2025;06:24;15:23;HGF2X65;BYD/Dolphin
13/03/2025;06:11;19:23;QAZ3W87;Toyota/Etios
13/03/2025;08:55;18:47;WSX4E09;Chevrolet/Cruze
13/03/2025;09:04;18:09;EDC5R21;Volkswagen/Fox
13/03/2025;08:36;15:21;RFV6T43;Hyundai/Tucson
13/03/2025;08:32;16:27;TGB7Y65;Honda/Fit
13/03/2025;09:00;15:24;YHN8U87;Nissan/March
13/03/2025;08:11;19:03;UJM9I09;Fiat/Palio
13/03/2025;08:08;18:59;IKL0O21;Renault/Sandero
13/03/2025;08:20;16:04;OLP1P43;Jeep/Renegade
13/03/2025;08:26;15:25;PAS2D65;Peugeot/308
13/03/2025;08:34;15:34;DFG3S87;Citroen/C4
13/03/2025;08:59;19:09;SDF4G09;Ford/Focus
13/03/2025;09:01;18:26;GHG5H21;Kia/Soul
13/03/2025;08:27;18:43;HJK6J43;Mitsubishi/ASX
13/03/2025;08:38;16:36;JKL7K65;Suzuki/Swift
13/03/2025;08:32;18:19;AJC7M65;Chevrolet/Celta
13/03/2025;09:44;18:48;DEF7L65;Fiat/Uno
13/03/2025;08:23;16:14;JBL7K65;Ford/Fiesta
14/03/2025;06:30;17:13;ALC1D23;Toyota/Corolla
14/03/2025;06:53;18:10;JDL2M45;Chevrolet/Onix
14/03/2025;06:56;15:16;QWE3R67;Volkswagen/Polo
14/03/2025;06:32;19:14;RTY4U89;Hyundai/HB20
14/03/2025;06:04;17:12;UIO5P10;Honda/Civic
14/03/2025;06:07;17:45;ASD6F32;Nissan/Kicks
14/03/2025;06:26;19:11;ZXC7V54;Fiat/Fastback
14/03/2025;06:18;15:58;VBN8G76;Renault/Kwid
14/03/2025;06:03;17:14;MNB9H98;Jeep/Compass
14/03/2025;06:35;17:59;POI0J21;Peugeot/208
14/03/2025;06:21;17:50;LKM1Z43;Citroen/C3
14/03/2025;06:01;19:26;HGF2X65;BYD/Dolphin
14/03/2025;06:51;16:43;QAZ3W87;Toyota/Etios
14/03/2025;08:08;17:47;WSX4E09;Chevrolet/Cruze
14/03/2025;09:28;16:24;EDC5R21;Volkswagen/Fox
14/03/2025;08:20;17:24;RFV6T43;Hyundai/Tucson
14/03/2025;09:04;19:20;TGB7Y65;Honda/Fit
14/03/2025;09:04;17:28;YHN8U87;Nissan/March
14/03/2025;09:42;17:03;UJM9I09;Fiat/Palio
14/03/2025;09:05;16:20;IKL0O21;Renault/Sandero
14/03/2025;09:46;15:18;OLP1P43;Jeep/Renegade
14/03/2025;09:37;17:34;PAS2D65;Peugeot/308
14/03/2025;08:00;18:12;DFG3S87;Citroen/C4
14/03/2025;08:41;17:45;SDF4G09;Ford/Focus
14/03/2025;08:29;18:41;GHG5H21;Kia/Soul
14/03/2025;09:13;19:31;HJK6J43;Mitsubishi/ASX
14/03/2025;09:17;15:08;JKL7K65;Suzuki/Swift
14/03/2025;09:46;16:11;AJC7M65;Chevrolet/Celta
14/03/2025;09:42;16:45;DEF7L65;Fiat/Uno
14/03/2025;08:15;17:56;JBL7K65;Ford/Fiesta
15/03/2025;08:56;17:22;WSX4E09;Chevrolet/Cruze
15/03/2025;09:15;15:46;TGB7Y65;Honda/Fit
15/03/2025;09:51;16:52;YHN8U87;Nissan/March
15/03/2025;09:36;15:22;DFG3S87;Citroen/C4
15/03/2025;08:47;18:07;GHG5H21;Kia/Soul
17/03/2025;06:56;16:33;ALC1D23;Toyota/Corolla
17/03/2025;06:11;15:21;JDL2M45;Chevrolet/Onix
17/03/2025;06:04;17:09;QWE3R67;Volkswagen/Polo
17/03/2025;06:43;15:49;RTY4U89;Hyundai/HB20
17/03/2025;06:47;19:42;UIO5P10;Honda/Civic
17/03/2025;06:27;18:20;ASD6F32;Nissan/Kicks
17/03/2025;06:48;15:26;ZXC7V54;Fiat/Fastback
17/03/2025;06:02;15:46;VBN8G76;Renault/Kwid
17/03/2025;06:29;19:09;MNB9H98;Jeep/Compass
17/03/2025;06:52;18:38;POI0J21;Peugeot/208
17/03/2025;06:51;19:46;LKM1Z43;Citroen/C3
17/03/2025;06:49;18:24;HGF2X65;BYD/Dolphin
17/03/2025;06:55;19:37;QAZ3W87;Toyota/Etios
17/03/2025;08:40;17:43;WSX4E09;Chevrolet/Cruze
17/03/2025;08:17;17:07;EDC5R21;Volkswagen/Fox
17/03/2025;08:57;15:05;RFV6T43;Hyundai/Tucson
17/03/2025;09:06;15:17;TGB7Y65;Honda/Fit
17/03/2025;08:35;18:08;YHN8U87;Nissan/March
17/03/2025;08:14;16:42;UJM9I09;Fiat/Palio
17/03/2025;09:08;16:57;IKL0O21;Renault/Sandero
17/03/2025;08:39;17:34;OLP1P43;Jeep/Renegade
17/03/2025;09:30;17:57;PAS2D65;Peugeot/308
17/03/2025;09:56;17:43;DFG3S87;Citroen/C4
17/03/2025;09:26;17:49;SDF4G09;Ford/Focus
17/03/2025;08:07;15:27;GHG5H21;Kia/Soul
17/03/2025;09:58;19:12;HJK6J43;Mitsubishi/ASX
17/03/2025;09:43;18:25;JKL7K65;Suzuki/Swift
17/03/2025;08:43;16:44;AJC7M65;Chevrolet/Celta
17/03/2025;10:34;15:14;DEF7L65;Fiat/Uno
17/03/2025;10:06;17:43;JBL7K65;Ford/Fiesta
18/03/2025;06:01;16:14;ALC1D23;Toyota/Corolla
18/03/2025;06:58;18:16;JDL2M45;Chevrolet/Onix
18/03/2025;06:02;16:18;QWE3R67;Volkswagen/Polo
18/03/2025;06:34;19:56;RTY4U89;Hyundai/HB20
18/03/2025;06:18;15:40;UIO5P10;Honda/Civic
18/03/2025;06:55;18:40;ASD6F32;Nissan/Kicks
18/03/2025;06:11;18:28;ZXC7V54;Fiat/Fastback
18/03/2025;06:54;15:22;VBN8G76;Renault/Kwid
18/03/2025;06:22;15:55;MNB9H98;Jeep/Compass
18/03/2025;06:51;18:02;POI0J21;Peugeot/208
18/03/2025;06:33;15:19;LKM1Z43;Citroen/C3
18/03/2025;06:08;18:43;HGF2X65;BYD/Dolphin
18/03/2025;06:26;17:56;QAZ3W87;Toyota/Etios
18/03/2025;08:58;16:59;WSX4E09;Chevrolet/Cruze
18/03/2025;08:15;17:02;EDC5R21;Volkswagen/Fox
18/03/2025;09:30;16:11;RFV6T43;Hyundai/Tucson
18/03/2025;08:36;17:12;TGB7Y65;Honda/Fit
18/03/2025;08:15;15:17;YHN8U87;Nissan/March
18/03/2025;08:13;19:17;UJM9I09;Fiat/Palio
18/03/2025;09:42;18:15;IKL0O21;Renault/Sandero
18/03/2025;08:20;18:28;OLP1P43;Jeep/Renegade
18/03/2025;08:25;19:32;PAS2D65;Peugeot/308
18/03/2025;08:07;19:08;DFG3S87;Citroen/C4
18/03/2025;08:37;16:46;SDF4G09;Ford/Focus
18/03/2025;09:09;16:04;GHG5H21;Kia/Soul
18/03/2025;09:58;18:52;HJK6J43;Mitsubishi/ASX
18/03/2025;10:24;15:00;JKL7K65;Suzuki/Swift
18/03/2025;09:14;18:01;AJC7M65;Chevrolet/Celta
18/03/2025;09:46;18:01;DEF7L65;Fiat/Uno
18/03/2025;09:50;18:28;JBL7K65;Ford/Fiesta
19/03/2025;06:26;19:33;ALC1D23;Toyota/Corolla
19/03/2025;06:34;19:14;JDL2M45;Chevrolet/Onix
19/03/2025;06:24;18:29;QWE3R67;Volkswagen/Polo
19/03/2025;06:40;16:02;RTY4U89;Hyundai/HB20
19/03/2025;06:07;16:40;UIO5P10;Honda/Civic
19/03/2025;06:56;19:41;ASD6F32;Nissan/Kicks
19/03/2025;06:42;17:35;ZXC7V54;Fiat/Fastback
19/03/2025;06:48;16:19;VBN8G76;Renault/Kwid
19/03/2025;06:28;18:53;MNB9H98;Jeep/Compass
19/03/2025;06:02;18:02;POI0J21;Peugeot/208
19/03/2025;06:18;16:48;LKM1Z43;Citroen/C3
19/03/2025;06:23;16:52;HGF2X65;BYD/Dolphin
19/03/2025;06:27;15:01;QAZ3W87;Toyota/Etios
19/03/2025;09:05;17:20;WSX4E09;Chevrolet/Cruze
19/03/2025;09:07;19:40;EDC5R21;Volkswagen/Fox
19/03/2025;08:27;16:07;RFV6T43;Hyundai/Tucson
19/03/2025;08:01;16:26;TGB7Y65;Honda/Fit
19/03/2025;09:07;19:43;YHN8U87;Nissan/March
19/03/2025;08:50;19:35;UJM9I09;Fiat/Palio
19/03/2025;08:38;19:19;IKL0O21;Renault/Sandero
19/03/2025;08:39;16:25;OLP1P43;Jeep/Renegade
19/03/2025;09:32;17:21;PAS2D65;Peugeot/308
19/03/2025;08:44;15:07;DFG3S87;Citroen/C4
19/03/2025;08:28;16:56;SDF4G09;Ford/Focus
19/03/2025;09:43;16:18;GHG5H21;Kia/Soul
19/03/2025;09:54;17:07;HJK6J43;Mitsubishi/ASX
19/03/2025;09:54;17:00;JKL7K65;Suzuki/Swift
19/03/2025;09:19;19:43;AJC7M65;Chevrolet/Celta
19/03/2025;08:34;19:08;DEF7L65;Fiat/Uno
19/03/2025;08:48;19:03;JBL7K65;Ford/Fiesta
20/03/2025;06:44;19:43;ALC1D23;Toyota/Corolla
20/03/2025;06:51;18:10;JDL2M45;Chevrolet/Onix
20/03/2025;06:06;18:50;QWE3R67;Volkswagen/Polo
20/03/2025;06:43;15:51;RTY4U89;Hyundai/HB20
20/03/2025;06:20;19:37;UIO5P10;Honda/Civic
20/03/2025;06:10;19:11;ASD6F32;Nissan/Kicks
20/03/2025;06:38;17:06;ZXC7V54;Fiat/Fastback
20/03/2025;06:30;18:16;VBN8G76;Renault/Kwid
20/03/2025;06:54;15:10;MNB9H98;Jeep/Compass
20/03/2025;06:03;19:42;POI0J21;Peugeot/208
20/03/2025;06:44;15:01;LKM1Z43;Citroen/C3
20/03/2025;06:15;15:05;HGF2X65;BYD/Dolphin
20/03/2025;06:10;16:45;QAZ3W87;Toyota/Etios
20/03/2025;08:00;16:33;WSX4E09;Chevrolet/Cruze
20/03/2025;09:44;19:28;EDC5R21;Volkswagen/Fox
20/03/2025;09:08;16:42;RFV6T43;Hyundai/Tucson
20/03/2025;08:32;18:26;TGB7Y65;Honda/Fit
20/03/2025;09:46;16:27;YHN8U87;Nissan/March
20/03/2025;09:23;16:49;UJM9I09;Fiat/Palio
20/03/2025;09:51;18:42;IKL0O21;Renault/Sandero
20/03/2025;08:09;18:19;OLP1P43;Jeep/Renegade
20/03/2025;09:52;17:28;PAS2D65;Peugeot/308
20/03/2025;09:41;17:15;DFG3S87;Citroen/C4
20/03/2025;08:33;19:17;SDF4G09;Ford/Focus
20/03/2025;08:14;18:57;GHG5H21;Kia/Soul
20/03/2025;09:20;17:57;HJK6J43;Mitsubishi/ASX
20/03/2025;08:29;16:58;JKL7K65;Suzuki/Swift
20/03/2025;10:19;17:47;AJC7M65;Chevrolet/Celta
20/03/2025;08:03;18:57;DEF7L65;Fiat/Uno
20/03/2025;08:26;18:45;JBL7K65;Ford/Fiesta
21/03/2025;06:22;17:46;ALC1D23;Toyota/Corolla
21/03/2025;06:46;15:16;JDL2M45;Chevrolet/Onix
21/03/2025;06:22;15:49;QWE3R67;Volkswagen/Polo
21/03/2025;06:27;18:23;RTY4U89;Hyundai/HB20
21/03/2025;06:22;17:15;UIO5P10;Honda/Civic
21/03/2025;06:12;17:59;ASD6F32;Nissan/Kicks
21/03/2025;06:12;16:42;ZXC7V54;Fiat/Fastback
21/03/2025;06:12;17:27;VBN8G76;Renault/Kwid
21/03/2025;06:55;18:37;MNB9H98;Jeep/Compass
21/03/2025;06:47;17:39;POI0J21;Peugeot/208
21/03/2025;06:39;16:28;LKM1Z43;Citroen/C3
21/03/2025;06:49;17:22;HGF2X65;BYD/Dolphin
21/03/2025;06:36;19:47;QAZ3W87;Toyota/Etios
21/03/2025;08:55;17:57;WSX4E09;Chevrolet/Cruze
21/03/2025;09:19;15:21;EDC5R21;Volkswagen/Fox
21/03/2025;09:33;15:53;RFV6T43;Hyundai/Tucson
21/03/2025;08:41;15:46;TGB7Y65;Honda/Fit
21/03/2025;09:52;18:26;YHN8U87;Nissan/March
21/03/2025;08:27;15:38;UJM9I09;Fiat/Palio
21/03/2025;09:11;17:12;IKL0O21;Renault/Sandero
21/03/2025;09:50;15:24;OLP1P43;Jeep/Renegade
21/03/2025;08:37;17:00;PAS2D65;Peugeot/308
21/03/2025;08:08;15:31;DFG3S87;Citroen/C4
21/03/2025;09:37;17:01;SDF4G09;Ford/Focus
21/03/2025;08:36;16:29;GHG5H21;Kia/Soul
21/03/2025;09:11;17:37;HJK6J43;Mitsubishi/ASX
21/03/2025;10:30;17:02;JKL7K65;Suzuki/Swift
21/03/2025;09:20;19:46;AJC7M65;Chevrolet/Celta
21/03/2025;10:11;16:39;DEF7L65;Fiat/Uno
21/03/2025;08:23;18:53;JBL7K65;Ford/Fiesta
22/03/2025;09:20;19:33;WSX4E09;Chevrolet/Cruze
22/03/2025;09:49;18:43;EDC5R21;Volkswagen/Fox
22/03/2025;08:39;15:22;RFV6T43;Hyundai/Tucson
22/03/2025;09:31;16:15;TGB7Y65;Honda/Fit
22/03/2025;08:44;15:06;YHN8U87;Nissan/March
22/03/2025;09:51;19:45;UJM9I09;Fiat/Palio
22/03/2025;08:47;17:03;DFG3S87;Citroen/C4
22/03/2025;09:03;15:55;GHG5H21;Kia/Soul
22/03/2025;08:19;18:16;HJK6J43;Mitsubishi/ASX
24/03/2025;06:03;16:37;ALC1D23;Toyota/Corolla
24/03/2025;06:46;19:52;JDL2M45;Chevrolet/Onix
24/03/2025;06:58;18:54;QWE3R67;Volkswagen/Polo
24/03/2025;06:52;16:49;RTY4U89;Hyundai/HB20
24/03/2025;06:41;16:04;UIO5P10;Honda/Civic
24/03/2025;06:07;15:01;ASD6F32;Nissan/Kicks
24/03/2025;06:03;17:48;ZXC7V54;Fiat/Fastback
24/03/2025;06:50;18:10;VBN8G76;Renault/Kwid
24/03/2025;06:25;19:43;MNB9H98;Jeep/Compass
24/03/2025;06:20;17:01;POI0J21;Peugeot/208
24/03/2025;06:02;18:30;LKM1Z43;Citroen/C3
24/03/2025;06:14;18:11;HGF2X65;BYD/Dolphin
24/03/2025;06:09;16:08;QAZ3W87;Toyota/Etios
24/03/2025;08:26;17:51;WSX4E09;Chevrolet/Cruze
24/03/2025;08:29;15:47;EDC5R21;Volkswagen/Fox
24/03/2025;08:47;18:14;RFV6T43;Hyundai/Tucson
24/03/2025;08:53;16:28;TGB7Y65;Honda/Fit
24/03/2025;08:14;15:23;YHN8U87;Nissan/March
24/03/2025;09:42;18:44;UJM9I09;Fiat/Palio
24/03/2025;09:43;15:37;IKL0O21;Renault/Sandero
24/03/2025;09:33;15:51;OLP1P43;Jeep/Renegade
24/03/2025;08:42;18:03;PAS2D65;Peugeot/308
24/03/2025;09:13;16:05;DFG3S87;Citroen/C4
24/03/2025;08:08;19:49;SDF4G09;Ford/Focus
24/03/2025;08:54;17:46;GHG5H21;Kia/Soul
24/03/2025;09:49;16:13;HJK6J43;Mitsubishi/ASX
24/03/2025;08:44;17:47;JKL7K65;Suzuki/Swift
24/03/2025;08:35;19:45;AJC7M65;Chevrolet/Celta
24/03/2025;08:49;18:27;DEF7L65;Fiat/Uno
24/03/2025;09:14;18:21;JBL7K65;Ford/Fiesta
25/03/2025;06:30;17:22;ALC1D23;Toyota/Corolla
25/03/2025;06:17;19:50;JDL2M45;Chevrolet/Onix
25/03/2025;06:23;15:32;QWE3R67;Volkswagen/Polo
25/03/2025;06:46;19:06;RTY4U89;Hyundai/HB20
25/03/2025;06:33;19:30;UIO5P10;Honda/Civic
25/03/2025;06:11;18:17;ASD6F32;Nissan/Kicks
25/03/2025;06:07;15:51;ZXC7V54;Fiat/Fastback
25/03/2025;06:35;15:02;VBN8G76;Renault/Kwid
25/03/2025;06:23;16:12;MNB9H98;Jeep/Compass
25/03/2025;06:32;17:09;POI0J21;Peugeot/208
25/03/2025;06:17;17:03;LKM1Z43;Citroen/C3
25/03/2025;06:03;17:23;HGF2X65;BYD/Dolphin
25/03/2025;06:30;17:36;QAZ3W87;Toyota/Etios
25/03/2025;09:21;17:03;WSX4E09;Chevrolet/Cruze
25/03/2025;08:13;19:51;EDC5R21;Volkswagen/Fox
25/03/2025;09:34;19:21;RFV6T43;Hyundai/Tucson
25/03/2025;08:29;18:24;TGB7Y65;Honda/Fit
25/03/2025;09:21;18:09;YHN8U87;Nissan/March
25/03/2025;08:13;16:10;UJM9I09;Fiat/Palio
25/03/2025;08:49;19:15;IKL0O21;Renault/Sandero
25/03/2025;09:04;19:22;OLP1P43;Jeep/Renegade
25/03/2025;09:17;18:11;PAS2D65;Peugeot/308
25/03/2025;09:52;15:58;DFG3S87;Citroen/C4
25/03/2025;09:21;19:10;SDF4G09;Ford/Focus
25/03/2025;09:26;19:26;GHG5H21;Kia/Soul
25/03/2025;08:41;19:02;HJK6J43;Mitsubishi/ASX
25/03/2025;08:06;17:01;JKL7K65;Suzuki/Swift
25/03/2025;09:10;17:47;AJC7M65;Chevrolet/Celta
25/03/2025;08:43;16:32;DEF7L65;Fiat/Uno
25/03/2025;10:42;18:02;JBL7K65;Ford/Fiesta
26/03/2025;06:24;16:30;ALC1D23;Toyota/Corolla
26/03/2025;06:10;16:29;JDL2M45;Chevrolet/Onix
26/03/2025;06:41;16:29;QWE3R67;Volkswagen/Polo
26/03/2025;06:09;17:44;RTY4U89;Hyundai/HB20
26/03/2025;06:36;16:22;UIO5P10;Honda/Civic
26/03/2025;06:14;18:11;ASD6F32;Nissan/Kicks
26/03/2025;06:49;17:43;ZXC7V54;Fiat/Fastback
26/03/2025;06:31;16:03;VBN8G76;Renault/Kwid
26/03/2025;06:03;17:13;MNB9H98;Jeep/Compass
26/03/2025;06:32;19:41;POI0J21;Peugeot/208
26/03/2025;06:11;17:19;LKM1Z43;Citroen/C3
26/03/2025;06:38;17:07;HGF2X65;BYD/Dolphin
26/03/2025;06:55;19:08;QAZ3W87;Toyota/Etios
26/03/2025;09:46;19:56;WSX4E09;Chevrolet/Cruze
26/03/2025;09:24;15:20;EDC5R21;Volkswagen/Fox
26/03/2025;09:47;15:20;RFV6T43;Hyundai/Tucson
26/03/2025;08:19;17:00;TGB7Y65;Honda/Fit
26/03/2025;09:11;16:30;YHN8U87;Nissan/March
26/03/2025;09:14;17:53;UJM9I09;Fiat/Palio
26/03/2025;08:51;16:58;IKL0O21;Renault/Sandero
26/03/2025;09:17;15:01;OLP1P43;Jeep/Renegade
26/03/2025;09:07;18:39;PAS2D65;Peugeot/308
26/03/2025;09:45;15:06;DFG3S87;Citroen/C4
26/03/2025;09:10;16:57;SDF4G09;Ford/Focus
26/03/2025;09:02;15:26;GHG5H21;Kia/Soul
26/03/2025;09:11;16:14;HJK6J43;Mitsubishi/ASX
26/03/2025;08:51;17:58;JKL7K65;Suzuki/Swift
26/03/2025;08:35;19:19;AJC7M65;Chevrolet/Celta
26/03/2025;08:55;18:53;DEF7L65;Fiat/Uno
26/03/2025;09:17;16:46;JBL7K65;Ford/Fiesta
27/03/2025;06:12;15:53;ALC1D23;Toyota/Corolla
27/03/2025;06:04;18:28;JDL2M45;Chevrolet/Onix
27/03/2025;06:05;15:24;QWE3R67;Volkswagen/Polo
27/03/2025;06:09;17:05;RTY4U89;Hyundai/HB20
27/03/2025;06:50;17:54;UIO5P10;Honda/Civic
27/03/2025;06:29;18:18;ASD6F32;Nissan/Kicks
27/03/2025;06:06;19:56;ZXC7V54;Fiat/Fastback
27/03/2025;06:18;15:27;VBN8G76;Renault/Kwid
27/03/2025;06:33;19:05;MNB9H98;Jeep/Compass
27/03/2025;06:31;19:29;POI0J21;Peugeot/208
27/03/2025;06:45;15:39;LKM1Z43;Citroen/C3
27/03/2025;06:36;16:33;HGF2X65;BYD/Dolphin
27/03/2025;06:32;19:01;QAZ3W87;Toyota/Etios
27/03/2025;09:25;17:39;WSX4E09;Chevrolet/Cruze
27/03/2025;08:59;18:07;EDC5R21;Volkswagen/Fox
27/03/2025;09:38;18:22;RFV6T43;Hyundai/Tucson
27/03/2025;08:38;15:11;TGB7Y65;Honda/Fit
27/03/2025;08:37;16:22;YHN8U87;Nissan/March
27/03/2025;09:24;19:50;UJM9I09;Fiat/Palio
27/03/2025;08:20;19:50;IKL0O21;Renault/Sandero
27/03/2025;09:43;16:21;OLP1P43;Jeep/Renegade
27/03/2025;09:47;15:44;PAS2D65;Peugeot/308
27/03/2025;08:37;19:57;DFG3S87;Citroen/C4
27/03/2025;09:29;19:22;SDF4G09;Ford/Focus
27/03/2025;09:04;19:49;GHG5H21;Kia/Soul
27/03/2025;08:51;18:08;HJK6J43;Mitsubishi/ASX
27/03/2025;09:58;17:21;JKL7K65;Suzuki/Swift
27/03/2025;08:08;16:03;AJC7M65;Chevrolet/Celta
27/03/2025;08:58;17:50;DEF7L65;Fiat/Uno
27/03/2025;09:03;17:53;JBL7K65;Ford/Fiesta
28/03/2025;06:40;18:54;ALC1D23;Toyota/Corolla
28/03/2025;06:30;18:24;JDL2M45;Chevrolet/Onix
28/03/2025;06:30;15:52;QWE3R67;Volkswagen/Polo
28/03/2025;06:54;16:49;RTY4U89;Hyundai/HB20
28/03/2025;06:44;15:07;UIO5P10;Honda/Civic
28/03/2025;06:57;15:35;ASD6F32;Nissan/Kicks
28/03/2025;06:30;18:44;ZXC7V54;Fiat/Fastback
28/03/2025;06:49;17:16;VBN8G76;Renault/Kwid
28/03/2025;06:48;16:06;MNB9H98;Jeep/Compass
28/03/2025;06:52;15:48;POI0J21;Peugeot/208
28/03/2025;06:19;15:33;LKM1Z43;Citroen/C3
28/03/2025;06:42;15:21;HGF2X65;BYD/Dolphin
28/03/2025;06:41;15:18;QAZ3W87;Toyota/Etios
28/03/2025;08:09;17:08;WSX4E09;Chevrolet/Cruze
28/03/2025;09:10;18:34;EDC5R21;Volkswagen/Fox
28/03/2025;08:54;18:25;RFV6T43;Hyundai/Tucson
28/03/2025;08:58;16:17;TGB7Y65;Honda/Fit
28/03/2025;09:30;18:04;YHN8U87;Nissan/March
28/03/2025;09:32;18:53;UJM9I09;Fiat/Palio
28/03/2025;09:21;19:05;IKL0O21;Renault/Sandero
28/03/2025;09:57;19:52;OLP1P43;Jeep/Renegade
28/03/2025;08:18;19:39;PAS2D65;Peugeot/308
28/03/2025;08:20;15:19;DFG3S87;Citroen/C4
28/03/2025;09:32;15:30;SDF4G09;Ford/Focus
28/03/2025;08:56;19:28;GHG5H21;Kia/Soul
28/03/2025;08:27;19:17;HJK6J43;Mitsubishi/ASX
28/03/2025;08:54;19:08;JKL7K65;Suzuki/Swift
28/03/2025;10:38;16:22;AJC7M65;Chevrolet/Celta
28/03/2025;08:59;16:56;DEF7L65;Fiat/Uno
28/03/2025;08:48;18:26;JBL7K65;Ford/Fiesta
29/03/2025;09:52;16:54;WSX4E09;Chevrolet/Cruze
29/03/2025;09:27;16:38;EDC5R21;Volkswagen/Fox
29/03/2025;08:47;16:14;TGB7Y65;Honda/Fit
29/03/2025;08:45;16:53;IKL0O21;Renault/Sandero
29/03/2025;08:06;19:30;PAS2D65;Peugeot/308
29/03/2025;09:53;19:38;SDF4G09;Ford/Focus
29/03/2025;08:22;19:41;GHG5H21;Kia/Soul
29/03/2025;08:26;17:54;HJK6J43;Mitsubishi/ASX
31/03/2025;06:56;17:04;ALC1D23;Toyota/Corolla
31/03/2025;06:40;15:03;JDL2M45;Chevrolet/Onix
31/03/2025;06:10;18:47;QWE3R67;Volkswagen/Polo
31/03/2025;06:36;16:46;RTY4U89;Hyundai/HB20
31/03/2025;06:06;16:39;UIO5P10;Honda/Civic
31/03/2025;06:58;18:28;ASD6F32;Nissan/Kicks
31/03/2025;06:31;17:39;ZXC7V54;Fiat/Fastback
31/03/2025;06:45;18:39;VBN8G76;Renault/Kwid
31/03/2025;06:28;17:09;MNB9H98;Jeep/Compass
31/03/2025;06:55;19:26;POI0J21;Peugeot/208
31/03/2025;06:22;18:49;LKM1Z43;Citroen/C3
31/03/2025;06:23;18:46;HGF2X65;BYD/Dolphin
31/03/2025;06:38;19:21;QAZ3W87;Toyota/Etios
31/03/2025;09:21;15:43;WSX4E09;Chevrolet/Cruze
31/03/2025;08:53;19:09;EDC5R21;Volkswagen/Fox
31/03/2025;09:34;17:56;RFV6T43;Hyundai/Tucson
31/03/2025;08:22;16:58;TGB7Y65;Honda/Fit
31/03/2025;09:58;17:54;YHN8U87;Nissan/March
31/03/2025;09:06;18:24;UJM9I09;Fiat/Palio
31/03/2025;08:14;16:34;IKL0O21;Renault/Sandero
31/03/2025;08:09;16:38;OLP1P43;Jeep/Renegade
31/03/2025;08:03;19:18;PAS2D65;Peugeot/308
31/03/2025;08:49;18:33;DFG3S87;Citroen/C4
31/03/2025;09:31;19:47;SDF4G09;Ford/Focus
31/03/2025;08:41;17:43;GHG5H21;Kia/Soul
31/03/2025;08:12;17:40;HJK6J43;Mitsubishi/ASX
31/03/2025;08:33;18:18;JKL7K65;Suzuki/Swift
31/03/2025;10:07;18:00;AJC7M65;Chevrolet/Celta
31/03/2025;10:47;19:11;DEF7L65;Fiat/Uno
31/03/2025;10:20;15:00;JBL7K65;Ford/Fiesta
01/04/2025;06:41;19:16;ALC1D23;Toyota/Corolla
01/04/2025;06:11;15:24;JDL2M45;Chevrolet/Onix
01/04/2025;06:36;19:25;QWE3R67;Volkswagen/Polo
01/04/2025;06:51;15:48;RTY4U89;Hyundai/HB20
01/04/2025;06:47;16:42;UIO5P10;Honda/Civic
01/04/2025;06:00;15:38;ASD6F32;Nissan/Kicks
01/04/2025;06:33;16:56;ZXC7V54;Fiat/Fastback
01/04/2025;06:16;18:22;VBN8G76;Renault/Kwid
01/04/2025;06:07;16:16;MNB9H98;Jeep/Compass
01/04/2025;06:33;17:10;POI0J21;Peugeot/208
01/04/2025;06:09;15:29;LKM1Z43;Citroen/C3
01/04/2025;06:25;15:22;HGF2X65;BYD/Dolphin
01/04/2025;06:08;18:19;QAZ3W87;Toyota/Etios
01/04/2025;08:59;15:35;WSX4E09;Chevrolet/Cruze
01/04/2025;09:52;19:38;EDC5R21;Volkswagen/Fox
01/04/2025;08:26;15:11;RFV6T43;Hyundai/Tucson
01/04/2025;09:43;19:38;TGB7Y65;Honda/Fit
01/04/2025;08:13;17:13;YHN8U87;Nissan/March
01/04/2025;08:37;16:47;UJM9I09;Fiat/Palio
01/04/2025;09:29;19:36;IKL0O21;Renault/Sandero
01/04/2025;08:19;15:13;OLP1P43;Jeep/Renegade
01/04/2025;08:20;19:49;PAS2D65;Peugeot/308
01/04/2025;09:32;17:19;DFG3S87;Citroen/C4
01/04/2025;08:38;15:03;SDF4G09;Ford/Focus
01/04/2025;08:10;15:42;GHG5H21;Kia/Soul
01/04/2025;08:12;19:32;HJK6J43;Mitsubishi/ASX
01/04/2025;08:02;19:06;JKL7K65;Suzuki/Swift
01/04/2025;09:06;16:17;AJC7M65;Chevrolet/Celta
01/04/2025;10:23;15:18;DEF7L65;Fiat/Uno
01/04/2025;09:59;16:28;JBL7K65;Ford/Fiesta
02/04/2025;06:07;18:28;ALC1D23;Toyota/Corolla
02/04/2025;06:57;17:48;JDL2M45;Chevrolet/Onix
02/04/2025;06:22;17:54;QWE3R67;Volkswagen/Polo
02/04/2025;06:00;18:51;RTY4U89;Hyundai/HB20
02/04/2025;06:44;18:01;UIO5P10;Honda/Civic
02/04/2025;06:12;18:25;ASD6F32;Nissan/Kicks
02/04/2025;06:37;17:47;ZXC7V54;Fiat/Fastback
02/04/2025;06:31;17:31;VBN8G76;Renault/Kwid
02/04/2025;06:10;19:21;MNB9H98;Jeep/Compass
02/04/2025;06:29;18:15;POI0J21;Peugeot/208
02/04/2025;06:30;15:49;LKM1Z43;Citroen/C3
02/04/2025;06:30;18:11;HGF2X65;BYD/Dolphin
02/04/2025;06:55;15:59;QAZ3W87;Toyota/Etios
02/04/2025;08:07;19:40;WSX4E09;Chevrolet/Cruze
02/04/2025;09:42;19:40;EDC5R21;Volkswagen/Fox
02/04/2025;09:11;15:19;RFV6T43;Hyundai/Tucson
02/04/2025;09:51;19:14;TGB7Y65;Honda/Fit
02/04/2025;09:32;17:09;YHN8U87;Nissan/March
02/04/2025;09:06;18:01;UJM9I09;Fiat/Palio
02/04/2025;09:28;18:32;IKL0O21;Renault/Sandero
02/04/2025;09:03;16:49;OLP1P43;Jeep/Renegade
02/04/2025;09:55;17:29;PAS2D65;Peugeot/308
02/04/2025;08:21;18:22;DFG3S87;Citroen/C4
02/04/2025;09:35;19:18;SDF4G09;Ford/Focus
02/04/2025;09:14;18:39;GHG5H21;Kia/Soul
02/04/2025;08:14;18:00;HJK6J43;Mitsubishi/ASX
02/04/2025;08:01;18:15;JKL7K65;Suzuki/Swift
02/04/2025;10:44;15:44;AJC7M65;Chevrolet/Celta
02/04/2025;09:56;16:32;DEF7L65;Fiat/Uno
02/04/2025;10:04;16:10;JBL7K65;Ford/Fiesta
03/04/2025;06:55;17:03;ALC1D23;Toyota/Corolla
03/04/2025;06:28;18:38;JDL2M45;Chevrolet/Onix
03/04/2025;06:27;18:57;QWE3R67;Volkswagen/Polo
03/04/2025;06:22;17:51;RTY4U89;Hyundai/HB20
03/04/2025;06:46;15:16;UIO5P10;Honda/Civic
03/04/2025;06:25;18:44;ASD6F32;Nissan/Kicks
03/04/2025;06:37;17:53;ZXC7V54;Fiat/Fastback
03/04/2025;06:24;19:07;VBN8G76;Renault/Kwid
03/04/2025;06:15;19:00;MNB9H98;Jeep/Compass
03/04/2025;06:00;19:13;POI0J21;Peugeot/208
03/04/2025;06:23;15:40;LKM1Z43;Citroen/C3
03/04/2025;06:47;19:42;HGF2X65;BYD/Dolphin
03/04/2025;06:17;18:45;QAZ3W87;Toyota/Etios
03/04/2025;09:36;16:45;WSX4E09;Chevrolet/Cruze
03/04/2025;09:49;17:16;EDC5R21;Volkswagen/Fox
03/04/2025;08:40;15:23;RFV6T43;Hyundai/Tucson
03/04/2025;08:21;19:11;TGB7Y65;Honda/Fit
03/04/2025;08:32;19:03;YHN8U87;Nissan/March
03/04/2025;08:31;19:38;UJM9I09;Fiat/Palio
03/04/2025;08:41;17:48;IKL0O21;Renault/Sandero
03/04/2025;09:08;17:08;OLP1P43;Jeep/Renegade
03/04/2025;08:12;19:44;PAS2D65;Peugeot/308
03/04/2025;08:33;19:42;DFG3S87;Citroen/C4
03/04/2025;09:03;15:12;SDF4G09;Ford/Focus
03/04/2025;09:52;16:33;GHG5H21;Kia/Soul
03/04/2025;08:04;16:44;HJK6J43;Mitsubishi/ASX
03/04/2025;09:24;15:12;JKL7K65;Suzuki/Swift
03/04/2025;08:22;19:33;AJC7M65;Chevrolet/Celta
03/04/2025;09:08;18:45;DEF7L65;Fiat/Uno
03/04/2025;09:04;17:37;JBL7K65;Ford/Fiesta
04/04/2025;06:47;17:32;ALC1D23;Toyota/Corolla
04/04/2025;06:50;19:33;JDL2M45;Chevrolet/Onix
04/04/2025;06:21;15:22;QWE3R67;Volkswagen/Polo
04/04/2025;06:43;15:57;RTY4U89;Hyundai/HB20
04/04/2025;06:04;19:00;UIO5P10;Honda/Civic
04/04/2025;06:26;17:14;ASD6F32;Nissan/Kicks
04/04/2025;06:47;15:53;ZXC7V54;Fiat/Fastback
04/04/2025;06:59;19:45;VBN8G76;Renault/Kwid
04/04/2025;06:31;16:29;MNB9H98;Jeep/Compass
04/04/2025;06:48;19:27;POI0J21;Peugeot/208
04/04/2025;06:22;18:59;LKM1Z43;Citroen/C3
04/04/2025;06:39;19:06;HGF2X65;BYD/Dolphin
04/04/2025;06:45;16:46;QAZ3W87;Toyota/Etios
04/04/2025;08:07;17:32;WSX4E09;Chevrolet/Cruze
04/04/2025;09:52;16:22;EDC5R21;Volkswagen/Fox
04/04/2025;09:59;15:14;RFV6T43;Hyundai/Tucson
04/04/2025;09:38;16:01;TGB7Y65;Honda/Fit
04/04/2025;09:36;15:36;YHN8U87;Nissan/March
04/04/2025;08:44;18:29;UJM9I09;Fiat/Palio
04/04/2025;09:29;18:26;IKL0O21;Renault/Sandero
04/04/2025;09:50;15:38;OLP1P43;Jeep/Renegade
04/04/2025;08:07;16:26;PAS2D65;Peugeot/308
04/04/2025;08:23;19:54;DFG3S87;Citroen/C4
04/04/2025;09:32;17:50;SDF4G09;Ford/Focus
04/04/2025;08:52;15:17;GHG5H21;Kia/Soul
04/04/2025;08:53;19:10;HJK6J43;Mitsubishi/ASX
04/04/2025;09:10;18:33;JKL7K65;Suzuki/Swift
04/04/2025;08:28;16:53;AJC7M65;Chevrolet/Celta
04/04/2025;09:33;17:56;DEF7L65;Fiat/Uno
04/04/2025;09:33;18:06;JBL7K65;Ford/Fiesta
05/04/2025;08:32;15:40;WSX4E09;Chevrolet/Cruze
05/04/2025;09:38;16:01;TGB7Y65;Honda/Fit
05/04/2025;09:23;18:02;YHN8U87;Nissan/March
05/04/2025;09:11;16:09;IKL0O21;Renault/Sandero
05/04/2025;09:17;15:51;OLP1P43;Jeep/Renegade
05/04/2025;08:29;18:01;PAS2D65;Peugeot/308
05/04/2025;08:52;16:56;DFG3S87;Citroen/C4
05/04/2025;09:37;19:26;GHG5H21;Kia/Soul
07/04/2025;06:30;19:24;ALC1D23;Toyota/Corolla
07/04/2025;06:59;18:35;JDL2M45;Chevrolet/Onix
07/04/2025;06:34;18:53;QWE3R67;Volkswagen/Polo
07/04/2025;06:17;18:09;RTY4U89;Hyundai/HB20
07/04/2025;06:32;16:22;UIO5P10;Honda/Civic
07/04/2025;06:40;19:33;ASD6F32;Nissan/Kicks
07/04/2025;06:41;16:17;ZXC7V54;Fiat/Fastback
07/04/2025;06:05;18:03;VBN8G76;Renault/Kwid
07/04/2025;06:50;17:11;MNB9H98;Jeep/Compass
07/04/2025;06:06;15:03;POI0J21;Peugeot/208
07/04/2025;06:22;16:31;LKM1Z43;Citroen/C3
07/04/2025;06:11;17:07;HGF2X65;BYD/Dolphin
07/04/2025;06:13;15:43;QAZ3W87;Toyota/Etios
07/04/2025;09:15;18:51;WSX4E09;Chevrolet/Cruze
07/04/2025;09:52;17:06;EDC5R21;Volkswagen/Fox
07/04/2025;08:07;16:37;RFV6T43;Hyundai/Tucson
07/04/2025;08:31;19:41;TGB7Y65;Honda/Fit
07/04/2025;08:58;17:01;YHN8U87;Nissan/March
07/04/2025;09:46;17:59;UJM9I09;Fiat/Palio
07/04/2025;08:12;16:39;IKL0O21;Renault/Sandero
07/04/2025;08:56;18:28;OLP1P43;Jeep/Renegade
07/04/2025;09:53;15:35;PAS2D65;Peugeot/308
07/04/2025;09:42;19:21;DFG3S87;Citroen/C4
07/04/2025;08:55;16:53;SDF4G09;Ford/Focus
07/04/2025;08:01;15:56;GHG5H21;Kia/Soul
07/04/2025;08:25;16:18;HJK6J43;Mitsubishi/ASX
07/04/2025;10:14;17:52;JKL7K65;Suzuki/Swift
07/04/2025;08:40;16:12;AJC7M65;Chevrolet/Celta
07/04/2025;08:12;17:03;DEF7L65;Fiat/Uno
07/04/2025;10:56;17:13;JBL7K65;Ford/Fiesta
08/04/2025;06:25;17:17;ALC1D23;Toyota/Corolla
08/04/2025;06:08;18:12;JDL2M45;Chevrolet/Onix
08/04/2025;06:59;16:32;QWE3R67;Volkswagen/Polo
08/04/2025;06:25;18:22;RTY4U89;Hyundai/HB20
08/04/2025;06:21;18:51;UIO5P10;Honda/Civic
08/04/2025;06:56;17:15;ASD6F32;Nissan/Kicks
08/04/2025;06:23;18:30;ZXC7V54;Fiat/Fastback
08/04/2025;06:44;18:47;VBN8G76;Renault/Kwid
08/04/2025;06:41;17:57;MNB9H98;Jeep/Compass
08/04/2025;06:13;17:43;POI0J21;Peugeot/208
08/04/2025;06:20;15:54;LKM1Z43;Citroen/C3
08/04/2025;06:34;16:57;HGF2X65;BYD/Dolphin
08/04/2025;06:56;15:23;QAZ3W87;Toyota/Etios
08/04/2025;09:34;16:56;WSX4E09;Chevrolet/Cruze
08/04/2025;09:16;19:42;EDC5R21;Volkswagen/Fox
08/04/2025;08:51;17:32;RFV6T43;Hyundai/Tucson
08/04/2025;09:14;16:21;TGB7Y65;Honda/Fit
08/04/2025;08:39;15:30;YHN8U87;Nissan/March
08/04/2025;09:33;17:16;UJM9I09;Fiat/Palio
08/04/2025;09:31;17:49;IKL0O21;Renault/Sandero
08/04/2025;09:23;18:24;OLP1P43;Jeep/Renegade
08/04/2025;08:15;17:02;PAS2D65;Peugeot/308
08/04/2025;08:11;17:04;DFG3S87;Citroen/C4
08/04/2025;09:47;16:31;SDF4G09;Ford/Focus
08/04/2025;08:05;17:50;GHG5H21;Kia/Soul
08/04/2025;09:22;19:21;HJK6J43;Mitsubishi/ASX
08/04/2025;08:52;16:54;JKL7K65;Suzuki/Swift
08/04/2025;09:49;19:30;AJC7M65;Chevrolet/Celta
08/04/2025;08:22;18:58;DEF7L65;Fiat/Uno
08/04/2025;08:08;19:47;JBL7K65;Ford/Fiesta
09/04/2025;06:02;19:25;ALC1D23;Toyota/Corolla
09/04/2025;06:15;17:23;JDL2M45;Chevrolet/Onix
09/04/2025;06:18;16:31;QWE3R67;Volkswagen/Polo
09/04/2025;06:06;16:26;RTY4U89;Hyundai/HB20
09/04/2025;06:09;19:07;UIO5P10;Honda/Civic
09/04/2025;06:29;16:08;ASD6F32;Nissan/Kicks
09/04/2025;06:06;18:19;ZXC7V54;Fiat/Fastback
09/04/2025;06:43;16:21;VBN8G76;Renault/Kwid
09/04/2025;06:40;18:16;MNB9H98;Jeep/Compass
09/04/2025;06:28;18:02;POI0J21;Peugeot/208
09/04/2025;06:52;16:03;LKM1Z43;Citroen/C3
09/04/2025;06:59;19:32;HGF2X65;BYD/Dolphin
09/04/2025;06:28;15:56;QAZ3W87;Toyota/Etios
09/04/2025;09:19;19:38;WSX4E09;Chevrolet/Cruze
09/04/2025;09:11;16:46;EDC5R21;Volkswagen/Fox
09/04/2025;09:59;16:09;RFV6T43;Hyundai/Tucson
09/04/2025;08:54;15:41;TGB7Y65;Honda/Fit
09/04/2025;08:49;17:28;YHN8U87;Nissan/March
09/04/2025;09:55;15:46;UJM9I09;Fiat/Palio
09/04/2025;09:21;19:30;IKL0O21;Renault/Sandero
09/04/2025;08:08;17:56;OLP1P43;Jeep/Renegade
09/04/2025;08:40;15:49;PAS2D65;Peugeot/308
09/04/2025;08:51;15:17;DFG3S87;Citroen/C4
09/04/2025;09:00;16:09;SDF4G09;Ford/Focus
09/04/2025;09:46;19:24;GHG5H21;Kia/Soul
09/04/2025;08:31;18:02;HJK6J43;Mitsubishi/ASX
09/04/2025;09:19;18:12;JKL7K65;Suzuki/Swift
09/04/2025;10:07;16:36;AJC7M65;Chevrolet/Celta
09/04/2025;10:35;19:34;DEF7L65;Fiat/Uno
09/04/2025;10:45;16:11;JBL7K65;Ford/Fiesta
10/04/2025;06:18;18:09;ALC1D23;Toyota/Corolla
10/04/2025;06:23;17:32;JDL2M45;Chevrolet/Onix
10/04/2025;06:28;15:39;QWE3R67;Volkswagen/Polo
10/04/2025;06:09;15:47;RTY4U89;Hyundai/HB20
10/04/2025;06:59;16:38;UIO5P10;Honda/Civic
10/04/2025;06:50;19:50;ASD6F32;Nissan/Kicks
10/04/2025;06:36;15:59;ZXC7V54;Fiat/Fastback
10/04/2025;06:16;17:16;VBN8G76;Renault/Kwid
10/04/2025;06:30;16:13;MNB9H98;Jeep/Compass
10/04/2025;06:07;15:23;POI0J21;Peugeot/208
10/04/2025;06:05;15:07;LKM1Z43;Citroen/C3
10/04/2025;06:17;19:49;HGF2X65;BYD/Dolphin
10/04/2025;06:16;17:57;QAZ3W87;Toyota/Etios
10/04/2025;09:31;17:31;WSX4E09;Chevrolet/Cruze
10/04/2025;09:25;15:42;EDC5R21;Volkswagen/Fox
10/04/2025;09:08;18:35;RFV6T43;Hyundai/Tucson
10/04/2025;08:06;17:51;TGB7Y65;Honda/Fit
10/04/2025;08:56;15:09;YHN8U87;Nissan/March
10/04/2025;08:14;16:25;UJM9I09;Fiat/Palio
10/04/2025;09:10;19:48;IKL0O21;Renault/Sandero
10/04/2025;08:35;18:01;OLP1P43;Jeep/Renegade
10/04/2025;09:06;19:18;PAS2D65;Peugeot/308
10/04/2025;09:31;16:23;DFG3S87;Citroen/C4
10/04/2025;09:50;17:02;SDF4G09;Ford/Focus
10/04/2025;09:49;16:05;GHG5H21;Kia/Soul
10/04/2025;08:43;16:59;HJK6J43;Mitsubishi/ASX
10/04/2025;09:12;18:53;JKL7K65;Suzuki/Swift
10/04/2025;10:16;19:35;AJC7M65;Chevrolet/Celta
10/04/2025;09:11;17:22;DEF7L65;Fiat/Uno
10/04/2025;09:13;19:12;JBL7K65;Ford/Fiesta
11/04/2025;06:12;18:33;ALC1D23;Toyota/Corolla
11/04/2025;06:31;15:21;JDL2M45;Chevrolet/Onix
11/04/2025;06:41;18:01;QWE3R67;Volkswagen/Polo
11/04/2025;06:23;18:19;RTY4U89;Hyundai/HB20
11/04/2025;06:42;16:49;UIO5P10;Honda/Civic
11/04/2025;06:39;15:17;ASD6F32;Nissan/Kicks
11/04/2025;06:03;18:24;ZXC7V54;Fiat/Fastback
11/04/2025;06:59;16:49;VBN8G76;Renault/Kwid
11/04/2025;06:29;18:06;MNB9H98;Jeep/Compass
11/04/2025;06:24;19:10;POI0J21;Peugeot/208
11/04/2025;06:26;17:22;LKM1Z43;Citroen/C3
11/04/2025;06:38;15:59;HGF2X65;BYD/Dolphin
11/04/2025;06:38;15:24;QAZ3W87;Toyota/Etios
11/04/2025;08:37;15:24;WSX4E09;Chevrolet/Cruze
11/04/2025;09:03;15:15;EDC5R21;Volkswagen/Fox
11/04/2025;09:28;16:26;RFV6T43;Hyundai/Tucson
11/04/2025;08:09;19:42;TGB7Y65;Honda/Fit
11/04/2025;09:44;19:52;YHN8U87;Nissan/March
11/04/2025;08:50;16:42;UJM9I09;Fiat/Palio
11/04/2025;08:27;18:03;IKL0O21;Renault/Sandero
11/04/2025;08:11;15:01;OLP1P43;Jeep/Renegade
11/04/2025;09:45;19:42;PAS2D65;Peugeot/308
11/04/2025;09:11;19:02;DFG3S87;Citroen/C4
11/04/2025;09:54;19:04;SDF4G09;Ford/Focus
11/04/2025;08:05;17:07;GHG5H21;Kia/Soul
11/04/2025;08:17;17:03;HJK6J43;Mitsubishi/ASX
11/04/2025;09:00;19:18;JKL7K65;Suzuki/Swift
11/04/2025;08:47;15:56;AJC7M65;Chevrolet/Celta
11/04/2025;09:22;19:35;DEF7L65;Fiat/Uno
11/04/2025;10:51;15:22;JBL7K65;Ford/Fiesta
12/04/2025;09:11;15:19;WSX4E09;Chevrolet/Cruze
12/04/2025;09:37;18:04;UJM9I09;Fiat/Palio
12/04/2025;08:46;15:17;IKL0O21;Renault/Sandero
12/04/2025;08:32;19:43;PAS2D65;Peugeot/308
12/04/2025;08:38;19:00;DFG3S87;Citroen/C4
12/04/2025;08:19;18:58;GHG5H21;Kia/Soul
12/04/2025;09:31;17:14;HJK6J43;Mitsubishi/ASX
14/04/2025;06:49;16:56;ALC1D23;Toyota/Corolla
14/04/2025;06:11;18:18;JDL2M45;Chevrolet/Onix
14/04/2025;06:25;16:59;QWE3R67;Volkswagen/Polo
14/04/2025;06:03;19:26;RTY4U89;Hyundai/HB20
14/04/2025;06:57;15:22;UIO5P10;Honda/Civic
14/04/2025;06:13;15:16;ASD6F32;Nissan/Kicks
14/04/2025;06:05;16:12;ZXC7V54;Fiat/Fastback
14/04/2025;06:15;16:44;VBN8G76;Renault/Kwid
14/04/2025;06:03;16:45;MNB9H98;Jeep/Compass
14/04/2025;06:14;19:23;POI0J21;Peugeot/208
14/04/2025;06:07;16:22;LKM1Z43;Citroen/C3
14/04/2025;06:49;19:52;HGF2X65;BYD/Dolphin
14/04/2025;06:38;17:48;QAZ3W87;Toyota/Etios
14/04/2025;08:03;19:37;WSX4E09;Chevrolet/Cruze
14/04/2025;09:04;19:15;EDC5R21;Volkswagen/Fox
14/04/2025;09:15;15:39;RFV6T43;Hyundai/Tucson
14/04/2025;09:58;18:18;TGB7Y65;Honda/Fit
14/04/2025;09:58;15:41;YHN8U87;Nissan/March
14/04/2025;08:08;19:53;UJM9I09;Fiat/Palio
14/04/2025;08:27;16:57;IKL0O21;Renault/Sandero
14/04/2025;09:47;19:42;OLP1P43;Jeep/Renegade
14/04/2025;08:54;18:07;PAS2D65;Peugeot/308
14/04/2025;08:24;19:35;DFG3S87;Citroen/C4
14/04/2025;09:11;16:14;SDF4G09;Ford/Focus
14/04/2025;09:23;19:32;GHG5H21;Kia/Soul
14/04/2025;09:51;18:57;HJK6J43;Mitsubishi/ASX
14/04/2025;10:20;18:28;JKL7K65;Suzuki/Swift
14/04/2025;09:51;18:00;AJC7M65;Chevrolet/Celta
14/04/2025;10:36;17:20;DEF7L65;Fiat/Uno
14/04/2025;09:42;16:58;JBL7K65;Ford/Fiesta
15/04/2025;06:48;17:48;ALC1D23;Toyota/Corolla
15/04/2025;06:46;19:37;JDL2M45;Chevrolet/Onix
15/04/2025;06:40;19:50;QWE3R67;Volkswagen/Polo
15/04/2025;06:08;17:36;RTY4U89;Hyundai/HB20
15/04/2025;06:00;17:40;UIO5P10;Honda/Civic
15/04/2025;06:18;16:19;ASD6F32;Nissan/Kicks
15/04/2025;06:47;17:42;ZXC7V54;Fiat/Fastback
15/04/2025;06:55;15:31;VBN8G76;Renault/Kwid
15/04/2025;06:21;19:57;MNB9H98;Jeep/Compass
15/04/2025;06:30;18:09;POI0J21;Peugeot/208
15/04/2025;06:38;18:03;LKM1Z43;Citroen/C3
15/04/2025;06:52;19:44;HGF2X65;BYD/Dolphin
15/04/2025;06:38;17:43;QAZ3W87;Toyota/Etios
15/04/2025;08:43;16:21;WSX4E09;Chevrolet/Cruze
15/04/2025;09:36;17:01;EDC5R21;Volkswagen/Fox
15/04/2025;09:13;19:25;RFV6T43;Hyundai/Tucson
15/04/2025;08:42;16:26;TGB7Y65;Honda/Fit
15/04/2025;08:28;17:35;YHN8U87;Nissan/March
15/04/2025;08:08;19:30;UJM9I09;Fiat/Palio
15/04/2025;08:42;15:04;IKL0O21;Renault/Sandero
15/04/2025;09:57;19:44;OLP1P43;Jeep/Renegade
15/04/2025;08:28;15:00;PAS2D65;Peugeot/308
15/04/2025;08:06;16:06;DFG3S87;Citroen/C4
15/04/2025;08:37;15:12;SDF4G09;Ford/Focus
15/04/2025;09:05;19:20;GHG5H21;Kia/Soul
15/04/2025;08:03;19:37;HJK6J43;Mitsubishi/ASX
15/04/2025;08:03;16:18;JKL7K65;Suzuki/Swift
15/04/2025;09:06;16:23;AJC7M65;Chevrolet/Celta
15/04/2025;09:09;15:48;DEF7L65;Fiat/Uno
15/04/2025;08:28;16:15;JBL7K65;Ford/Fiesta
16/04/2025;06:44;15:56;ALC1D23;Toyota/Corolla
16/04/2025;06:55;18:36;JDL2M45;Chevrolet/Onix
16/04/2025;06:00;16:49;QWE3R67;Volkswagen/Polo
16/04/2025;06:24;18:22;RTY4U89;Hyundai/HB20
16/04/2025;06:15;16:54;UIO5P10;Honda/Civic
16/04/2025;06:55;15:22;ASD6F32;Nissan/Kicks
16/04/2025;06:32;15:07;ZXC7V54;Fiat/Fastback
16/04/2025;06:50;15:20;VBN8G76;Renault/Kwid
16/04/2025;06:43;15:26;MNB9H98;Jeep/Compass
16/04/2025;06:01;16:26;POI0J21;Peugeot/208
16/04/2025;06:09;19:51;LKM1Z43;Citroen/C3
16/04/2025;06:14;18:22;HGF2X65;BYD/Dolphin
16/04/2025;06:35;16:50;QAZ3W87;Toyota/Etios
16/04/2025;09:30;18:21;WSX4E09;Chevrolet/Cruze
16/04/2025;09:13;18:59;EDC5R21;Volkswagen/Fox
16/04/2025;09:16;18:25;RFV6T43;Hyundai/Tucson
16/04/2025;08:45;17:05;TGB7Y65;Honda/Fit
16/04/2025;08:57;19:02;YHN8U87;Nissan/March
16/04/2025;09:36;18:37;UJM9I09;Fiat/Palio
16/04/2025;08:28;15:47;IKL0O21;Renault/Sandero
16/04/2025;08:11;17:38;OLP1P43;Jeep/Renegade
16/04/2025;09:44;17:08;PAS2D65;Peugeot/308
16/04/2025;08:52;16:37;DFG3S87;Citroen/C4
16/04/2025;08:32;16:13;SDF4G09;Ford/Focus
16/04/2025;09:54;18:29;GHG5H21;Kia/Soul
16/04/2025;09:09;17:33;HJK6J43;Mitsubishi/ASX
16/04/2025;10:40;18:10;JKL7K65;Suzuki/Swift
16/04/2025;08:27;18:51;AJC7M65;Chevrolet/Celta
16/04/2025;08:26;17:32;DEF7L65;Fiat/Uno
16/04/2025;10:32;17:26;JBL7K65;Ford/Fiesta
17/04/2025;06:48;17:48;ALC1D23;Toyota/Corolla
17/04/2025;06:51;16:02;JDL2M45;Chevrolet/Onix
17/04/2025;06:59;18:54;QWE3R67;Volkswagen/Polo
17/04/2025;06:52;15:58;RTY4U89;Hyundai/HB20
17/04/2025;06:41;17:44;UIO5P10;Honda/Civic
17/04/2025;06:50;16:34;ASD6F32;Nissan/Kicks
17/04/2025;06:06;17:39;ZXC7V54;Fiat/Fastback
17/04/2025;06:56;18:18;VBN8G76;Renault/Kwid
17/04/2025;06:55;19:34;MNB9H98;Jeep/Compass
17/04/2025;06:35;19:34;POI0J21;Peugeot/208
17/04/2025;06:13;16:30;LKM1Z43;Citroen/C3
17/04/2025;06:16;17:04;HGF2X65;BYD/Dolphin
17/04/2025;06:08;16:10;QAZ3W87;Toyota/Etios
17/04/2025;09:45;19:26;WSX4E09;Chevrolet/Cruze
17/04/2025;09:15;16:53;EDC5R21;Volkswagen/Fox
17/04/2025;09:54;15:30;RFV6T43;Hyundai/Tucson
17/04/2025;08:49;15:50;TGB7Y65;Honda/Fit
17/04/2025;09:16;17:07;YHN8U87;Nissan/March
17/04/2025;08:13;17:56;UJM9I09;Fiat/Palio
17/04/2025;09:36;19:59;IKL0O21;Renault/Sandero
17/04/2025;08:11;19:49;OLP1P43;Jeep/Renegade
17/04/2025;09:18;16:14;PAS2D65;Peugeot/308
17/04/2025;08:05;16:13;DFG3S87;Citroen/C4
17/04/2025;09:28;19:44;SDF4G09;Ford/Focus
17/04/2025;09:35;17:09;GHG5H21;Kia/Soul
17/04/2025;09:44;19:38;HJK6J43;Mitsubishi/ASX
17/04/2025;09:46;17:56;JKL7K65;Suzuki/Swift
17/04/2025;08:17;17:15;AJC7M65;Chevrolet/Celta
17/04/2025;09:32;18:02;DEF7L65;Fiat/Uno
17/04/2025;08:54;16:08;JBL7K65;Ford/Fiesta
18/04/2025;06:47;16:23;ALC1D23;Toyota/Corolla
18/04/2025;06:54;16:54;JDL2M45;Chevrolet/Onix
18/04/2025;06:20;18:13;QWE3R67;Volkswagen/Polo
18/04/2025;06:40;16:32;RTY4U89;Hyundai/HB20
18/04/2025;06:55;15:29;UIO5P10;Honda/Civic
18/04/2025;06:17;17:06;ASD6F32;Nissan/Kicks
18/04/2025;06:03;16:27;ZXC7V54;Fiat/Fastback
18/04/2025;06:35;15:06;VBN8G76;Renault/Kwid
18/04/2025;06:51;19:05;MNB9H98;Jeep/Compass
18/04/2025;06:10;18:49;POI0J21;Peugeot/208
18/04/2025;06:30;17:04;LKM1Z43;Citroen/C3
18/04/2025;06:42;15:53;HGF2X65;BYD/Dolphin
18/04/2025;06:23;17:35;QAZ3W87;Toyota/Etios
18/04/2025;08:34;16:41;WSX4E09;Chevrolet/Cruze
18/04/2025;08:19;19:00;EDC5R21;Volkswagen/Fox
18/04/2025;08:31;18:10;RFV6T43;Hyundai/Tucson
18/04/2025;08:52;16:45;TGB7Y65;Honda/Fit
18/04/2025;09:00;16:53;YHN8U87;Nissan/March
18/04/2025;08:29;16:21;UJM9I09;Fiat/Palio
18/04/2025;09:41;16:10;IKL0O21;Renault/Sandero
18/04/2025;08:51;18:40;OLP1P43;Jeep/Renegade
18/04/2025;09:35;17:06;PAS2D65;Peugeot/308
18/04/2025;09:49;16:55;DFG3S87;Citroen/C4
18/04/2025;09:25;16:27;SDF4G09;Ford/Focus
18/04/2025;08:29;15:32;GHG5H21;Kia/Soul
18/04/2025;08:45;18:05;HJK6J43;Mitsubishi/ASX
18/04/2025;10:51;18:52;JKL7K65;Suzuki/Swift
18/04/2025;08:21;15:13;AJC7M65;Chevrolet/Celta
18/04/2025;10:42;16:45;DEF7L65;Fiat/Uno
18/04/2025;10:42;15:48;JBL7K65;Ford/Fiesta
19/04/2025;08:52;18:51;WSX4E09;Chevrolet/Cruze
19/04/2025;09:15;19:40;EDC5R21;Volkswagen/Fox
19/04/2025;08:14;18:41;TGB7Y65;Honda/Fit
19/04/2025;09:53;17:45;IKL0O21;Renault/Sandero
19/04/2025;08:00;16:43;OLP1P43;Jeep/Renegade
19/04/2025;09:01;16:16;DFG3S87;Citroen/C4
19/04/2025;08:13;17:10;SDF4G09;Ford/Focus
19/04/2025;08:34;17:34;HJK6J43;Mitsubishi/ASX
21/04/2025;06:36;18:25;ALC1D23;Toyota/Corolla
21/04/2025;06:48;18:21;JDL2M45;Chevrolet/Onix
21/04/2025;06:38;16:43;QWE3R67;Volkswagen/Polo
21/04/2025;06:22;19:58;RTY4U89;Hyundai/HB20
21/04/2025;06:06;18:58;UIO5P10;Honda/Civic
21/04/2025;06:13;16:58;ASD6F32;Nissan/Kicks
21/04/2025;06:33;17:04;ZXC7V54;Fiat/Fastback
21/04/2025;06:32;15:04;VBN8G76;Renault/Kwid
21/04/2025;06:43;19:01;MNB9H98;Jeep/Compass
21/04/2025;06:51;17:55;POI0J21;Peugeot/208
21/04/2025;06:57;16:37;LKM1Z43;Citroen/C3
21/04/2025;06:46;18:44;HGF2X65;BYD/Dolphin
21/04/2025;06:57;18:19;QAZ3W87;Toyota/Etios
21/04/2025;08:54;17:26;WSX4E09;Chevrolet/Cruze
21/04/2025;08:06;18:02;EDC5R21;Volkswagen/Fox
21/04/2025;09:06;16:14;RFV6T43;Hyundai/Tucson
21/04/2025;09:43;19:05;TGB7Y65;Honda/Fit
21/04/2025;09:59;16:01;YHN8U87;Nissan/March
21/04/2025;08:38;16:22;UJM9I09;Fiat/Palio
21/04/2025;08:19;19:18;IKL0O21;Renault/Sandero
21/04/2025;09:46;18:27;OLP1P43;Jeep/Renegade
21/04/2025;09:28;18:39;PAS2D65;Peugeot/308
21/04/2025;08:28;18:49;DFG3S87;Citroen/C4
21/04/2025;09:58;15:46;SDF4G09;Ford/Focus
21/04/2025;08:20;19:45;GHG5H21;Kia/Soul
21/04/2025;09:42;19:06;HJK6J43;Mitsubishi/ASX
21/04/2025;09:01;17:39;JKL7K65;Suzuki/Swift
21/04/2025;10:33;17:18;AJC7M65;Chevrolet/Celta
21/04/2025;08:18;18:11;DEF7L65;Fiat/Uno
21/04/2025;10:17;19:20;JBL7K65;Ford/Fiesta
22/04/2025;06:53;16:10;ALC1D23;Toyota/Corolla
22/04/2025;06:44;18:38;JDL2M45;Chevrolet/Onix
22/04/2025;06:43;19:02;QWE3R67;Volkswagen/Polo
22/04/2025;06:01;15:09;RTY4U89;Hyundai/HB20
22/04/2025;06:44;17:10;UIO5P10;Honda/Civic
22/04/2025;06:17;19:02;ASD6F32;Nissan/Kicks
22/04/2025;06:28;17:20;ZXC7V54;Fiat/Fastback
22/04/2025;06:16;16:59;VBN8G76;Renault/Kwid
22/04/2025;06:01;16:45;MNB9H98;Jeep/Compass
22/04/2025;06:15;17:44;POI0J21;Peugeot/208
22/04/2025;06:25;16:22;LKM1Z43;Citroen/C3
22/04/2025;06:12;15:33;HGF2X65;BYD/Dolphin
22/04/2025;06:39;18:29;QAZ3W87;Toyota/Etios
22/04/2025;08:11;15:02;WSX4E09;Chevrolet/Cruze
22/04/2025;08:57;18:45;EDC5R21;Volkswagen/Fox
22/04/2025;08:03;17:20;RFV6T43;Hyundai/Tucson
22/04/2025;09:56;16:03;TGB7Y65;Honda/Fit
22/04/2025;09:56;15:20;YHN8U87;Nissan/March
22/04/2025;09:02;19:47;UJM9I09;Fiat/Palio
22/04/2025;08:16;15:36;IKL0O21;Renault/Sandero
22/04/2025;08:30;19:09;OLP1P43;Jeep/Renegade
22/04/2025;08:34;19:13;PAS2D65;Peugeot/308
22/04/2025;09:21;18:18;DFG3S87;Citroen/C4
22/04/2025;09:10;16:56;SDF4G09;Ford/Focus
22/04/2025;09:25;19:46;GHG5H21;Kia/Soul
22/04/2025;08:02;16:25;HJK6J43;Mitsubishi/ASX
22/04/2025;10:33;15:02;JKL7K65;Suzuki/Swift
22/04/2025;10:29;15:29;AJC7M65;Chevrolet/Celta
22/04/2025;08:22;19:37;DEF7L65;Fiat/Uno
22/04/2025;09:58;15:10;JBL7K65;Ford/Fiesta
23/04/2025;06:42;19:26;ALC1D23;Toyota/Corolla
23/04/2025;06:32;16:59;JDL2M45;Chevrolet/Onix
23/04/2025;06:38;15:09;QWE3R67;Volkswagen/Polo
23/04/2025;06:07;18:34;RTY4U89;Hyundai/HB20
23/04/2025;06:52;17:03;UIO5P10;Honda/Civic
23/04/2025;06:38;19:10;ASD6F32;Nissan/Kicks
23/04/2025;06:46;19:30;ZXC7V54;Fiat/Fastback
23/04/2025;06:26;19:03;VBN8G76;Renault/Kwid
23/04/2025;06:02;15:57;MNB9H98;Jeep/Compass
23/04/2025;06:36;16:37;POI0J21;Peugeot/208
23/04/2025;06:55;16:13;LKM1Z43;Citroen/C3
23/04/2025;06:21;15:40;HGF2X65;BYD/Dolphin
23/04/2025;06:17;16:49;QAZ3W87;Toyota/Etios
23/04/2025;08:15;18:27;WSX4E09;Chevrolet/Cruze
23/04/2025;08:36;19:29;EDC5R21;Volkswagen/Fox
23/04/2025;09:01;16:25;RFV6T43;Hyundai/Tucson
23/04/2025;08:52;15:29;TGB7Y65;Honda/Fit
23/04/2025;08:18;18:55;YHN8U87;Nissan/March
23/04/2025;09:51;15:10;UJM9I09;Fiat/Palio
23/04/2025;08:11;18:33;IKL0O21;Renault/Sandero
23/04/2025;08:16;17:56;OLP1P43;Jeep/Renegade
23/04/2025;09:38;17:15;PAS2D65;Peugeot/308
23/04/2025;08:24;16:13;DFG3S87;Citroen/C4
23/04/2025;09:53;16:41;SDF4G09;Ford/Focus
23/04/2025;08:54;15:06;GHG5H21;Kia/Soul
23/04/2025;09:49;18:25;HJK6J43;Mitsubishi/ASX
23/04/2025;09:53;16:21;JKL7K65;Suzuki/Swift
23/04/2025;08:14;18:01;AJC7M65;Chevrolet/Celta
23/04/2025;10:19;19:57;DEF7L65;Fiat/Uno
23/04/2025;09:32;15:13;JBL7K65;Ford/Fiesta
24/04/2025;06:15;16:20;ALC1D23;Toyota/Corolla
24/04/2025;06:53;15:58;JDL2M45;Chevrolet/Onix
24/04/2025;06:44;19:31;QWE3R67;Volkswagen/Polo
24/04/2025;06:12;19:31;RTY4U89;Hyundai/HB20
24/04/2025;06:39;16:54;UIO5P10;Honda/Civic
24/04/2025;06:46;19:23;ASD6F32;Nissan/Kicks
24/04/2025;06:25;18:53;ZXC7V54;Fiat/Fastback
24/04/2025;06:58;15:43;VBN8G76;Renault/Kwid
24/04/2025;06:40;18:22;MNB9H98;Jeep/Compass
24/04/2025;06:49;15:20;POI0J21;Peugeot/208
24/04/2025;06:06;19:20;LKM1Z43;Citroen/C3
24/04/2025;06:33;19:19;HGF2X65;BYD/Dolphin
24/04/2025;06:53;17:45;QAZ3W87;Toyota/Etios
24/04/2025;08:42;19:41;WSX4E09;Chevrolet/Cruze
24/04/2025;08:04;18:44;EDC5R21;Volkswagen/Fox
24/04/2025;09:07;17:06;RFV6T43;Hyundai/Tucson
24/04/2025;08:18;15:57;TGB7Y65;Honda/Fit
24/04/2025;08:17;19:00;YHN8U87;Nissan/March
24/04/2025;09:47;15:56;UJM9I09;Fiat/Palio
24/04/2025;08:05;18:26;IKL0O21;Renault/Sandero
24/04/2025;08:55;16:41;OLP1P43;Jeep/Renegade
24/04/2025;09:48;17:03;PAS2D65;Peugeot/308
24/04/2025;09:29;17:03;DFG3S87;Citroen/C4
24/04/2025;09:22;18:28;SDF4G09;Ford/Focus
24/04/2025;08:47;18:24;GHG5H21;Kia/Soul
24/04/2025;08:56;18:43;HJK6J43;Mitsubishi/ASX
24/04/2025;09:34;17:04;JKL7K65;Suzuki/Swift
24/04/2025;08:12;16:01;AJC7M65;Chevrolet/Celta
24/04/2025;08:04;15:42;DEF7L65;Fiat/Uno
24/04/2025;09:22;19:29;JBL7K65;Ford/Fiesta
25/04/2025;06:59;19:28;ALC1D23;Toyota/Corolla
25/04/2025;06:27;17:31;JDL2M45;Chevrolet/Onix
25/04/2025;06:31;15:25;QWE3R67;Volkswagen/Polo
25/04/2025;06:38;19:31;RTY4U89;Hyundai/HB20
25/04/2025;06:25;17:55;UIO5P10;Honda/Civic
25/04/2025;06:00;17:41;ASD6F32;Nissan/Kicks
25/04/2025;06:52;15:16;ZXC7V54;Fiat/Fastback
25/04/2025;06:32;19:06;VBN8G76;Renault/Kwid
25/04/2025;06:29;18:40;MNB9H98;Jeep/Compass
25/04/2025;06:27;15:25;POI0J21;Peugeot/208
25/04/2025;06:25;15:26;LKM1Z43;Citroen/C3
25/04/2025;06:47;17:27;HGF2X65;BYD/Dolphin
25/04/2025;06:35;15:36;QAZ3W87;Toyota/Etios
25/04/2025;09:36;18:27;WSX4E09;Chevrolet/Cruze
25/04/2025;09:11;16:05;EDC5R21;Volkswagen/Fox
25/04/2025;08:37;18:26;RFV6T43;Hyundai/Tucson
25/04/2025;09:24;18:04;TGB7Y65;Honda/Fit
25/04/2025;08:01;17:24;YHN8U87;Nissan/March
25/04/2025;09:33;17:27;UJM9I09;Fiat/Palio
25/04/2025;08:00;16:17;IKL0O21;Renault/Sandero
25/04/2025;08:31;17:48;OLP1P43;Jeep/Renegade
25/04/2025;09:56;16:52;PAS2D65;Peugeot/308
25/04/2025;09:45;17:48;DFG3S87;Citroen/C4
25/04/2025;09:20;18:26;SDF4G09;Ford/Focus
25/04/2025;09:06;17:41;GHG5H21;Kia/Soul
25/04/2025;09:56;15:38;HJK6J43;Mitsubishi/ASX
25/04/2025;08:45;16:39;JKL7K65;Suzuki/Swift
25/04/2025;09:59;18:03;AJC7M65;Chevrolet/Celta
25/04/2025;08:40;15:49;DEF7L65;Fiat/Uno
25/04/2025;08:56;19:01;JBL7K65;Ford/Fiesta
26/04/2025;09:11;19:21;WSX4E09;Chevrolet/Cruze
26/04/2025;09:08;17:52;EDC5R21;Volkswagen/Fox
26/04/2025;08:52;19:10;RFV6T43;Hyundai/Tucson
26/04/2025;08:09;18:23;TGB7Y65;Honda/Fit
26/04/2025;08:44;18:25;YHN8U87;Nissan/March
26/04/2025;09:28;17:08;IKL0O21;Renault/Sandero
26/04/2025;09:46;16:58;PAS2D65;Peugeot/308
26/04/2025;08:41;15:28;DFG3S87;Citroen/C4
26/04/2025;09:09;19:25;SDF4G09;Ford/Focus
26/04/2025;09:43;18:37;GHG5H21;Kia/Soul
28/04/2025;06:22;16:07;ALC1D23;Toyota/Corolla
28/04/2025;06:23;16:36;JDL2M45;Chevrolet/Onix
28/04/2025;06:38;18:23;QWE3R67;Volkswagen/Polo
28/04/2025;06:47;18:07;RTY4U89;Hyundai/HB20
28/04/2025;06:29;16:02;UIO5P10;Honda/Civic
28/04/2025;06:33;15:14;ASD6F32;Nissan/Kicks
28/04/2025;06:45;17:23;ZXC7V54;Fiat/Fastback
28/04/2025;06:34;15:26;VBN8G76;Renault/Kwid
28/04/2025;06:58;17:45;MNB9H98;Jeep/Compass
28/04/2025;06:02;19:28;POI0J21;Peugeot/208
28/04/2025;06:06;17:50;LKM1Z43;Citroen/C3
28/04/2025;06:04;18:56;HGF2X65;BYD/Dolphin
28/04/2025;06:52;15:12;QAZ3W87;Toyota/Etios
28/04/2025;09:42;15:53;WSX4E09;Chevrolet/Cruze
28/04/2025;08:03;15:24;EDC5R21;Volkswagen/Fox
28/04/2025;09:31;15:13;RFV6T43;Hyundai/Tucson
28/04/2025;08:17;15:47;TGB7Y65;Honda/Fit
28/04/2025;09:14;16:47;YHN8U87;Nissan/March
28/04/2025;09:48;18:50;UJM9I09;Fiat/Palio
28/04/2025;08:36;19:46;IKL0O21;Renault/Sandero
28/04/2025;09:56;19:56;OLP1P43;Jeep/Renegade
28/04/2025;09:36;15:50;PAS2D65;Peugeot/308
28/04/2025;09:19;17:57;DFG3S87;Citroen/C4
28/04/2025;09:19;16:29;SDF4G09;Ford/Focus
28/04/2025;08:25;16:52;GHG5H21;Kia/Soul
28/04/2025;09:01;18:31;HJK6J43;Mitsubishi/ASX
28/04/2025;10:55;17:54;JKL7K65;Suzuki/Swift
28/04/2025;08:46;15:41;AJC7M65;Chevrolet/Celta
28/04/2025;08:50;16:46;DEF7L65;Fiat/Uno
28/04/2025;08:59;18:03;JBL7K65;Ford/Fiesta
29/04/2025;06:02;18:07;ALC1D23;Toyota/Corolla
29/04/2025;06:21;15:22;JDL2M45;Chevrolet/Onix
29/04/2025;06:56;19:45;QWE3R67;Volkswagen/Polo
29/04/2025;06:31;19:52;RTY4U89;Hyundai/HB20
29/04/2025;06:46;16:14;UIO5P10;Honda/Civic
29/04/2025;06:05;15:30;ASD6F32;Nissan/Kicks
29/04/2025;06:48;19:01;ZXC7V54;Fiat/Fastback
29/04/2025;06:52;16:33;VBN8G76;Renault/Kwid
29/04/2025;06:29;15:24;MNB9H98;Jeep/Compass
29/04/2025;06:23;15:04;POI0J21;Peugeot/208
29/04/2025;06:06;18:30;LKM1Z43;Citroen/C3
29/04/2025;06:50;19:06;HGF2X65;BYD/Dolphin
29/04/2025;06:25;16:55;QAZ3W87;Toyota/Etios
29/04/2025;09:48;19:42;WSX4E09;Chevrolet/Cruze
29/04/2025;09:11;16:06;EDC5R21;Volkswagen/Fox
29/04/2025;09:41;17:26;RFV6T43;Hyundai/Tucson
29/04/2025;09:38;16:33;TGB7Y65;Honda/Fit
29/04/2025;09:50;17:40;YHN8U87;Nissan/March
29/04/2025;09:44;16:25;UJM9I09;Fiat/Palio
29/04/2025;09:42;19:47;IKL0O21;Renault/Sandero
29/04/2025;09:33;18:13;OLP1P43;Jeep/Renegade
29/04/2025;08:36;19:41;PAS2D65;Peugeot/308
29/04/2025;09:52;16:18;DFG3S87;Citroen/C4
29/04/2025;08:15;15:00;SDF4G09;Ford/Focus
29/04/2025;08:48;16:24;GHG5H21;Kia/Soul
29/04/2025;09:03;15:58;HJK6J43;Mitsubishi/ASX
29/04/2025;10:13;18:32;JKL7K65;Suzuki/Swift
29/04/2025;10:32;19:25;AJC7M65;Chevrolet/Celta
29/04/2025;09:53;18:47;DEF7L65;Fiat/Uno
29/04/2025;09:57;19:10;JBL7K65;Ford/Fiesta
30/04/2025;06:53;15:16;ALC1D23;Toyota/Corolla
30/04/2025;06:50;19:01;JDL2M45;Chevrolet/Onix
30/04/2025;06:38;19:45;QWE3R67;Volkswagen/Polo
30/04/2025;06:42;18:09;RTY4U89;Hyundai/HB20
30/04/2025;06:26;19:17;UIO5P10;Honda/Civic
30/04/2025;06:48;15:04;ASD6F32;Nissan/Kicks
30/04/2025;06:41;17:23;ZXC7V54;Fiat/Fastback
30/04/2025;06:01;17:36;VBN8G76;Renault/Kwid
30/04/2025;06:55;16:26;MNB9H98;Jeep/Compass
30/04/2025;06:05;18:42;POI0J21;Peugeot/208
30/04/2025;06:11;15:30;LKM1Z43;Citroen/C3
30/04/2025;06:32;18:56;HGF2X65;BYD/Dolphin
30/04/2025;06:04;18:48;QAZ3W87;Toyota/Etios
30/04/2025;09:24;16:45;WSX4E09;Chevrolet/Cruze
30/04/2025;08:29;19:26;EDC5R21;Volkswagen/Fox
30/04/2025;08:09;18:27;RFV6T43;Hyundai/Tucson
30/04/2025;09:56;17:37;TGB7Y65;Honda/Fit
30/04/2025;09:20;15:02;YHN8U87;Nissan/March
30/04/2025;08:10;17:27;UJM9I09;Fiat/Palio
30/04/2025;09:15;18:31;IKL0O21;Renault/Sandero
30/04/2025;09:41;17:48;OLP1P43;Jeep/Renegade
30/04/2025;08:35;15:02;PAS2D65;Peugeot/308
30/04/2025;08:51;18:01;DFG3S87;Citroen/C4
30/04/2025;09:11;19:51;SDF4G09;Ford/Focus
30/04/2025;09:41;19:00;GHG5H21;Kia/Soul
30/04/2025;08:06;19:54;HJK6J43;Mitsubishi/ASX
30/04/2025;09:51;19:48;JKL7K65;Suzuki/Swift
30/04/2025;10:44;15:13;AJC7M65;Chevrolet/Celta
30/04/2025;08:41;18:18;DEF7L65;Fiat/Uno
30/04/2025;10:19;18:52;JBL7K65;Ford/Fiesta
01/05/2025;06:37;17:05;ALC1D23;Toyota/Corolla
01/05/2025;06:57;17:27;JDL2M45;Chevrolet/Onix
01/05/2025;06:48;15:39;QWE3R67;Volkswagen/Polo
01/05/2025;06:58;16:39;RTY4U89;Hyundai/HB20
01/05/2025;06:20;15:35;UIO5P10;Honda/Civic
01/05/2025;06:06;17:54;ASD6F32;Nissan/Kicks
01/05/2025;06:38;15:09;ZXC7V54;Fiat/Fastback
01/05/2025;06:20;15:07;VBN8G76;Renault/Kwid
01/05/2025;06:31;18:30;MNB9H98;Jeep/Compass
01/05/2025;06:09;17:45;POI0J21;Peugeot/208
01/05/2025;06:36;16:32;LKM1Z43;Citroen/C3
01/05/2025;06:08;15:05;HGF2X65;BYD/Dolphin
01/05/2025;06:03;16:55;QAZ3W87;Toyota/Etios
01/05/2025;08:33;16:20;WSX4E09;Chevrolet/Cruze
01/05/2025;08:02;15:50;EDC5R21;Volkswagen/Fox
01/05/2025;09:45;19:30;RFV6T43;Hyundai/Tucson
01/05/2025;08:13;17:56;TGB7Y65;Honda/Fit
01/05/2025;09:48;19:11;YHN8U87;Nissan/March
01/05/2025;08:45;19:24;UJM9I09;Fiat/Palio
01/05/2025;09:17;15:28;IKL0O21;Renault/Sandero
01/05/2025;08:57;17:33;OLP1P43;Jeep/Renegade
01/05/2025;08:29;18:15;PAS2D65;Peugeot/308
01/05/2025;09:09;19:31;DFG3S87;Citroen/C4
01/05/2025;08:20;16:49;SDF4G09;Ford/Focus
01/05/2025;08:09;16:24;GHG5H21;Kia/Soul
01/05/2025;08:44;16:33;HJK6J43;Mitsubishi/ASX
01/05/2025;08:12;18:27;JKL7K65;Suzuki/Swift
01/05/2025;10:09;16:28;AJC7M65;Chevrolet/Celta
01/05/2025;08:35;17:04;DEF7L65;Fiat/Uno
01/05/2025;09:55;19:36;JBL7K65;Ford/Fiesta
02/05/2025;06:43;19:20;ALC1D23;Toyota/Corolla
02/05/2025;06:16;18:34;JDL2M45;Chevrolet/Onix
02/05/2025;06:05;18:41;QWE3R67;Volkswagen/Polo
02/05/2025;06:45;18:14;RTY4U89;Hyundai/HB20
02/05/2025;06:15;16:23;UIO5P10;Honda/Civic
02/05/2025;06:21;15:40;ASD6F32;Nissan/Kicks
02/05/2025;06:11;16:11;ZXC7V54;Fiat/Fastback
02/05/2025;06:30;18:43;VBN8G76;Renault/Kwid
02/05/2025;06:19;16:32;MNB9H98;Jeep/Compass
02/05/2025;06:21;15:08;POI0J21;Peugeot/208
02/05/2025;06:28;16:51;LKM1Z43;Citroen/C3
02/05/2025;06:57;15:58;HGF2X65;BYD/Dolphin
02/05/2025;06:52;15:02;QAZ3W87;Toyota/Etios
02/05/2025;08:47;15:40;WSX4E09;Chevrolet/Cruze
02/05/2025;09:29;19:51;EDC5R21;Volkswagen/Fox
02/05/2025;08:02;19:06;RFV6T43;Hyundai/Tucson
02/05/2025;09:50;15:35;TGB7Y65;Honda/Fit
02/05/2025;08:11;15:25;YHN8U87;Nissan/March
02/05/2025;09:54;18:37;UJM9I09;Fiat/Palio
02/05/2025;09:10;18:40;IKL0O21;Renault/Sandero
02/05/2025;08:41;17:50;OLP1P43;Jeep/Renegade
02/05/2025;09:35;18:40;PAS2D65;Peugeot/308
02/05/2025;08:17;17:44;DFG3S87;Citroen/C4
02/05/2025;08:26;17:24;SDF4G09;Ford/Focus
02/05/2025;08:08;17:09;GHG5H21;Kia/Soul
02/05/2025;08:43;17:54;HJK6J43;Mitsubishi/ASX
02/05/2025;08:03;18:49;JKL7K65;Suzuki/Swift
02/05/2025;10:52;18:07;AJC7M65;Chevrolet/Celta
02/05/2025;09:55;15:07;DEF7L65;Fiat/Uno
02/05/2025;10:21;19:03;JBL7K65;Ford/Fiesta
03/05/2025;08:43;18:26;WSX4E09;Chevrolet/Cruze
03/05/2025;09:58;17:01;TGB7Y65;Honda/Fit
03/05/2025;09:05;17:46;UJM9I09;Fiat/Palio
03/05/2025;09:28;16:50;IKL0O21;Renault/Sandero
03/05/2025;09:59;17:16;PAS2D65;Peugeot/308
05/05/2025;06:39;18:18;ALC1D23;Toyota/Corolla
05/05/2025;06:58;17:02;JDL2M45;Chevrolet/Onix
05/05/2025;06:15;18:20;QWE3R67;Volkswagen/Polo
05/05/2025;06:10;18:37;RTY4U89;Hyundai/HB20
05/05/2025;06:01;17:35;UIO5P10;Honda/Civic
05/05/2025;06:08;18:02;ASD6F32;Nissan/Kicks
05/05/2025;06:41;18:08;ZXC7V54;Fiat/Fastback
05/05/2025;06:48;17:07;VBN8G76;Renault/Kwid
05/05/2025;06:42;16:29;MNB9H98;Jeep/Compass
05/05/2025;06:16;17:39;POI0J21;Peugeot/208
05/05/2025;06:23;19:05;LKM1Z43;Citroen/C3
05/05/2025;06:00;19:12;HGF2X65;BYD/Dolphin
05/05/2025;06:24;19:26;QAZ3W87;Toyota/Etios
05/05/2025;08:53;17:55;WSX4E09;Chevrolet/Cruze
05/05/2025;08:52;15:24;EDC5R21;Volkswagen/Fox
05/05/2025;08:28;17:31;RFV6T43;Hyundai/Tucson
05/05/2025;08:40;17:45;TGB7Y65;Honda/Fit
05/05/2025;08:23;16:20;YHN8U87;Nissan/March
05/05/2025;09:13;15:25;UJM9I09;Fiat/Palio
05/05/2025;08:27;19:49;IKL0O21;Renault/Sandero
05/05/2025;09:35;17:09;OLP1P43;Jeep/Renegade
05/05/2025;08:01;16:01;PAS2D65;Peugeot/308
05/05/2025;09:25;19:26;DFG3S87;Citroen/C4
05/05/2025;08:51;19:11;SDF4G09;Ford/Focus
05/05/2025;09:26;17:27;GHG5H21;Kia/Soul
05/05/2025;08:15;17:04;HJK6J43;Mitsubishi/ASX
05/05/2025;09:19;18:31;JKL7K65;Suzuki/Swift
05/05/2025;09:36;16:16;AJC7M65;Chevrolet/Celta
05/05/2025;09:17;15:09;DEF7L65;Fiat/Uno
05/05/2025;10:12;16:30;JBL7K65;Ford/Fiesta
06/05/2025;06:37;19:54;ALC1D23;Toyota/Corolla
06/05/2025;06:57;15:16;JDL2M45;Chevrolet/Onix
06/05/2025;06:12;17:26;QWE3R67;Volkswagen/Polo
06/05/2025;06:14;17:28;RTY4U89;Hyundai/HB20
06/05/2025;06:40;19:24;UIO5P10;Honda/Civic
06/05/2025;06:37;17:45;ASD6F32;Nissan/Kicks
06/05/2025;06:45;19:28;ZXC7V54;Fiat/Fastback
06/05/2025;06:30;15:57;VBN8G76;Renault/Kwid
06/05/2025;06:35;15:12;MNB9H98;Jeep/Compass
06/05/2025;06:16;16:15;POI0J21;Peugeot/208
06/05/2025;06:03;17:08;LKM1Z43;Citroen/C3
06/05/2025;06:54;17:11;HGF2X65;BYD/Dolphin
06/05/2025;06:10;19:58;QAZ3W87;Toyota/Etios
06/05/2025;09:26;18:02;WSX4E09;Chevrolet/Cruze
06/05/2025;08:28;15:09;EDC5R21;Volkswagen/Fox
06/05/2025;08:50;15:05;RFV6T43;Hyundai/Tucson
06/05/2025;09:23;15:53;TGB7Y65;Honda/Fit
06/05/2025;08:23;18:20;YHN8U87;Nissan/March
06/05/2025;09:59;16:47;UJM9I09;Fiat/Palio
06/05/2025;08:37;19:11;IKL0O21;Renault/Sandero
06/05/2025;08:58;19:34;OLP1P43;Jeep/Renegade
06/05/2025;08:04;15:31;PAS2D65;Peugeot/308
06/05/2025;08:53;17:48;DFG3S87;Citroen/C4
06/05/2025;09:18;15:57;SDF4G09;Ford/Focus
06/05/2025;08:31;18:34;GHG5H21;Kia/Soul
06/05/2025;09:22;15:37;HJK6J43;Mitsubishi/ASX
06/05/2025;09:43;15:35;JKL7K65;Suzuki/Swift
06/05/2025;08:59;17:49;AJC7M65;Chevrolet/Celta
06/05/2025;10:19;19:56;DEF7L65;Fiat/Uno
06/05/2025;08:56;15:30;JBL7K65;Ford/Fiesta
07/05/2025;06:36;18:58;ALC1D23;Toyota/Corolla
07/05/2025;06:57;19:47;JDL2M45;Chevrolet/Onix
07/05/2025;06:14;15:03;QWE3R67;Volkswagen/Polo
07/05/2025;06:10;18:25;RTY4U89;Hyundai/HB20
07/05/2025;06:44;18:19;UIO5P10;Honda/Civic
07/05/2025;06:50;16:47;ASD6F32;Nissan/Kicks
07/05/2025;06:47;18:23;ZXC7V54;Fiat/Fastback
07/05/2025;06:45;16:21;VBN8G76;Renault/Kwid
07/05/2025;06:31;18:07;MNB9H98;Jeep/Compass
07/05/2025;06:20;15:37;POI0J21;Peugeot/208
07/05/2025;06:31;18:22;LKM1Z43;Citroen/C3
07/05/2025;06:32;18:06;HGF2X65;BYD/Dolphin
07/05/2025;06:55;17:55;QAZ3W87;Toyota/Etios
07/05/2025;08:00;18:57;WSX4E09;Chevrolet/Cruze
07/05/2025;08:56;19:00;EDC5R21;Volkswagen/Fox
07/05/2025;08:40;18:17;RFV6T43;Hyundai/Tucson
07/05/2025;08:12;19:43;TGB7Y65;Honda/Fit
07/05/2025;09:41;16:23;YHN8U87;Nissan/March
07/05/2025;09:24;19:24;UJM9I09;Fiat/Palio
07/05/2025;08:43;16:47;IKL0O21;Renault/Sandero
07/05/2025;08:02;16:40;OLP1P43;Jeep/Renegade
07/05/2025;09:53;17:26;PAS2D65;Peugeot/308
07/05/2025;08:18;19:08;DFG3S87;Citroen/C4
07/05/2025;09:18;19:51;SDF4G09;Ford/Focus
07/05/2025;08:04;18:29;GHG5H21;Kia/Soul
07/05/2025;09:41;15:39;HJK6J43;Mitsubishi/ASX
07/05/2025;09:39;15:12;JKL7K65;Suzuki/Swift
07/05/2025;08:01;19:12;AJC7M65;Chevrolet/Celta
07/05/2025;08:01;18:33;DEF7L65;Fiat/Uno
07/05/2025;09:16;16:57;JBL7K65;Ford/Fiesta
08/05/2025;06:47;15:22;ALC1D23;Toyota/Corolla
08/05/2025;06:58;19:38;JDL2M45;Chevrolet/Onix
08/05/2025;06:33;16:12;QWE3R67;Volkswagen/Polo
08/05/2025;06:14;18:10;RTY4U89;Hyundai/HB20
08/05/2025;06:11;16:22;UIO5P10;Honda/Civic
08/05/2025;06:47;15:52;ASD6F32;Nissan/Kicks
08/05/2025;06:09;18:42;ZXC7V54;Fiat/Fastback
08/05/2025;06:28;17:09;VBN8G76;Renault/Kwid
08/05/2025;06:29;19:31;MNB9H98;Jeep/Compass
08/05/2025;06:56;19:20;POI0J21;Peugeot/208
08/05/2025;06:33;15:29;LKM1Z43;Citroen/C3
08/05/2025;06:02;16:00;HGF2X65;BYD/Dolphin
08/05/2025;06:42;18:00;QAZ3W87;Toyota/Etios
08/05/2025;08:17;18:20;WSX4E09;Chevrolet/Cruze
08/05/2025;09:39;15:46;EDC5R21;Volkswagen/Fox
08/05/2025;09:20;18:49;RFV6T43;Hyundai/Tucson
08/05/2025;08:48;18:27;TGB7Y65;Honda/Fit
08/05/2025;08:22;15:37;YHN8U87;Nissan/March
08/05/2025;08:34;19:33;UJM9I09;Fiat/Palio
08/05/2025;09:06;15:28;IKL0O21;Renault/Sandero
08/05/2025;09:40;15:23;OLP1P43;Jeep/Renegade
08/05/2025;09:43;17:16;PAS2D65;Peugeot/308
08/05/2025;08:44;19:09;DFG3S87;Citroen/C4
08/05/2025;08:09;16:28;SDF4G09;Ford/Focus
08/05/2025;08:44;16:52;GHG5H21;Kia/Soul
08/05/2025;09:48;17:49;HJK6J43;Mitsubishi/ASX
08/05/2025;08:07;16:20;JKL7K65;Suzuki/Swift
08/05/2025;09:52;17:29;AJC7M65;Chevrolet/Celta
08/05/2025;08:09;16:51;DEF7L65;Fiat/Uno
08/05/2025;08:39;17:23;JBL7K65;Ford/Fiesta
09/05/2025;06:26;15:25;ALC1D23;Toyota/Corolla
09/05/2025;06:57;17:40;JDL2M45;Chevrolet/Onix
09/05/2025;06:11;16:53;QWE3R67;Volkswagen/Polo
09/05/2025;06:37;17:03;RTY4U89;Hyundai/HB20
09/05/2025;06:58;19:17;UIO5P10;Honda/Civic
09/05/2025;06:38;15:57;ASD6F32;Nissan/Kicks
09/05/2025;06:13;17:19;ZXC7V54;Fiat/Fastback
09/05/2025;06:43;18:44;VBN8G76;Renault/Kwid
09/05/2025;06:45;18:20;MNB9H98;Jeep/Compass
09/05/2025;06:59;15:07;POI0J21;Peugeot/208
09/05/2025;06:05;15:12;LKM1Z43;Citroen/C3
09/05/2025;06:04;16:06;HGF2X65;BYD/Dolphin
09/05/2025;06:27;16:30;QAZ3W87;Toyota/Etios
09/05/2025;09:10;19:27;WSX4E09;Chevrolet/Cruze
09/05/2025;09:48;19:53;EDC5R21;Volkswagen/Fox
09/05/2025;09:32;16:49;RFV6T43;Hyundai/Tucson
09/05/2025;08:38;19:35;TGB7Y65;Honda/Fit
09/05/2025;08:27;19:50;YHN8U87;Nissan/March
09/05/2025;08:21;18:44;UJM9I09;Fiat/Palio
09/05/2025;08:14;15:06;IKL0O21;Renault/Sandero
09/05/2025;09:19;16:42;OLP1P43;Jeep/Renegade
09/05/2025;09:09;15:20;PAS2D65;Peugeot/308
09/05/2025;08:09;16:30;DFG3S87;Citroen/C4
09/05/2025;08:35;17:25;SDF4G09;Ford/Focus
09/05/2025;08:12;18:48;GHG5H21;Kia/Soul
09/05/2025;09:26;17:08;HJK6J43;Mitsubishi/ASX
09/05/2025;09:41;17:51;JKL7K65;Suzuki/Swift
09/05/2025;09:32;19:09;AJC7M65;Chevrolet/Celta
09/05/2025;10:30;17:30;DEF7L65;Fiat/Uno
09/05/2025;10:13;17:52;JBL7K65;Ford/Fiesta
10/05/2025;08:19;16:30;WSX4E09;Chevrolet/Cruze
10/05/2025;09:42;17:09;EDC5R21;Volkswagen/Fox
10/05/2025;08:02;17:09;RFV6T43;Hyundai/Tucson
10/05/2025;08:33;18:25;TGB7Y65;Honda/Fit
10/05/2025;08:02;16:21;IKL0O21;Renault/Sandero
10/05/2025;08:00;19:26;OLP1P43;Jeep/Renegade
10/05/2025;09:59;18:25;SDF4G09;Ford/Focus
10/05/2025;08:38;17:06;GHG5H21;Kia/Soul
10/05/2025;09:20;17:42;HJK6J43;Mitsubishi/ASX
12/05/2025;06:10;18:01;ALC1D23;Toyota/Corolla
12/05/2025;06:09;18:55;JDL2M45;Chevrolet/Onix
12/05/2025;06:55;16:47;QWE3R67;Volkswagen/Polo
12/05/2025;06:35;15:21;RTY4U89;Hyundai/HB20
12/05/2025;06:02;17:32;UIO5P10;Honda/Civic
12/05/2025;06:39;15:22;ASD6F32;Nissan/Kicks
12/05/2025;06:12;16:22;ZXC7V54;Fiat/Fastback
12/05/2025;06:35;18:39;VBN8G76;Renault/Kwid
12/05/2025;06:09;17:24;MNB9H98;Jeep/Compass
12/05/2025;06:56;17:43;POI0J21;Peugeot/208
12/05/2025;06:08;17:42;LKM1Z43;Citroen/C3
12/05/2025;06:45;19:12;HGF2X65;BYD/Dolphin
12/05/2025;06:18;18:14;QAZ3W87;Toyota/Etios
12/05/2025;08:19;17:46;WSX4E09;Chevrolet/Cruze
12/05/2025;08:48;15:38;EDC5R21;Volkswagen/Fox
12/05/2025;08:36;19:53;RFV6T43;Hyundai/Tucson
12/05/2025;08:07;16:24;TGB7Y65;Honda/Fit
12/05/2025;08:38;16:13;YHN8U87;Nissan/March
12/05/2025;09:54;16:47;UJM9I09;Fiat/Palio
12/05/2025;09:50;18:42;IKL0O21;Renault/Sandero
12/05/2025;09:56;18:23;OLP1P43;Jeep/Renegade
12/05/2025;09:26;15:23;PAS2D65;Peugeot/308
12/05/2025;09:42;15:15;DFG3S87;Citroen/C4
12/05/2025;09:26;18:27;SDF4G09;Ford/Focus
12/05/2025;09:11;15:02;GHG5H21;Kia/Soul
12/05/2025;08:54;17:33;HJK6J43;Mitsubishi/ASX
12/05/2025;09:42;18:25;JKL7K65;Suzuki/Swift
12/05/2025;10:58;18:14;AJC7M65;Chevrolet/Celta
12/05/2025;10:25;16:06;DEF7L65;Fiat/Uno
12/05/2025;09:09;15:39;JBL7K65;Ford/Fiesta
13/05/2025;06:17;17:29;ALC1D23;Toyota/Corolla
13/05/2025;06:59;17:29;JDL2M45;Chevrolet/Onix
13/05/2025;06:01;19:36;QWE3R67;Volkswagen/Polo
13/05/2025;06:49;19:36;RTY4U89;Hyundai/HB20
13/05/2025;06:07;18:24;UIO5P10;Honda/Civic
13/05/2025;06:31;16:17;ASD6F32;Nissan/Kicks
13/05/2025;06:27;16:42;ZXC7V54;Fiat/Fastback
13/05/2025;06:07;18:58;VBN8G76;Renault/Kwid
13/05/2025;06:50;18:38;MNB9H98;Jeep/Compass
13/05/2025;06:49;18:53;POI0J21;Peugeot/208
13/05/2025;06:11;19:13;LKM1Z43;Citroen/C3
13/05/2025;06:13;18:24;HGF2X65;BYD/Dolphin
13/05/2025;06:50;15:36;QAZ3W87;Toyota/Etios
13/05/2025;08:28;15:54;WSX4E09;Chevrolet/Cruze
13/05/2025;08:01;16:02;EDC5R21;Volkswagen/Fox
13/05/2025;09:53;18:03;RFV6T43;Hyundai/Tucson
13/05/2025;08:43;15:43;TGB7Y65;Honda/Fit
13/05/2025;09:04;17:39;YHN8U87;Nissan/March
13/05/2025;09:44;19:41;UJM9I09;Fiat/Palio
13/05/2025;08:31;16:29;IKL0O21;Renault/Sandero
13/05/2025;09:49;17:49;OLP1P43;Jeep/Renegade
13/05/2025;08:45;16:24;PAS2D65;Peugeot/308
13/05/2025;08:03;18:50;DFG3S87;Citroen/C4
13/05/2025;08:47;18:10;SDF4G09;Ford/Focus
13/05/2025;08:23;19:10;GHG5H21;Kia/Soul
13/05/2025;09:51;16:21;HJK6J43;Mitsubishi/ASX
13/05/2025;08:14;17:24;JKL7K65;Suzuki/Swift
13/05/2025;08:31;18:22;AJC7M65;Chevrolet/Celta
13/05/2025;08:23;17:06;DEF7L65;Fiat/Uno
13/05/2025;08:30;18:52;JBL7K65;Ford/Fiesta
14/05/2025;06:10;16:13;ALC1D23;Toyota/Corolla
14/05/2025;06:49;17:11;JDL2M45;Chevrolet/Onix
14/05/2025;06:57;19:09;QWE3R67;Volkswagen/Polo
14/05/2025;06:58;16:21;RTY4U89;Hyundai/HB20
14/05/2025;06:27;15:11;UIO5P10;Honda/Civic
14/05/2025;06:00;15:27;ASD6F32;Nissan/Kicks
14/05/2025;06:04;18:11;ZXC7V54;Fiat/Fastback
14/05/2025;06:35;15:07;VBN8G76;Renault/Kwid
14/05/2025;06:00;17:38;MNB9H98;Jeep/Compass
14/05/2025;06:01;17:39;POI0J21;Peugeot/208
14/05/2025;06:46;18:04;LKM1Z43;Citroen/C3
14/05/2025;06:33;17:47;HGF2X65;BYD/Dolphin
14/05/2025;06:07;16:35;QAZ3W87;Toyota/Etios
14/05/2025;08:40;17:32;WSX4E09;Chevrolet/Cruze
14/05/2025;08:48;19:35;EDC5R21;Volkswagen/Fox
14/05/2025;08:33;17:56;RFV6T43;Hyundai/Tucson
14/05/2025;08:29;18:56;TGB7Y65;Honda/Fit
14/05/2025;08:39;15:49;YHN8U87;Nissan/March
14/05/2025;09:37;19:58;UJM9I09;Fiat/Palio
14/05/2025;08:30;19:28;IKL0O21;Renault/Sandero
14/05/2025;08:28;19:11;OLP1P43;Jeep/Renegade
14/05/2025;09:13;16:46;PAS2D65;Peugeot/308
14/05/2025;09:37;18:59;DFG3S87;Citroen/C4
14/05/2025;08:05;16:02;SDF4G09;Ford/Focus
14/05/2025;09:26;15:46;GHG5H21;Kia/Soul
14/05/2025;08:28;17:58;HJK6J43;Mitsubishi/ASX
14/05/2025;08:40;17:10;JKL7K65;Suzuki/Swift
14/05/2025;09:58;19:27;AJC7M65;Chevrolet/Celta
14/05/2025;10:41;17:23;DEF7L65;Fiat/Uno
14/05/2025;09:03;19:58;JBL7K65;Ford/Fiesta
15/05/2025;06:49;19:08;ALC1D23;Toyota/Corolla
15/05/2025;06:42;19:52;JDL2M45;Chevrolet/Onix
15/05/2025;06:37;19:03;QWE3R67;Volkswagen/Polo
15/05/2025;06:34;18:17;RTY4U89;Hyundai/HB20
15/05/2025;06:15;16:27;UIO5P10;Honda/Civic
15/05/2025;06:43;18:19;ASD6F32;Nissan/Kicks
15/05/2025;06:10;15:30;ZXC7V54;Fiat/Fastback
15/05/2025;06:20;17:07;VBN8G76;Renault/Kwid
15/05/2025;06:33;19:32;MNB9H98;Jeep/Compass
15/05/2025;06:07;18:35;POI0J21;Peugeot/208
15/05/2025;06:23;19:34;LKM1Z43;Citroen/C3
15/05/2025;06:12;18:14;HGF2X65;BYD/Dolphin
15/05/2025;06:04;19:43;QAZ3W87;Toyota/Etios
15/05/2025;09:04;18:05;WSX4E09;Chevrolet/Cruze
15/05/2025;08:36;15:15;EDC5R21;Volkswagen/Fox
15/05/2025;08:50;18:47;RFV6T43;Hyundai/Tucson
15/05/2025;08:12;17:05;TGB7Y65;Honda/Fit
15/05/2025;08:24;17:37;YHN8U87;Nissan/March
15/05/2025;09:43;19:40;UJM9I09;Fiat/Palio
15/05/2025;09:09;17:24;IKL0O21;Renault/Sandero
15/05/2025;08:33;17:03;OLP1P43;Jeep/Renegade
15/05/2025;08:20;19:06;PAS2D65;Peugeot/308
15/05/2025;08:22;17:00;DFG3S87;Citroen/C4
15/05/2025;08:52;18:50;SDF4G09;Ford/Focus
15/05/2025;08:19;19:57;GHG5H21;Kia/Soul
15/05/2025;08:37;18:52;HJK6J43;Mitsubishi/ASX
15/05/2025;09:46;17:21;JKL7K65;Suzuki/Swift
15/05/2025;10:56;15:24;AJC7M65;Chevrolet/Celta
15/05/2025;09:25;17:32;DEF7L65;Fiat/Uno
15/05/2025;09:50;16:35;JBL7K65;Ford/Fiesta
16/05/2025;06:13;17:55;ALC1D23;Toyota/Corolla
16/05/2025;06:46;19:55;JDL2M45;Chevrolet/Onix
16/05/2025;06:32;18:24;QWE3R67;Volkswagen/Polo
16/05/2025;06:02;19:16;RTY4U89;Hyundai/HB20
16/05/2025;06:25;16:17;UIO5P10;Honda/Civic
16/05/2025;06:57;16:26;ASD6F32;Nissan/Kicks
16/05/2025;06:16;16:40;ZXC7V54;Fiat/Fastback
16/05/2025;06:35;15:32;VBN8G76;Renault/Kwid
16/05/2025;06:56;17:55;MNB9H98;Jeep/Compass
16/05/2025;06:41;19:29;POI0J21;Peugeot/208
16/05/2025;06:57;16:55;LKM1Z43;Citroen/C3
16/05/2025;06:08;18:13;HGF2X65;BYD/Dolphin
16/05/2025;06:23;16:34;QAZ3W87;Toyota/Etios
16/05/2025;08:46;15:04;WSX4E09;Chevrolet/Cruze
16/05/2025;08:59;15:22;EDC5R21;Volkswagen/Fox
16/05/2025;08:47;16:52;RFV6T43;Hyundai/Tucson
16/05/2025;08:22;16:47;TGB7Y65;Honda/Fit
16/05/2025;08:32;19:13;YHN8U87;Nissan/March
16/05/2025;08:48;16:41;UJM9I09;Fiat/Palio
16/05/2025;08:59;17:24;IKL0O21;Renault/Sandero
16/05/2025;08:49;16:05;OLP1P43;Jeep/Renegade
16/05/2025;08:13;16:06;PAS2D65;Peugeot/308
16/05/2025;09:50;15:53;DFG3S87;Citroen/C4
16/05/2025;09:15;19:29;SDF4G09;Ford/Focus
16/05/2025;08:55;16:19;GHG5H21;Kia/Soul
16/05/2025;08:24;18:51;HJK6J43;Mitsubishi/ASX
16/05/2025;09:52;19:35;JKL7K65;Suzuki/Swift
16/05/2025;10:07;16:59;AJC7M65;Chevrolet/Celta
16/05/2025;09:51;15:19;DEF7L65;Fiat/Uno
16/05/2025;09:13;17:58;JBL7K65;Ford/Fiesta
17/05/2025;08:59;19:29;RFV6T43;Hyundai/Tucson
17/05/2025;09:32;15:59;TGB7Y65;Honda/Fit
17/05/2025;08:52;18:41;YHN8U87;Nissan/March
17/05/2025;08:09;15:33;IKL0O21;Renault/Sandero
17/05/2025;08:53;19:29;OLP1P43;Jeep/Renegade
17/05/2025;09:40;15:23;PAS2D65;Peugeot/308
17/05/2025;09:28;19:54;SDF4G09;Ford/Focus
17/05/2025;09:33;19:56;GHG5H21;Kia/Soul
19/05/2025;06:06;16:05;ALC1D23;Toyota/Corolla
19/05/2025;06:10;18:48;JDL2M45;Chevrolet/Onix
19/05/2025;06:06;15:36;QWE3R67;Volkswagen/Polo
19/05/2025;06:55;17:04;RTY4U89;Hyundai/HB20
19/05/2025;06:15;18:28;UIO5P10;Honda/Civic
19/05/2025;06:38;19:12;ASD6F32;Nissan/Kicks
19/05/2025;06:17;17:05;ZXC7V54;Fiat/Fastback
19/05/2025;06:13;16:44;VBN8G76;Renault/Kwid
19/05/2025;06:09;15:37;MNB9H98;Jeep/Compass
19/05/2025;06:42;18:28;POI0J21;Peugeot/208
19/05/2025;06:03;16:52;LKM1Z43;Citroen/C3
19/05/2025;06:29;19:57;HGF2X65;BYD/Dolphin
19/05/2025;06:01;16:02;QAZ3W87;Toyota/Etios
19/05/2025;08:53;17:40;WSX4E09;Chevrolet/Cruze
19/05/2025;08:06;19:16;EDC5R21;Volkswagen/Fox
19/05/2025;09:37;17:15;RFV6T43;Hyundai/Tucson
19/05/2025;09:59;18:26;TGB7Y65;Honda/Fit
19/05/2025;09:41;16:48;YHN8U87;Nissan/March
19/05/2025;09:44;17:17;UJM9I09;Fiat/Palio
19/05/2025;08:14;15:25;IKL0O21;Renault/Sandero
19/05/2025;08:28;15:47;OLP1P43;Jeep/Renegade
19/05/2025;08:20;15:26;PAS2D65;Peugeot/308
19/05/2025;08:33;19:37;DFG3S87;Citroen/C4
19/05/2025;09:21;16:33;SDF4G09;Ford/Focus
19/05/2025;09:47;19:31;GHG5H21;Kia/Soul
19/05/2025;08:07;17:03;HJK6J43;Mitsubishi/ASX
19/05/2025;08:09;19:28;JKL7K65;Suzuki/Swift
19/05/2025;09:41;16:59;AJC7M65;Chevrolet/Celta
19/05/2025;09:46;16:15;DEF7L65;Fiat/Uno
19/05/2025;08:24;16:54;JBL7K65;Ford/Fiesta
20/05/2025;06:25;15:34;ALC1D23;Toyota/Corolla
20/05/2025;06:22;17:30;JDL2M45;Chevrolet/Onix
20/05/2025;06:16;15:49;QWE3R67;Volkswagen/Polo
20/05/2025;06:03;19:11;RTY4U89;Hyundai/HB20
20/05/2025;06:31;16:11;UIO5P10;Honda/Civic
20/05/2025;06:44;15:10;ASD6F32;Nissan/Kicks
20/05/2025;06:55;15:47;ZXC7V54;Fiat/Fastback
20/05/2025;06:03;18:49;VBN8G76;Renault/Kwid
20/05/2025;06:50;19:52;MNB9H98;Jeep/Compass
20/05/2025;06:36;17:07;POI0J21;Peugeot/208
20/05/2025;06:57;18:57;LKM1Z43;Citroen/C3
20/05/2025;06:14;18:30;HGF2X65;BYD/Dolphin
20/05/2025;06:19;17:46;QAZ3W87;Toyota/Etios
20/05/2025;09:34;16:41;WSX4E09;Chevrolet/Cruze
20/05/2025;08:28;15:21;EDC5R21;Volkswagen/Fox
20/05/2025;09:37;16:47;RFV6T43;Hyundai/Tucson
20/05/2025;09:28;18:32;TGB7Y65;Honda/Fit
20/05/2025;08:17;16:24;YHN8U87;Nissan/March
20/05/2025;09:03;15:11;UJM9I09;Fiat/Palio
20/05/2025;08:37;15:10;IKL0O21;Renault/Sandero
20/05/2025;08:30;15:32;OLP1P43;Jeep/Renegade
20/05/2025;08:44;19:21;PAS2D65;Peugeot/308
20/05/2025;09:16;17:24;DFG3S87;Citroen/C4
20/05/2025;08:16;18:26;SDF4G09;Ford/Focus
20/05/2025;09:46;17:23;GHG5H21;Kia/Soul
20/05/2025;09:22;19:04;HJK6J43;Mitsubishi/ASX
20/05/2025;09:04;15:15;JKL7K65;Suzuki/Swift
20/05/2025;09:27;16:32;AJC7M65;Chevrolet/Celta
20/05/2025;10:24;15:50;DEF7L65;Fiat/Uno
20/05/2025;08:32;18:36;JBL7K65;Ford/Fiesta
21/05/2025;06:43;16:32;ALC1D23;Toyota/Corolla
21/05/2025;06:53;16:33;JDL2M45;Chevrolet/Onix
21/05/2025;06:16;15:24;QWE3R67;Volkswagen/Polo
21/05/2025;06:21;15:55;RTY4U89;Hyundai/HB20
21/05/2025;06:17;16:47;UIO5P10;Honda/Civic
21/05/2025;06:40;19:44;ASD6F32;Nissan/Kicks
21/05/2025;06:38;18:08;ZXC7V54;Fiat/Fastback
21/05/2025;06:08;16:59;VBN8G76;Renault/Kwid
21/05/2025;06:28;17:07;MNB9H98;Jeep/Compass
21/05/2025;06:01;16:10;POI0J21;Peugeot/208
21/05/2025;06:20;18:21;LKM1Z43;Citroen/C3
21/05/2025;06:28;16:31;HGF2X65;BYD/Dolphin
21/05/2025;06:12;16:20;QAZ3W87;Toyota/Etios
21/05/2025;09:18;16:27;WSX4E09;Chevrolet/Cruze
21/05/2025;09:55;15:29;EDC5R21;Volkswagen/Fox
21/05/2025;09:04;18:32;RFV6T43;Hyundai/Tucson
21/05/2025;09:37;17:57;TGB7Y65;Honda/Fit
21/05/2025;09:07;19:11;YHN8U87;Nissan/March
21/05/2025;09:26;18:21;UJM9I09;Fiat/Palio
21/05/2025;09:25;15:11;IKL0O21;Renault/Sandero
21/05/2025;09:16;19:27;OLP1P43;Jeep/Renegade
21/05/2025;09:52;19:31;PAS2D65;Peugeot/308
21/05/2025;09:28;15:04;DFG3S87;Citroen/C4
21/05/2025;09:43;17:05;SDF4G09;Ford/Focus
21/05/2025;08:07;16:18;GHG5H21;Kia/Soul
21/05/2025;08:25;15:48;HJK6J43;Mitsubishi/ASX
21/05/2025;09:36;16:22;JKL7K65;Suzuki/Swift
21/05/2025;10:28;16:41;AJC7M65;Chevrolet/Celta
21/05/2025;10:39;19:54;DEF7L65;Fiat/Uno
21/05/2025;09:56;19:52;JBL7K65;Ford/Fiesta
22/05/2025;06:05;19:04;ALC1D23;Toyota/Corolla
22/05/2025;06:48;18:11;JDL2M45;Chevrolet/Onix
22/05/2025;06:13;18:08;QWE3R67;Volkswagen/Polo
22/05/2025;06:30;15:28;RTY4U89;Hyundai/HB20
22/05/2025;06:32;16:49;UIO5P10;Honda/Civic
22/05/2025;06:54;16:32;ASD6F32;Nissan/Kicks
22/05/2025;06:38;17:52;ZXC7V54;Fiat/Fastback
22/05/2025;06:02;19:43;VBN8G76;Renault/Kwid
22/05/2025;06:12;15:13;MNB9H98;Jeep/Compass
22/05/2025;06:44;15:28;POI0J21;Peugeot/208
22/05/2025;06:35;19:41;LKM1Z43;Citroen/C3
22/05/2025;06:29;19:19;HGF2X65;BYD/Dolphin
22/05/2025;06:37;15:37;QAZ3W87;Toyota/Etios
22/05/2025;09:05;18:16;WSX4E09;Chevrolet/Cruze
22/05/2025;08:11;16:10;EDC5R21;Volkswagen/Fox
22/05/2025;08:58;15:24;RFV6T43;Hyundai/Tucson
22/05/2025;08:01;18:59;TGB7Y65;Honda/Fit
22/05/2025;09:53;19:14;YHN8U87;Nissan/March
22/05/2025;09:55;18:15;UJM9I09;Fiat/Palio
22/05/2025;08:18;16:43;IKL0O21;Renault/Sandero
22/05/2025;08:36;16:06;OLP1P43;Jeep/Renegade
22/05/2025;08:06;19:06;PAS2D65;Peugeot/308
22/05/2025;09:45;16:28;DFG3S87;Citroen/C4
22/05/2025;09:49;18:46;SDF4G09;Ford/Focus
22/05/2025;08:41;15:32;GHG5H21;Kia/Soul
22/05/2025;09:19;15:36;HJK6J43;Mitsubishi/ASX
22/05/2025;09:37;17:25;JKL7K65;Suzuki/Swift
22/05/2025;10:49;18:15;AJC7M65;Chevrolet/Celta
22/05/2025;09:41;16:47;DEF7L65;Fiat/Uno
22/05/2025;08:01;19:10;JBL7K65;Ford/Fiesta
23/05/2025;06:44;16:03;ALC1D23;Toyota/Corolla
23/05/2025;06:35;16:20;JDL2M45;Chevrolet/Onix
23/05/2025;06:05;18:39;QWE3R67;Volkswagen/Polo
23/05/2025;06:10;15:02;RTY4U89;Hyundai/HB20
23/05/2025;06:50;16:45;UIO5P10;Honda/Civic
23/05/2025;06:48;17:54;ASD6F32;Nissan/Kicks
23/05/2025;06:11;18:02;ZXC7V54;Fiat/Fastback
23/05/2025;06:56;19:56;VBN8G76;Renault/Kwid
23/05/2025;06:57;16:10;MNB9H98;Jeep/Compass
23/05/2025;06:11;18:31;POI0J21;Peugeot/208
23/05/2025;06:01;15:48;LKM1Z43;Citroen/C3
23/05/2025;06:42;19:19;HGF2X65;BYD/Dolphin
23/05/2025;06:53;17:54;QAZ3W87;Toyota/Etios
23/05/2025;08:46;19:16;WSX4E09;Chevrolet/Cruze
23/05/2025;09:35;19:59;EDC5R21;Volkswagen/Fox
23/05/2025;09:41;17:33;RFV6T43;Hyundai/Tucson
23/05/2025;09:32;18:54;TGB7Y65;Honda/Fit
23/05/2025;09:50;17:52;YHN8U87;Nissan/March
23/05/2025;08:56;18:40;UJM9I09;Fiat/Palio
23/05/2025;08:12;17:04;IKL0O21;Renault/Sandero
23/05/2025;08:30;17:19;OLP1P43;Jeep/Renegade
23/05/2025;08:19;18:33;PAS2D65;Peugeot/308
23/05/2025;08:46;16:19;DFG3S87;Citroen/C4
23/05/2025;09:58;15:37;SDF4G09;Ford/Focus
23/05/2025;08:44;15:50;GHG5H21;Kia/Soul
23/05/2025;08:48;19:55;HJK6J43;Mitsubishi/ASX
23/05/2025;08:32;15:47;JKL7K65;Suzuki/Swift
23/05/2025;10:25;18:36;AJC7M65;Chevrolet/Celta
23/05/2025;09:34;17:00;DEF7L65;Fiat/Uno
23/05/2025;09:47;19:51;JBL7K65;Ford/Fiesta
24/05/2025;08:25;16:23;WSX4E09;Chevrolet/Cruze
24/05/2025;08:44;17:52;EDC5R21;Volkswagen/Fox
24/05/2025;09:12;17:52;RFV6T43;Hyundai/Tucson
24/05/2025;08:51;19:05;YHN8U87;Nissan/March
24/05/2025;08:08;17:37;UJM9I09;Fiat/Palio
24/05/2025;09:27;17:18;IKL0O21;Renault/Sandero
24/05/2025;09:17;16:10;OLP1P43;Jeep/Renegade
24/05/2025;08:52;15:37;PAS2D65;Peugeot/308
24/05/2025;08:34;18:51;DFG3S87;Citroen/C4
24/05/2025;08:23;18:36;GHG5H21;Kia/Soul
24/05/2025;09:43;17:22;HJK6J43;Mitsubishi/ASX
26/05/2025;06:50;16:19;ALC1D23;Toyota/Corolla
26/05/2025;06:45;15:43;JDL2M45;Chevrolet/Onix
26/05/2025;06:13;19:23;QWE3R67;Volkswagen/Polo
26/05/2025;06:53;19:26;RTY4U89;Hyundai/HB20
26/05/2025;06:47;18:36;UIO5P10;Honda/Civic
26/05/2025;06:05;17:14;ASD6F32;Nissan/Kicks
26/05/2025;06:38;19:05;ZXC7V54;Fiat/Fastback
26/05/2025;06:00;19:40;VBN8G76;Renault/Kwid
26/05/2025;06:59;18:27;MNB9H98;Jeep/Compass
26/05/2025;06:37;18:19;POI0J21;Peugeot/208
26/05/2025;06:01;17:02;LKM1Z43;Citroen/C3
26/05/2025;06:31;17:50;HGF2X65;BYD/Dolphin
26/05/2025;06:28;19:01;QAZ3W87;Toyota/Etios
26/05/2025;09:21;16:04;WSX4E09;Chevrolet/Cruze
26/05/2025;09:07;15:38;EDC5R21;Volkswagen/Fox
26/05/2025;09:06;17:50;RFV6T43;Hyundai/Tucson
26/05/2025;08:49;19:43;TGB7Y65;Honda/Fit
26/05/2025;08:15;18:36;YHN8U87;Nissan/March
26/05/2025;08:33;19:53;UJM9I09;Fiat/Palio
26/05/2025;08:39;19:23;IKL0O21;Renault/Sandero
26/05/2025;08:06;18:00;OLP1P43;Jeep/Renegade
26/05/2025;08:23;16:43;PAS2D65;Peugeot/308
26/05/2025;08:47;19:30;DFG3S87;Citroen/C4
26/05/2025;08:21;18:29;SDF4G09;Ford/Focus
26/05/2025;08:49;16:47;GHG5H21;Kia/Soul
26/05/2025;08:12;19:10;HJK6J43;Mitsubishi/ASX
26/05/2025;08:43;16:38;JKL7K65;Suzuki/Swift
26/05/2025;08:35;17:45;AJC7M65;Chevrolet/Celta
26/05/2025;10:28;19:46;DEF7L65;Fiat/Uno
26/05/2025;09:34;17:02;JBL7K65;Ford/Fiesta
27/05/2025;06:03;15:27;ALC1D23;Toyota/Corolla
27/05/2025;06:10;19:17;JDL2M45;Chevrolet/Onix
27/05/2025;06:15;16:35;QWE3R67;Volkswagen/Polo
27/05/2025;06:55;17:24;RTY4U89;Hyundai/HB20
27/05/2025;06:03;19:11;UIO5P10;Honda/Civic
27/05/2025;06:39;15:01;ASD6F32;Nissan/Kicks
27/05/2025;06:39;18:04;ZXC7V54;Fiat/Fastback
27/05/2025;06:13;17:22;VBN8G76;Renault/Kwid
27/05/2025;06:45;18:45;MNB9H98;Jeep/Compass
27/05/2025;06:23;15:04;POI0J21;Peugeot/208
27/05/2025;06:53;17:39;LKM1Z43;Citroen/C3
27/05/2025;06:29;17:37;HGF2X65;BYD/Dolphin
27/05/2025;06:09;18:22;QAZ3W87;Toyota/Etios
27/05/2025;09:08;16:59;WSX4E09;Chevrolet/Cruze
27/05/2025;09:01;17:02;EDC5R21;Volkswagen/Fox
27/05/2025;09:55;16:59;RFV6T43;Hyundai/Tucson
27/05/2025;08:13;18:50;TGB7Y65;Honda/Fit
27/05/2025;09:34;18:55;YHN8U87;Nissan/March
27/05/2025;09:17;17:58;UJM9I09;Fiat/Palio
27/05/2025;09:15;18:45;IKL0O21;Renault/Sandero
27/05/2025;09:59;17:12;OLP1P43;Jeep/Renegade
27/05/2025;09:50;18:50;PAS2D65;Peugeot/308
27/05/2025;09:45;18:03;DFG3S87;Citroen/C4
27/05/2025;09:50;16:29;SDF4G09;Ford/Focus
27/05/2025;09:09;15:55;GHG5H21;Kia/Soul
27/05/2025;09:13;15:32;HJK6J43;Mitsubishi/ASX
27/05/2025;08:10;15:52;JKL7K65;Suzuki/Swift
27/05/2025;10:17;19:58;AJC7M65;Chevrolet/Celta
27/05/2025;09:56;18:32;DEF7L65;Fiat/Uno
27/05/2025;10:08;17:43;JBL7K65;Ford/Fiesta
28/05/2025;06:14;18:38;ALC1D23;Toyota/Corolla
28/05/2025;06:58;19:02;JDL2M45;Chevrolet/Onix
28/05/2025;06:55;19:18;QWE3R67;Volkswagen/Polo
28/05/2025;06:52;17:44;RTY4U89;Hyundai/HB20
28/05/2025;06:57;16:37;UIO5P10;Honda/Civic
28/05/2025;06:41;18:12;ASD6F32;Nissan/Kicks
28/05/2025;06:57;15:49;ZXC7V54;Fiat/Fastback
28/05/2025;06:11;18:26;VBN8G76;Renault/Kwid
28/05/2025;06:20;18:34;MNB9H98;Jeep/Compass
28/05/2025;06:07;16:48;POI0J21;Peugeot/208
28/05/2025;06:49;18:50;LKM1Z43;Citroen/C3
28/05/2025;06:57;18:09;HGF2X65;BYD/Dolphin
28/05/2025;06:30;16:37;QAZ3W87;Toyota/Etios
28/05/2025;09:31;16:06;WSX4E09;Chevrolet/Cruze
28/05/2025;09:25;15:05;EDC5R21;Volkswagen/Fox
28/05/2025;08:47;17:16;RFV6T43;Hyundai/Tucson
28/05/2025;08:34;19:26;TGB7Y65;Honda/Fit
28/05/2025;09:16;15:13;YHN8U87;Nissan/March
28/05/2025;09:16;17:04;UJM9I09;Fiat/Palio
28/05/2025;08:07;17:49;IKL0O21;Renault/Sandero
28/05/2025;09:29;19:56;OLP1P43;Jeep/Renegade
28/05/2025;08:04;17:49;PAS2D65;Peugeot/308
28/05/2025;08:29;16:13;DFG3S87;Citroen/C4
28/05/2025;09:50;19:08;SDF4G09;Ford/Focus
28/05/2025;09:22;15:35;GHG5H21;Kia/Soul
28/05/2025;08:15;18:27;HJK6J43;Mitsubishi/ASX
28/05/2025;08:58;15:03;JKL7K65;Suzuki/Swift
28/05/2025;10:53;19:18;AJC7M65;Chevrolet/Celta
28/05/2025;08:01;15:41;DEF7L65;Fiat/Uno
28/05/2025;10:55;18:21;JBL7K65;Ford/Fiesta
29/05/2025;06:45;17:35;ALC1D23;Toyota/Corolla
29/05/2025;06:51;19:27;JDL2M45;Chevrolet/Onix
29/05/2025;06:18;15:55;QWE3R67;Volkswagen/Polo
29/05/2025;06:03;17:07;RTY4U89;Hyundai/HB20
29/05/2025;06:38;18:06;UIO5P10;Honda/Civic
29/05/2025;06:12;19:12;ASD6F32;Nissan/Kicks
29/05/2025;06:13;17:54;ZXC7V54;Fiat/Fastback
29/05/2025;06:47;16:39;VBN8G76;Renault/Kwid
29/05/2025;06:37;19:59;MNB9H98;Jeep/Compass
29/05/2025;06:18;18:42;POI0J21;Peugeot/208
29/05/2025;06:10;19:03;LKM1Z43;Citroen/C3
29/05/2025;06:21;16:21;HGF2X65;BYD/Dolphin
29/05/2025;06:17;17:27;QAZ3W87;Toyota/Etios
29/05/2025;08:09;18:01;WSX4E09;Chevrolet/Cruze
29/05/2025;08:15;17:03;EDC5R21;Volkswagen/Fox
29/05/2025;08:58;17:01;RFV6T43;Hyundai/Tucson
29/05/2025;08:35;16:01;TGB7Y65;Honda/Fit
29/05/2025;09:25;17:45;YHN8U87;Nissan/March
29/05/2025;08:57;15:40;UJM9I09;Fiat/Palio
29/05/2025;08:52;19:56;IKL0O21;Renault/Sandero
29/05/2025;08:58;19:03;OLP1P43;Jeep/Renegade
29/05/2025;09:58;15:10;PAS2D65;Peugeot/308
29/05/2025;09:20;17:07;DFG3S87;Citroen/C4
29/05/2025;09:45;15:58;SDF4G09;Ford/Focus
29/05/2025;08:24;18:46;GHG5H21;Kia/Soul
29/05/2025;09:51;16:50;HJK6J43;Mitsubishi/ASX
29/05/2025;09:01;15:49;JKL7K65;Suzuki/Swift
29/05/2025;08:19;18:03;AJC7M65;Chevrolet/Celta
29/05/2025;10:55;17:05;DEF7L65;Fiat/Uno
29/05/2025;10:53;16:05;JBL7K65;Ford/Fiesta
30/05/2025;06:13;17:29;ALC1D23;Toyota/Corolla
30/05/2025;06:20;15:01;JDL2M45;Chevrolet/Onix
30/05/2025;06:24;18:41;QWE3R67;Volkswagen/Polo
30/05/2025;06:10;19:12;RTY4U89;Hyundai/HB20
30/05/2025;06:50;16:17;UIO5P10;Honda/Civic
30/05/2025;06:01;19:33;ASD6F32;Nissan/Kicks
30/05/2025;06:34;19:30;ZXC7V54;Fiat/Fastback
30/05/2025;06:44;19:02;VBN8G76;Renault/Kwid
30/05/2025;06:38;16:14;MNB9H98;Jeep/Compass
30/05/2025;06:50;18:42;POI0J21;Peugeot/208
30/05/2025;06:37;15:12;LKM1Z43;Citroen/C3
30/05/2025;06:06;16:10;HGF2X65;BYD/Dolphin
30/05/2025;06:22;19:15;QAZ3W87;Toyota/Etios
30/05/2025;08:26;17:45;WSX4E09;Chevrolet/Cruze
30/05/2025;09:30;15:38;EDC5R21;Volkswagen/Fox
30/05/2025;09:37;18:59;RFV6T43;Hyundai/Tucson
30/05/2025;08:51;16:50;TGB7Y65;Honda/Fit
30/05/2025;09:05;19:28;YHN8U87;Nissan/March
30/05/2025;09:55;17:15;UJM9I09;Fiat/Palio
30/05/2025;09:58;19:34;IKL0O21;Renault/Sandero
30/05/2025;09:10;15:14;OLP1P43;Jeep/Renegade
30/05/2025;09:25;16:20;PAS2D65;Peugeot/308
30/05/2025;09:28;18:50;DFG3S87;Citroen/C4
30/05/2025;08:06;15:28;SDF4G09;Ford/Focus
30/05/2025;08:01;15:45;GHG5H21;Kia/Soul
30/05/2025;08:16;19:10;HJK6J43;Mitsubishi/ASX
30/05/2025;10:39;15:42;JKL7K65;Suzuki/Swift
30/05/2025;10:13;19:45;AJC7M65;Chevrolet/Celta
30/05/2025;10:13;16:19;DEF7L65;Fiat/Uno
30/05/2025;10:00;18:45;JBL7K65;Ford/Fiesta
31/05/2025;08:53;15:03;EDC5R21;Volkswagen/Fox
31/05/2025;08:53;18:06;TGB7Y65;Honda/Fit
31/05/2025;09:17;17:21;UJM9I09;Fiat/Palio
31/05/2025;09:50;19:54;IKL0O21;Renault/Sandero
31/05/2025;08:58;15:41;OLP1P43;Jeep/Renegade
31/05/2025;08:01;19:35;PAS2D65;Peugeot/308
31/05/2025;08:38;18:38;SDF4G09;Ford/Focus
31/05/2025;09:02;15:46;GHG5H21;Kia/Soul
02/06/2025;06:02;18:04;ALC1D23;Toyota/Corolla
02/06/2025;06:02;19:27;JDL2M45;Chevrolet/Onix
02/06/2025;06:42;15:34;QWE3R67;Volkswagen/Polo
02/06/2025;06:13;18:00;RTY4U89;Hyundai/HB20
02/06/2025;06:18;17:42;UIO5P10;Honda/Civic
02/06/2025;06:13;16:02;ASD6F32;Nissan/Kicks
02/06/2025;06:21;18:40;ZXC7V54;Fiat/Fastback
02/06/2025;06:21;16:21;VBN8G76;Renault/Kwid
02/06/2025;06:36;15:09;MNB9H98;Jeep/Compass
02/06/2025;06:18;17:23;POI0J21;Peugeot/208
02/06/2025;06:05;18:03;LKM1Z43;Citroen/C3
02/06/2025;06:45;16:35;HGF2X65;BYD/Dolphin
02/06/2025;06:29;19:52;QAZ3W87;Toyota/Etios
02/06/2025;08:25;17:33;WSX4E09;Chevrolet/Cruze
02/06/2025;09:52;17:35;EDC5R21;Volkswagen/Fox
02/06/2025;08:40;18:44;RFV6T43;Hyundai/Tucson
02/06/2025;09:34;18:39;TGB7Y65;Honda/Fit
02/06/2025;08:02;17:50;YHN8U87;Nissan/March
02/06/2025;09:36;15:32;UJM9I09;Fiat/Palio
02/06/2025;08:36;15:24;IKL0O21;Renault/Sandero
02/06/2025;08:27;19:24;OLP1P43;Jeep/Renegade
02/06/2025;09:09;15:08;PAS2D65;Peugeot/308
02/06/2025;08:29;18:45;DFG3S87;Citroen/C4
02/06/2025;09:29;17:07;SDF4G09;Ford/Focus
02/06/2025;09:54;16:44;GHG5H21;Kia/Soul
02/06/2025;09:30;16:55;HJK6J43;Mitsubishi/ASX
02/06/2025;08:50;18:49;JKL7K65;Suzuki/Swift
02/06/2025;09:09;19:29;AJC7M65;Chevrolet/Celta
02/06/2025;08:06;17:28;DEF7L65;Fiat/Uno
02/06/2025;09:33;15:13;JBL7K65;Ford/Fiesta
03/06/2025;06:49;17:49;ALC1D23;Toyota/Corolla
03/06/2025;06:54;18:04;JDL2M45;Chevrolet/Onix
03/06/2025;06:10;15:04;QWE3R67;Volkswagen/Polo
03/06/2025;06:00;17:08;RTY4U89;Hyundai/HB20
03/06/2025;06:40;17:15;UIO5P10;Honda/Civic
03/06/2025;06:44;15:48;ASD6F32;Nissan/Kicks
03/06/2025;06:47;18:35;ZXC7V54;Fiat/Fastback
03/06/2025;06:10;16:42;VBN8G76;Renault/Kwid
03/06/2025;06:29;18:42;MNB9H98;Jeep/Compass
03/06/2025;06:52;17:53;POI0J21;Peugeot/208
03/06/2025;06:36;15:18;LKM1Z43;Citroen/C3
03/06/2025;06:26;19:11;HGF2X65;BYD/Dolphin
03/06/2025;06:02;18:18;QAZ3W87;Toyota/Etios
03/06/2025;09:33;16:30;WSX4E09;Chevrolet/Cruze
03/06/2025;08:56;15:46;EDC5R21;Volkswagen/Fox
03/06/2025;08:55;17:31;RFV6T43;Hyundai/Tucson
03/06/2025;09:20;16:55;TGB7Y65;Honda/Fit
03/06/2025;08:37;16:11;YHN8U87;Nissan/March
03/06/2025;09:08;19:07;UJM9I09;Fiat/Palio
03/06/2025;09:19;17:08;IKL0O21;Renault/Sandero
03/06/2025;08:01;19:23;OLP1P43;Jeep/Renegade
03/06/2025;08:24;18:14;PAS2D65;Peugeot/308
03/06/2025;08:00;17:31;DFG3S87;Citroen/C4
03/06/2025;09:45;15:33;SDF4G09;Ford/Focus
03/06/2025;08:30;18:07;GHG5H21;Kia/Soul
03/06/2025;09:54;15:48;HJK6J43;Mitsubishi/ASX
03/06/2025;10:27;18:37;JKL7K65;Suzuki/Swift
03/06/2025;10:44;17:38;AJC7M65;Chevrolet/Celta
03/06/2025;10:52;16:34;DEF7L65;Fiat/Uno
03/06/2025;08:38;17:18;JBL7K65;Ford/Fiesta
04/06/2025;06:11;18:33;ALC1D23;Toyota/Corolla
04/06/2025;06:58;18:57;JDL2M45;Chevrolet/Onix
04/06/2025;06:24;16:24;QWE3R67;Volkswagen/Polo
04/06/2025;06:55;18:46;RTY4U89;Hyundai/HB20
04/06/2025;06:43;17:15;UIO5P10;Honda/Civic
04/06/2025;06:38;18:19;ASD6F32;Nissan/Kicks
04/06/2025;06:10;15:44;ZXC7V54;Fiat/Fastback
04/06/2025;06:39;16:25;VBN8G76;Renault/Kwid
04/06/2025;06:02;15:37;MNB9H98;Jeep/Compass
04/06/2025;06:52;16:08;POI0J21;Peugeot/208
04/06/2025;06:14;19:27;LKM1Z43;Citroen/C3
04/06/2025;06:30;18:30;HGF2X65;BYD/Dolphin
04/06/2025;06:15;16:56;QAZ3W87;Toyota/Etios
04/06/2025;08:00;19:58;WSX4E09;Chevrolet/Cruze
04/06/2025;09:00;16:39;EDC5R21;Volkswagen/Fox
04/06/2025;08:55;15:36;RFV6T43;Hyundai/Tucson
04/06/2025;08:59;17:07;TGB7Y65;Honda/Fit
04/06/2025;08:06;15:31;YHN8U87;Nissan/March
04/06/2025;09:15;19:33;UJM9I09;Fiat/Palio
04/06/2025;09:57;18:18;IKL0O21;Renault/Sandero
04/06/2025;09:51;17:08;OLP1P43;Jeep/Renegade
04/06/2025;08:36;17:50;PAS2D65;Peugeot/308
04/06/2025;09:49;17:19;DFG3S87;Citroen/C4
04/06/2025;09:08;18:13;SDF4G09;Ford/Focus
04/06/2025;09:44;18:24;GHG5H21;Kia/Soul
04/06/2025;08:22;19:26;HJK6J43;Mitsubishi/ASX
04/06/2025;09:31;17:00;JKL7K65;Suzuki/Swift
04/06/2025;08:21;16:26;AJC7M65;Chevrolet/Celta
04/06/2025;10:20;16:21;DEF7L65;Fiat/Uno
04/06/2025;09:37;19:12;JBL7K65;Ford/Fiesta
05/06/2025;06:25;18:42;ALC1D23;Toyota/Corolla
05/06/2025;06:38;15:47;JDL2M45;Chevrolet/Onix
05/06/2025;06:45;17:33;QWE3R67;Volkswagen/Polo
05/06/2025;06:02;16:08;RTY4U89;Hyundai/HB20
05/06/2025;06:07;19:07;UIO5P10;Honda/Civic
05/06/2025;06:41;16:59;ASD6F32;Nissan/Kicks
05/06/2025;06:36;17:32;ZXC7V54;Fiat/Fastback
05/06/2025;06:47;17:37;VBN8G76;Renault/Kwid
05/06/2025;06:06;17:55;MNB9H98;Jeep/Compass
05/06/2025;06:33;15:55;POI0J21;Peugeot/208
05/06/2025;06:56;15:32;LKM1Z43;Citroen/C3
05/06/2025;06:12;16:45;HGF2X65;BYD/Dolphin
05/06/2025;06:47;15:51;QAZ3W87;Toyota/Etios
05/06/2025;08:16;18:57;WSX4E09;Chevrolet/Cruze
05/06/2025;09:24;18:43;EDC5R21;Volkswagen/Fox
05/06/2025;09:22;18:57;RFV6T43;Hyundai/Tucson
05/06/2025;09:35;17:55;TGB7Y65;Honda/Fit
05/06/2025;09:59;18:26;YHN8U87;Nissan/March
05/06/2025;09:02;18:38;UJM9I09;Fiat/Palio
05/06/2025;09:47;18:05;IKL0O21;Renault/Sandero
05/06/2025;09:37;16:22;OLP1P43;Jeep/Renegade
05/06/2025;08:45;16:09;PAS2D65;Peugeot/308
05/06/2025;08:32;16:28;DFG3S87;Citroen/C4
05/06/2025;09:55;19:26;SDF4G09;Ford/Focus
05/06/2025;09:49;19:07;GHG5H21;Kia/Soul
05/06/2025;09:33;18:40;HJK6J43;Mitsubishi/ASX
05/06/2025;09:15;16:03;JKL7K65;Suzuki/Swift
05/06/2025;10:30;19:23;AJC7M65;Chevrolet/Celta
05/06/2025;08:42;19:01;DEF7L65;Fiat/Uno
05/06/2025;08:49;19:39;JBL7K65;Ford/Fiesta
06/06/2025;06:04;19:31;ALC1D23;Toyota/Corolla
06/06/2025;06:04;17:24;JDL2M45;Chevrolet/Onix
06/06/2025;06:54;16:16;QWE3R67;Volkswagen/Polo
06/06/2025;06:05;18:35;RTY4U89;Hyundai/HB20
06/06/2025;06:25;15:46;UIO5P10;Honda/Civic
06/06/2025;06:44;16:22;ASD6F32;Nissan/Kicks
06/06/2025;06:31;15:01;ZXC7V54;Fiat/Fastback
06/06/2025;06:41;15:33;VBN8G76;Renault/Kwid
06/06/2025;06:35;19:50;MNB9H98;Jeep/Compass
06/06/2025;06:36;17:22;POI0J21;Peugeot/208
06/06/2025;06:19;15:23;LKM1Z43;Citroen/C3
06/06/2025;06:22;16:40;HGF2X65;BYD/Dolphin
06/06/2025;06:03;15:17;QAZ3W87;Toyota/Etios
06/06/2025;08:43;18:13;WSX4E09;Chevrolet/Cruze
06/06/2025;09:14;19:02;EDC5R21;Volkswagen/Fox
06/06/2025;09:52;17:36;RFV6T43;Hyundai/Tucson
06/06/2025;08:34;19:21;TGB7Y65;Honda/Fit
06/06/2025;09:55;15:40;YHN8U87;Nissan/March
06/06/2025;09:23;19:34;UJM9I09;Fiat/Palio
06/06/2025;08:37;18:08;IKL0O21;Renault/Sandero
06/06/2025;09:46;17:15;OLP1P43;Jeep/Renegade
06/06/2025;09:57;15:55;PAS2D65;Peugeot/308
06/06/2025;08:28;15:08;DFG3S87;Citroen/C4
06/06/2025;08:33;17:42;SDF4G09;Ford/Focus
06/06/2025;09:35;17:14;GHG5H21;Kia/Soul
06/06/2025;08:32;18:46;HJK6J43;Mitsubishi/ASX
06/06/2025;09:55;16:38;JKL7K65;Suzuki/Swift
06/06/2025;10:40;19:40;AJC7M65;Chevrolet/Celta
06/06/2025;09:19;16:25;DEF7L65;Fiat/Uno
06/06/2025;09:50;17:15;JBL7K65;Ford/Fiesta
07/06/2025;08:10;16:14;WSX4E09;Chevrolet/Cruze
07/06/2025;08:28;15:36;EDC5R21;Volkswagen/Fox
07/06/2025;09:20;18:21;RFV6T43;Hyundai/Tucson
07/06/2025;08:51;17:20;TGB7Y65;Honda/Fit
07/06/2025;08:42;17:46;UJM9I09;Fiat/Palio
07/06/2025;09:58;17:32;IKL0O21;Renault/Sandero
07/06/2025;09:28;16:49;PAS2D65;Peugeot/308
07/06/2025;08:33;18:13;DFG3S87;Citroen/C4
07/06/2025;08:55;19:14;HJK6J43;Mitsubishi/ASX
09/06/2025;06:11;18:37;ALC1D23;Toyota/Corolla
09/06/2025;06:25;19:54;JDL2M45;Chevrolet/Onix
09/06/2025;06:24;18:05;QWE3R67;Volkswagen/Polo
09/06/2025;06:15;19:15;RTY4U89;Hyundai/HB20
09/06/2025;06:05;15:28;UIO5P10;Honda/Civic
09/06/2025;06:41;18:43;ASD6F32;Nissan/Kicks
09/06/2025;06:20;19:17;ZXC7V54;Fiat/Fastback
09/06/2025;06:15;19:45;VBN8G76;Renault/Kwid
09/06/2025;06:10;18:40;MNB9H98;Jeep/Compass
09/06/2025;06:29;16:52;POI0J21;Peugeot/208
09/06/2025;06:14;17:00;LKM1Z43;Citroen/C3
09/06/2025;06:26;17:41;HGF2X65;BYD/Dolphin
09/06/2025;06:43;17:16;QAZ3W87;Toyota/Etios
09/06/2025;08:00;16:13;WSX4E09;Chevrolet/Cruze
09/06/2025;08:31;17:35;EDC5R21;Volkswagen/Fox
09/06/2025;08:57;16:36;RFV6T43;Hyundai/Tucson
09/06/2025;08:09;15:31;TGB7Y65;Honda/Fit
09/06/2025;09:03;16:27;YHN8U87;Nissan/March
09/06/2025;09:32;17:44;UJM9I09;Fiat/Palio
09/06/2025;08:13;19:41;IKL0O21;Renault/Sandero
09/06/2025;08:32;16:00;OLP1P43;Jeep/Renegade
09/06/2025;08:16;19:44;PAS2D65;Peugeot/308
09/06/2025;08:01;18:03;DFG3S87;Citroen/C4
09/06/2025;09:30;18:29;SDF4G09;Ford/Focus
09/06/2025;08:03;19:17;GHG5H21;Kia/Soul
09/06/2025;08:16;19:43;HJK6J43;Mitsubishi/ASX
09/06/2025;09:19;18:24;JKL7K65;Suzuki/Swift
09/06/2025;10:09;19:42;AJC7M65;Chevrolet/Celta
09/06/2025;09:02;17:45;DEF7L65;Fiat/Uno
09/06/2025;08:12;19:03;JBL7K65;Ford/Fiesta
10/06/2025;06:59;18:02;ALC1D23;Toyota/Corolla
10/06/2025;06:50;15:47;JDL2M45;Chevrolet/Onix
10/06/2025;06:24;15:06;QWE3R67;Volkswagen/Polo
10/06/2025;06:23;16:17;RTY4U89;Hyundai/HB20
10/06/2025;06:54;16:50;UIO5P10;Honda/Civic
10/06/2025;06:48;19:05;ASD6F32;Nissan/Kicks
10/06/2025;06:13;15:05;ZXC7V54;Fiat/Fastback
10/06/2025;06:24;15:36;VBN8G76;Renault/Kwid
10/06/2025;06:24;17:25;MNB9H98;Jeep/Compass
10/06/2025;06:19;16:10;POI0J21;Peugeot/208
10/06/2025;06:23;15:22;LKM1Z43;Citroen/C3
10/06/2025;06:54;15:34;HGF2X65;BYD/Dolphin
10/06/2025;06:29;15:15;QAZ3W87;Toyota/Etios
10/06/2025;08:21;19:59;WSX4E09;Chevrolet/Cruze
10/06/2025;09:09;16:37;EDC5R21;Volkswagen/Fox
10/06/2025;08:04;15:55;RFV6T43;Hyundai/Tucson
10/06/2025;08:26;19:28;TGB7Y65;Honda/Fit
10/06/2025;08:48;17:19;YHN8U87;Nissan/March
10/06/2025;08:05;18:17;UJM9I09;Fiat/Palio
10/06/2025;08:37;18:53;IKL0O21;Renault/Sandero
10/06/2025;09:38;17:09;OLP1P43;Jeep/Renegade
10/06/2025;09:08;19:12;PAS2D65;Peugeot/308
10/06/2025;09:15;16:24;DFG3S87;Citroen/C4
10/06/2025;09:59;15:37;SDF4G09;Ford/Focus
10/06/2025;09:58;15:18;GHG5H21;Kia/Soul
10/06/2025;08:07;19:55;HJK6J43;Mitsubishi/ASX
10/06/2025;10:51;19:00;JKL7K65;Suzuki/Swift
10/06/2025;10:24;18:31;AJC7M65;Chevrolet/Celta
10/06/2025;08:04;17:02;DEF7L65;Fiat/Uno
10/06/2025;10:10;17:21;JBL7K65;Ford/Fiesta
11/06/2025;06:15;19:30;ALC1D23;Toyota/Corolla
11/06/2025;06:43;15:01;JDL2M45;Chevrolet/Onix
11/06/2025;06:38;16:58;QWE3R67;Volkswagen/Polo
11/06/2025;06:56;17:21;RTY4U89;Hyundai/HB20
11/06/2025;06:21;17:07;UIO5P10;Honda/Civic
11/06/2025;06:16;16:39;ASD6F32;Nissan/Kicks
11/06/2025;06:05;18:31;ZXC7V54;Fiat/Fastback
11/06/2025;06:51;18:42;VBN8G76;Renault/Kwid
11/06/2025;06:26;19:10;MNB9H98;Jeep/Compass
11/06/2025;06:16;18:51;POI0J21;Peugeot/208
11/06/2025;06:52;15:18;LKM1Z43;Citroen/C3
11/06/2025;06:52;15:08;HGF2X65;BYD/Dolphin
11/06/2025;06:24;19:00;QAZ3W87;Toyota/Etios
11/06/2025;09:10;19:27;WSX4E09;Chevrolet/Cruze
11/06/2025;09:21;17:29;EDC5R21;Volkswagen/Fox
11/06/2025;09:22;17:16;RFV6T43;Hyundai/Tucson
11/06/2025;08:55;16:57;TGB7Y65;Honda/Fit
11/06/2025;09:06;15:27;YHN8U87;Nissan/March
11/06/2025;09:44;19:03;UJM9I09;Fiat/Palio
11/06/2025;09:13;18:38;IKL0O21;Renault/Sandero
11/06/2025;09:43;15:35;OLP1P43;Jeep/Renegade
11/06/2025;08:33;15:01;PAS2D65;Peugeot/308
11/06/2025;08:24;15:15;DFG3S87;Citroen/C4
11/06/2025;09:54;17:49;SDF4G09;Ford/Focus
11/06/2025;09:17;15:54;GHG5H21;Kia/Soul
11/06/2025;09:35;17:37;HJK6J43;Mitsubishi/ASX
11/06/2025;09:57;19:18;JKL7K65;Suzuki/Swift
11/06/2025;10:50;15:28;AJC7M65;Chevrolet/Celta
11/06/2025;09:27;18:39;DEF7L65;Fiat/Uno
11/06/2025;08:44;18:55;JBL7K65;Ford/Fiesta
12/06/2025;06:05;17:01;ALC1D23;Toyota/Corolla
12/06/2025;06:17;16:53;JDL2M45;Chevrolet/Onix
12/06/2025;06:54;15:38;QWE3R67;Volkswagen/Polo
12/06/2025;06:33;15:11;RTY4U89;Hyundai/HB20
12/06/2025;06:10;15:56;UIO5P10;Honda/Civic
12/06/2025;06:18;19:28;ASD6F32;Nissan/Kicks
12/06/2025;06:17;15:32;ZXC7V54;Fiat/Fastback
12/06/2025;06:32;18:52;VBN8G76;Renault/Kwid
12/06/2025;06:10;19:41;MNB9H98;Jeep/Compass
12/06/2025;06:33;18:13;POI0J21;Peugeot/208
12/06/2025;06:04;16:49;LKM1Z43;Citroen/C3
12/06/2025;06:28;17:31;HGF2X65;BYD/Dolphin
12/06/2025;06:50;17:51;QAZ3W87;Toyota/Etios
12/06/2025;08:42;15:16;WSX4E09;Chevrolet/Cruze
12/06/2025;09:36;17:20;EDC5R21;Volkswagen/Fox
12/06/2025;09:00;17:07;RFV6T43;Hyundai/Tucson
12/06/2025;09:08;19:58;TGB7Y65;Honda/Fit
12/06/2025;09:00;19:16;YHN8U87;Nissan/March
12/06/2025;08:08;15:56;UJM9I09;Fiat/Palio
12/06/2025;08:08;15:43;IKL0O21;Renault/Sandero
12/06/2025;08:59;17:11;OLP1P43;Jeep/Renegade
12/06/2025;08:17;17:06;PAS2D65;Peugeot/308
12/06/2025;09:15;18:37;DFG3S87;Citroen/C4
12/06/2025;08:24;15:39;SDF4G09;Ford/Focus
12/06/2025;08:22;15:30;GHG5H21;Kia/Soul
12/06/2025;08:32;19:18;HJK6J43;Mitsubishi/ASX
12/06/2025;09:03;18:40;JKL7K65;Suzuki/Swift
12/06/2025;10:57;17:24;AJC7M65;Chevrolet/Celta
12/06/2025;10:32;16:15;DEF7L65;Fiat/Uno
12/06/2025;09:00;19:22;JBL7K65;Ford/Fiesta
13/06/2025;06:00;15:18;ALC1D23;Toyota/Corolla
13/06/2025;06:31;19:00;JDL2M45;Chevrolet/Onix
13/06/2025;06:11;15:19;QWE3R67;Volkswagen/Polo
13/06/2025;06:23;18:48;RTY4U89;Hyundai/HB20
13/06/2025;06:58;17:33;UIO5P10;Honda/Civic
13/06/2025;06:28;19:02;ASD6F32;Nissan/Kicks
13/06/2025;06:07;19:40;ZXC7V54;Fiat/Fastback
13/06/2025;06:52;18:04;VBN8G76;Renault/Kwid
13/06/2025;06:30;19:26;MNB9H98;Jeep/Compass
13/06/2025;06:48;16:39;POI0J21;Peugeot/208
13/06/2025;06:52;16:54;LKM1Z43;Citroen/C3
13/06/2025;06:17;15:38;HGF2X65;BYD/Dolphin
13/06/2025;06:23;18:32;QAZ3W87;Toyota/Etios
13/06/2025;09:28;18:16;WSX4E09;Chevrolet/Cruze
13/06/2025;08:24;16:30;EDC5R21;Volkswagen/Fox
13/06/2025;08:20;16:47;RFV6T43;Hyundai/Tucson
13/06/2025;09:01;16:45;TGB7Y65;Honda/Fit
13/06/2025;09:45;18:54;YHN8U87;Nissan/March
13/06/2025;08:30;17:44;UJM9I09;Fiat/Palio
13/06/2025;08:29;19:45;IKL0O21;Renault/Sandero
13/06/2025;09:31;19:51;OLP1P43;Jeep/Renegade
13/06/2025;08:42;19:56;PAS2D65;Peugeot/308
13/06/2025;09:31;16:45;DFG3S87;Citroen/C4
13/06/2025;09:11;19:51;SDF4G09;Ford/Focus
13/06/2025;09:48;17:10;GHG5H21;Kia/Soul
13/06/2025;08:46;19:33;HJK6J43;Mitsubishi/ASX
13/06/2025;09:24;19:36;JKL7K65;Suzuki/Swift
13/06/2025;08:21;15:47;AJC7M65;Chevrolet/Celta
13/06/2025;09:54;17:51;DEF7L65;Fiat/Uno
13/06/2025;08:28;16:40;JBL7K65;Ford/Fiesta
14/06/2025;08:21;16:55;WSX4E09;Chevrolet/Cruze
14/06/2025;09:39;15:02;EDC5R21;Volkswagen/Fox
14/06/2025;08:46;17:22;RFV6T43;Hyundai/Tucson
14/06/2025;08:30;19:07;YHN8U87;Nissan/March
14/06/2025;08:12;16:05;UJM9I09;Fiat/Palio
14/06/2025;09:44;17:44;OLP1P43;Jeep/Renegade
14/06/2025;08:19;16:55;PAS2D65;Peugeot/308
14/06/2025;09:39;19:16;DFG3S87;Citroen/C4
14/06/2025;09:40;17:35;SDF4G09;Ford/Focus
14/06/2025;09:01;19:43;HJK6J43;Mitsubishi/ASX
16/06/2025;06:51;15:59;ALC1D23;Toyota/Corolla
16/06/2025;06:03;18:33;JDL2M45;Chevrolet/Onix
16/06/2025;06:38;18:25;QWE3R67;Volkswagen/Polo
16/06/2025;06:31;18:01;RTY4U89;Hyundai/HB20
16/06/2025;06:32;15:07;UIO5P10;Honda/Civic
16/06/2025;06:37;15:04;ASD6F32;Nissan/Kicks
16/06/2025;06:11;18:46;ZXC7V54;Fiat/Fastback
16/06/2025;06:12;17:39;VBN8G76;Renault/Kwid
16/06/2025;06:49;16:16;MNB9H98;Jeep/Compass
16/06/2025;06:33;18:59;POI0J21;Peugeot/208
16/06/2025;06:23;16:32;LKM1Z43;Citroen/C3
16/06/2025;06:38;18:01;HGF2X65;BYD/Dolphin
16/06/2025;06:25;16:24;QAZ3W87;Toyota/Etios
16/06/2025;08:39;16:14;WSX4E09;Chevrolet/Cruze
16/06/2025;09:53;19:10;EDC5R21;Volkswagen/Fox
16/06/2025;08:56;19:39;RFV6T43;Hyundai/Tucson
16/06/2025;09:15;15:54;TGB7Y65;Honda/Fit
16/06/2025;09:26;15:09;YHN8U87;Nissan/March
16/06/2025;09:11;16:47;UJM9I09;Fiat/Palio
16/06/2025;08:01;19:02;IKL0O21;Renault/Sandero
16/06/2025;08:55;17:48;OLP1P43;Jeep/Renegade
16/06/2025;08:53;15:24;PAS2D65;Peugeot/308
16/06/2025;09:26;15:58;DFG3S87;Citroen/C4
16/06/2025;08:20;15:50;SDF4G09;Ford/Focus
16/06/2025;09:48;18:09;GHG5H21;Kia/Soul
16/06/2025;09:51;15:37;HJK6J43;Mitsubishi/ASX
16/06/2025;08:16;19:14;JKL7K65;Suzuki/Swift
16/06/2025;08:11;18:16;AJC7M65;Chevrolet/Celta
16/06/2025;09:34;16:38;DEF7L65;Fiat/Uno
16/06/2025;10:58;16:31;JBL7K65;Ford/Fiesta
17/06/2025;06:59;19:39;ALC1D23;Toyota/Corolla
17/06/2025;06:04;17:35;JDL2M45;Chevrolet/Onix
17/06/2025;06:41;15:08;QWE3R67;Volkswagen/Polo
17/06/2025;06:29;18:35;RTY4U89;Hyundai/HB20
17/06/2025;06:39;19:11;UIO5P10;Honda/Civic
17/06/2025;06:57;17:55;ASD6F32;Nissan/Kicks
17/06/2025;06:20;17:47;ZXC7V54;Fiat/Fastback
17/06/2025;06:28;18:21;VBN8G76;Renault/Kwid
17/06/2025;06:26;16:21;MNB9H98;Jeep/Compass
17/06/2025;06:19;19:50;POI0J21;Peugeot/208
17/06/2025;06:37;16:01;LKM1Z43;Citroen/C3
17/06/2025;06:55;17:48;HGF2X65;BYD/Dolphin
17/06/2025;06:39;18:43;QAZ3W87;Toyota/Etios
17/06/2025;08:36;17:29;WSX4E09;Chevrolet/Cruze
17/06/2025;08:32;15:55;EDC5R21;Volkswagen/Fox
17/06/2025;09:55;15:53;RFV6T43;Hyundai/Tucson
17/06/2025;09:46;15:35;TGB7Y65;Honda/Fit
17/06/2025;08:34;16:29;YHN8U87;Nissan/March
17/06/2025;08:05;15:53;UJM9I09;Fiat/Palio
17/06/2025;09:16;18:48;IKL0O21;Renault/Sandero
17/06/2025;08:07;19:56;OLP1P43;Jeep/Renegade
17/06/2025;09:50;16:17;PAS2D65;Peugeot/308
17/06/2025;08:49;19:10;DFG3S87;Citroen/C4
17/06/2025;08:28;16:51;SDF4G09;Ford/Focus
17/06/2025;08:56;19:50;GHG5H21;Kia/Soul
17/06/2025;08:27;19:47;HJK6J43;Mitsubishi/ASX
17/06/2025;08:52;18:54;JKL7K65;Suzuki/Swift
17/06/2025;09:37;16:30;AJC7M65;Chevrolet/Celta
17/06/2025;09:50;16:54;DEF7L65;Fiat/Uno
17/06/2025;09:28;17:13;JBL7K65;Ford/Fiesta
18/06/2025;06:03;18:45;ALC1D23;Toyota/Corolla
18/06/2025;06:47;19:01;JDL2M45;Chevrolet/Onix
18/06/2025;06:09;15:02;QWE3R67;Volkswagen/Polo
18/06/2025;06:45;19:59;RTY4U89;Hyundai/HB20
18/06/2025;06:48;15:05;UIO5P10;Honda/Civic
18/06/2025;06:44;17:18;ASD6F32;Nissan/Kicks
18/06/2025;06:05;15:42;ZXC7V54;Fiat/Fastback
18/06/2025;06:48;15:54;VBN8G76;Renault/Kwid
18/06/2025;06:03;18:59;MNB9H98;Jeep/Compass
18/06/2025;06:11;19:03;POI0J21;Peugeot/208
18/06/2025;06:15;17:35;LKM1Z43;Citroen/C3
18/06/2025;06:37;18:41;HGF2X65;BYD/Dolphin
18/06/2025;06:29;18:18;QAZ3W87;Toyota/Etios
18/06/2025;09:42;17:18;WSX4E09;Chevrolet/Cruze
18/06/2025;08:21;15:39;EDC5R21;Volkswagen/Fox
18/06/2025;09:28;17:59;RFV6T43;Hyundai/Tucson
18/06/2025;08:19;17:15;TGB7Y65;Honda/Fit
18/06/2025;08:33;16:36;YHN8U87;Nissan/March
18/06/2025;09:59;18:10;UJM9I09;Fiat/Palio
18/06/2025;09:34;17:27;IKL0O21;Renault/Sandero
18/06/2025;09:07;19:35;OLP1P43;Jeep/Renegade
18/06/2025;08:40;15:57;PAS2D65;Peugeot/308
18/06/2025;08:34;19:21;DFG3S87;Citroen/C4
18/06/2025;08:44;17:55;SDF4G09;Ford/Focus
18/06/2025;08:29;17:56;GHG5H21;Kia/Soul
18/06/2025;09:43;17:53;HJK6J43;Mitsubishi/ASX
18/06/2025;10:52;17:17;JKL7K65;Suzuki/Swift
18/06/2025;08:26;17:45;AJC7M65;Chevrolet/Celta
18/06/2025;10:50;16:13;DEF7L65;Fiat/Uno
18/06/2025;09:34;15:57;JBL7K65;Ford/Fiesta
19/06/2025;06:52;15:30;ALC1D23;Toyota/Corolla
19/06/2025;06:37;17:06;JDL2M45;Chevrolet/Onix
19/06/2025;06:11;19:33;QWE3R67;Volkswagen/Polo
19/06/2025;06:40;18:07;RTY4U89;Hyundai/HB20
19/06/2025;06:39;18:08;UIO5P10;Honda/Civic
19/06/2025;06:02;19:06;ASD6F32;Nissan/Kicks
19/06/2025;06:33;16:33;ZXC7V54;Fiat/Fastback
19/06/2025;06:55;18:55;VBN8G76;Renault/Kwid
19/06/2025;06:46;17:04;MNB9H98;Jeep/Compass
19/06/2025;06:56;18:18;POI0J21;Peugeot/208
19/06/2025;06:14;18:25;LKM1Z43;Citroen/C3
19/06/2025;06:37;18:11;HGF2X65;BYD/Dolphin
19/06/2025;06:19;16:42;QAZ3W87;Toyota/Etios
19/06/2025;09:27;17:06;WSX4E09;Chevrolet/Cruze
19/06/2025;09:28;15:43;EDC5R21;Volkswagen/Fox
19/06/2025;08:30;17:08;RFV6T43;Hyundai/Tucson
19/06/2025;08:19;15:40;TGB7Y65;Honda/Fit
19/06/2025;08:38;19:45;YHN8U87;Nissan/March
19/06/2025;09:35;18:30;UJM9I09;Fiat/Palio
19/06/2025;08:10;17:03;IKL0O21;Renault/Sandero
19/06/2025;09:01;19:40;OLP1P43;Jeep/Renegade
19/06/2025;08:11;19:50;PAS2D65;Peugeot/308
19/06/2025;09:44;19:37;DFG3S87;Citroen/C4
19/06/2025;08:47;18:15;SDF4G09;Ford/Focus
19/06/2025;08:38;18:50;GHG5H21;Kia/Soul
19/06/2025;08:10;16:04;HJK6J43;Mitsubishi/ASX
19/06/2025;09:18;18:44;JKL7K65;Suzuki/Swift
19/06/2025;10:18;17:08;AJC7M65;Chevrolet/Celta
19/06/2025;10:27;15:31;DEF7L65;Fiat/Uno
19/06/2025;09:42;19:40;JBL7K65;Ford/Fiesta
20/06/2025;06:27;18:52;ALC1D23;Toyota/Corolla
20/06/2025;06:08;17:46;JDL2M45;Chevrolet/Onix
20/06/2025;06:40;18:06;QWE3R67;Volkswagen/Polo
20/06/2025;06:23;17:15;RTY4U89;Hyundai/HB20
20/06/2025;06:05;15:05;UIO5P10;Honda/Civic
20/06/2025;06:52;15:24;ASD6F32;Nissan/Kicks
20/06/2025;06:40;17:54;ZXC7V54;Fiat/Fastback
20/06/2025;06:15;17:03;VBN8G76;Renault/Kwid
20/06/2025;06:56;15:03;MNB9H98;Jeep/Compass
20/06/2025;06:01;19:29;POI0J21;Peugeot/208
20/06/2025;06:32;15:24;LKM1Z43;Citroen/C3
20/06/2025;06:39;18:02;HGF2X65;BYD/Dolphin
20/06/2025;06:27;15:40;QAZ3W87;Toyota/Etios
20/06/2025;08:07;15:19;WSX4E09;Chevrolet/Cruze
20/06/2025;09:45;17:35;EDC5R21;Volkswagen/Fox
20/06/2025;09:19;16:51;RFV6T43;Hyundai/Tucson
20/06/2025;09:51;18:37;TGB7Y65;Honda/Fit
20/06/2025;08:59;16:53;YHN8U87;Nissan/March
20/06/2025;09:50;15:12;UJM9I09;Fiat/Palio
20/06/2025;09:04;15:38;IKL0O21;Renault/Sandero
20/06/2025;08:13;16:04;OLP1P43;Jeep/Renegade
20/06/2025;09:38;16:55;PAS2D65;Peugeot/308
20/06/2025;09:26;17:27;DFG3S87;Citroen/C4
20/06/2025;09:13;18:27;SDF4G09;Ford/Focus
20/06/2025;09:56;16:18;GHG5H21;Kia/Soul
20/06/2025;08:25;15:36;HJK6J43;Mitsubishi/ASX
20/06/2025;08:11;19:43;JKL7K65;Suzuki/Swift
20/06/2025;09:01;17:26;AJC7M65;Chevrolet/Celta
20/06/2025;09:29;19:27;DEF7L65;Fiat/Uno
20/06/2025;08:56;19:15;JBL7K65;Ford/Fiesta
21/06/2025;08:17;17:43;WSX4E09;Chevrolet/Cruze
21/06/2025;08:02;19:53;RFV6T43;Hyundai/Tucson
21/06/2025;08:48;17:49;UJM9I09;Fiat/Palio
21/06/2025;09:13;19:38;IKL0O21;Renault/Sandero
21/06/2025;08:18;16:19;OLP1P43;Jeep/Renegade
21/06/2025;08:38;17:21;PAS2D65;Peugeot/308
21/06/2025;09:46;16:33;GHG5H21;Kia/Soul
23/06/2025;06:55;18:09;ALC1D23;Toyota/Corolla
23/06/2025;06:18;17:44;JDL2M45;Chevrolet/Onix
23/06/2025;06:50;16:46;QWE3R67;Volkswagen/Polo
23/06/2025;06:34;17:00;RTY4U89;Hyundai/HB20
23/06/2025;06:40;16:42;UIO5P10;Honda/Civic
23/06/2025;06:23;16:06;ASD6F32;Nissan/Kicks
23/06/2025;06:42;16:09;ZXC7V54;Fiat/Fastback
23/06/2025;06:57;17:54;VBN8G76;Renault/Kwid
23/06/2025;06:27;18:55;MNB9H98;Jeep/Compass
23/06/2025;06:39;17:13;POI0J21;Peugeot/208
23/06/2025;06:41;18:34;LKM1Z43;Citroen/C3
23/06/2025;06:27;19:20;HGF2X65;BYD/Dolphin
23/06/2025;06:08;15:31;QAZ3W87;Toyota/Etios
23/06/2025;09:57;18:19;WSX4E09;Chevrolet/Cruze
23/06/2025;08:08;18:44;EDC5R21;Volkswagen/Fox
23/06/2025;08:12;19:26;RFV6T43;Hyundai/Tucson
23/06/2025;09:16;16:17;TGB7Y65;Honda/Fit
23/06/2025;09:50;18:21;YHN8U87;Nissan/March
23/06/2025;08:46;17:20;UJM9I09;Fiat/Palio
23/06/2025;09:20;19:06;IKL0O21;Renault/Sandero
23/06/2025;08:56;19:56;OLP1P43;Jeep/Renegade
23/06/2025;09:26;16:04;PAS2D65;Peugeot/308
23/06/2025;08:56;15:39;DFG3S87;Citroen/C4
23/06/2025;09:17;17:20;SDF4G09;Ford/Focus
23/06/2025;09:15;18:26;GHG5H21;Kia/Soul
23/06/2025;09:43;18:26;HJK6J43;Mitsubishi/ASX
23/06/2025;09:20;16:07;JKL7K65;Suzuki/Swift
23/06/2025;10:16;18:44;AJC7M65;Chevrolet/Celta
23/06/2025;08:12;18:41;DEF7L65;Fiat/Uno
23/06/2025;08:31;15:41;JBL7K65;Ford/Fiesta
24/06/2025;06:04;15:10;ALC1D23;Toyota/Corolla
24/06/2025;06:44;15:22;JDL2M45;Chevrolet/Onix
24/06/2025;06:46;17:55;QWE3R67;Volkswagen/Polo
24/06/2025;06:48;17:39;RTY4U89;Hyundai/HB20
24/06/2025;06:49;17:21;UIO5P10;Honda/Civic
24/06/2025;06:37;19:45;ASD6F32;Nissan/Kicks
24/06/2025;06:34;19:42;ZXC7V54;Fiat/Fastback
24/06/2025;06:15;17:10;VBN8G76;Renault/Kwid
24/06/2025;06:07;17:30;MNB9H98;Jeep/Compass
24/06/2025;06:07;19:38;POI0J21;Peugeot/208
24/06/2025;06:30;15:03;LKM1Z43;Citroen/C3
24/06/2025;06:24;18:25;HGF2X65;BYD/Dolphin
24/06/2025;06:53;17:48;QAZ3W87;Toyota/Etios
24/06/2025;08:17;16:58;WSX4E09;Chevrolet/Cruze
24/06/2025;08:03;17:17;EDC5R21;Volkswagen/Fox
24/06/2025;09:26;18:17;RFV6T43;Hyundai/Tucson
24/06/2025;08:23;19:08;TGB7Y65;Honda/Fit
24/06/2025;09:50;17:31;YHN8U87;Nissan/March
24/06/2025;08:59;18:50;UJM9I09;Fiat/Palio
24/06/2025;08:59;16:14;IKL0O21;Renault/Sandero
24/06/2025;09:43;16:26;OLP1P43;Jeep/Renegade
24/06/2025;09:30;17:19;PAS2D65;Peugeot/308
24/06/2025;09:38;17:55;DFG3S87;Citroen/C4
24/06/2025;08:11;19:18;SDF4G09;Ford/Focus
24/06/2025;08:15;19:13;GHG5H21;Kia/Soul
24/06/2025;09:27;17:16;HJK6J43;Mitsubishi/ASX
24/06/2025;09:07;15:57;JKL7K65;Suzuki/Swift
24/06/2025;08:53;19:16;AJC7M65;Chevrolet/Celta
24/06/2025;08:56;15:11;DEF7L65;Fiat/Uno
24/06/2025;09:27;15:35;JBL7K65;Ford/Fiesta
25/06/2025;06:37;19:18;ALC1D23;Toyota/Corolla
25/06/2025;06:39;17:13;JDL2M45;Chevrolet/Onix
25/06/2025;06:28;16:40;QWE3R67;Volkswagen/Polo
25/06/2025;06:33;16:51;RTY4U89;Hyundai/HB20
25/06/2025;06:53;16:31;UIO5P10;Honda/Civic
25/06/2025;06:35;16:42;ASD6F32;Nissan/Kicks
25/06/2025;06:26;15:56;ZXC7V54;Fiat/Fastback
25/06/2025;06:57;19:34;VBN8G76;Renault/Kwid
25/06/2025;06:08;16:22;MNB9H98;Jeep/Compass
25/06/2025;06:07;18:39;POI0J21;Peugeot/208
25/06/2025;06:03;19:41;LKM1Z43;Citroen/C3
25/06/2025;06:20;17:50;HGF2X65;BYD/Dolphin
25/06/2025;06:25;15:20;QAZ3W87;Toyota/Etios
25/06/2025;08:36;15:19;WSX4E09;Chevrolet/Cruze
25/06/2025;08:12;19:55;EDC5R21;Volkswagen/Fox
25/06/2025;09:48;15:48;RFV6T43;Hyundai/Tucson
25/06/2025;09:45;16:25;TGB7Y65;Honda/Fit
25/06/2025;08:33;16:32;YHN8U87;Nissan/March
25/06/2025;08:57;16:29;UJM9I09;Fiat/Palio
25/06/2025;08:40;19:55;IKL0O21;Renault/Sandero
25/06/2025;08:15;18:32;OLP1P43;Jeep/Renegade
25/06/2025;09:05;16:27;PAS2D65;Peugeot/308
25/06/2025;09:48;17:06;DFG3S87;Citroen/C4
25/06/2025;09:16;19:07;SDF4G09;Ford/Focus
25/06/2025;09:06;18:14;GHG5H21;Kia/Soul
25/06/2025;08:16;18:00;HJK6J43;Mitsubishi/ASX
25/06/2025;09:01;17:47;JKL7K65;Suzuki/Swift
25/06/2025;10:57;17:06;AJC7M65;Chevrolet/Celta
25/06/2025;08:27;17:35;DEF7L65;Fiat/Uno
25/06/2025;10:24;15:35;JBL7K65;Ford/Fiesta
26/06/2025;06:32;18:17;ALC1D23;Toyota/Corolla
26/06/2025;06:07;17:39;JDL2M45;Chevrolet/Onix
26/06/2025;06:51;19:33;QWE3R67;Volkswagen/Polo
26/06/2025;06:55;18:07;RTY4U89;Hyundai/HB20
26/06/2025;06:42;15:03;UIO5P10;Honda/Civic
26/06/2025;06:49;17:33;ASD6F32;Nissan/Kicks
26/06/2025;06:12;17:25;ZXC7V54;Fiat/Fastback
26/06/2025;06:28;17:45;VBN8G76;Renault/Kwid
26/06/2025;06:35;16:59;MNB9H98;Jeep/Compass
26/06/2025;06:06;18:09;POI0J21;Peugeot/208
26/06/2025;06:58;15:06;LKM1Z43;Citroen/C3
26/06/2025;06:10;15:00;HGF2X65;BYD/Dolphin
26/06/2025;06:20;15:44;QAZ3W87;Toyota/Etios
26/06/2025;09:29;19:37;WSX4E09;Chevrolet/Cruze
26/06/2025;09:43;15:26;EDC5R21;Volkswagen/Fox
26/06/2025;08:57;15:15;RFV6T43;Hyundai/Tucson
26/06/2025;09:10;18:35;TGB7Y65;Honda/Fit
26/06/2025;09:21;17:08;YHN8U87;Nissan/March
26/06/2025;08:28;18:33;UJM9I09;Fiat/Palio
26/06/2025;08:40;16:50;IKL0O21;Renault/Sandero
26/06/2025;09:26;17:50;OLP1P43;Jeep/Renegade
26/06/2025;09:38;16:34;PAS2D65;Peugeot/308
26/06/2025;08:28;19:51;DFG3S87;Citroen/C4
26/06/2025;09:13;15:01;SDF4G09;Ford/Focus
26/06/2025;09:56;15:08;GHG5H21;Kia/Soul
26/06/2025;08:35;18:11;HJK6J43;Mitsubishi/ASX
26/06/2025;10:48;16:55;JKL7K65;Suzuki/Swift
26/06/2025;09:15;15:19;AJC7M65;Chevrolet/Celta
26/06/2025;08:09;16:42;DEF7L65;Fiat/Uno
26/06/2025;08:29;17:32;JBL7K65;Ford/Fiesta
27/06/2025;06:34;19:16;ALC1D23;Toyota/Corolla
27/06/2025;06:52;17:23;JDL2M45;Chevrolet/Onix
27/06/2025;06:33;15:25;QWE3R67;Volkswagen/Polo
27/06/2025;06:52;17:29;RTY4U89;Hyundai/HB20
27/06/2025;06:52;18:22;UIO5P10;Honda/Civic
27/06/2025;06:25;19:52;ASD6F32;Nissan/Kicks
27/06/2025;06:34;16:41;ZXC7V54;Fiat/Fastback
27/06/2025;06:20;16:52;VBN8G76;Renault/Kwid
27/06/2025;06:55;17:48;MNB9H98;Jeep/Compass
27/06/2025;06:13;19:35;POI0J21;Peugeot/208
27/06/2025;06:38;17:44;LKM1Z43;Citroen/C3
27/06/2025;06:28;19:11;HGF2X65;BYD/Dolphin
27/06/2025;06:52;18:41;QAZ3W87;Toyota/Etios
27/06/2025;08:42;17:18;WSX4E09;Chevrolet/Cruze
27/06/2025;08:18;15:42;EDC5R21;Volkswagen/Fox
27/06/2025;08:54;18:52;RFV6T43;Hyundai/Tucson
27/06/2025;08:49;18:48;TGB7Y65;Honda/Fit
27/06/2025;09:15;16:42;YHN8U87;Nissan/March
27/06/2025;09:23;19:40;UJM9I09;Fiat/Palio
27/06/2025;09:51;18:52;IKL0O21;Renault/Sandero
27/06/2025;08:22;17:38;OLP1P43;Jeep/Renegade
27/06/2025;09:18;16:54;PAS2D65;Peugeot/308
27/06/2025;08:19;18:04;DFG3S87;Citroen/C4
27/06/2025;09:14;16:42;SDF4G09;Ford/Focus
27/06/2025;09:32;18:22;GHG5H21;Kia/Soul
27/06/2025;09:17;18:19;HJK6J43;Mitsubishi/ASX
27/06/2025;08:49;19:33;JKL7K65;Suzuki/Swift
27/06/2025;09:45;16:33;AJC7M65;Chevrolet/Celta
27/06/2025;09:55;19:10;DEF7L65;Fiat/Uno
27/06/2025;10:11;19:08;JBL7K65;Ford/Fiesta
28/06/2025;08:11;15:09;WSX4E09;Chevrolet/Cruze
28/06/2025;09:56;16:38;EDC5R21;Volkswagen/Fox
28/06/2025;08:31;17:17;YHN8U87;Nissan/March
28/06/2025;08:11;19:09;UJM9I09;Fiat/Palio
28/06/2025;08:42;15:28;IKL0O21;Renault/Sandero
28/06/2025;08:18;19:38;OLP1P43;Jeep/Renegade
28/06/2025;08:19;17:51;PAS2D65;Peugeot/308
28/06/2025;08:52;16:31;SDF4G09;Ford/Focus
28/06/2025;08:20;17:24;GHG5H21;Kia/Soul
28/06/2025;09:46;17:54;HJK6J43;Mitsubishi/ASX
30/06/2025;06:27;19:08;ALC1D23;Toyota/Corolla
30/06/2025;06:34;19:57;JDL2M45;Chevrolet/Onix
30/06/2025;06:21;19:37;QWE3R67;Volkswagen/Polo
30/06/2025;06:44;17:32;RTY4U89;Hyundai/HB20
30/06/2025;06:47;18:14;UIO5P10;Honda/Civic
30/06/2025;06:39;15:44;ASD6F32;Nissan/Kicks
30/06/2025;06:23;19:44;ZXC7V54;Fiat/Fastback
30/06/2025;06:01;17:35;VBN8G76;Renault/Kwid
30/06/2025;06:08;18:09;MNB9H98;Jeep/Compass
30/06/2025;06:19;19:46;POI0J21;Peugeot/208
30/06/2025;06:22;17:08;LKM1Z43;Citroen/C3
30/06/2025;06:35;15:16;HGF2X65;BYD/Dolphin
30/06/2025;06:58;19:18;QAZ3W87;Toyota/Etios
30/06/2025;09:02;15:43;WSX4E09;Chevrolet/Cruze
30/06/2025;09:44;19:17;EDC5R21;Volkswagen/Fox
30/06/2025;09:10;19:28;RFV6T43;Hyundai/Tucson
30/06/2025;08:49;17:26;TGB7Y65;Honda/Fit
30/06/2025;08:59;19:54;YHN8U87;Nissan/March
30/06/2025;08:49;19:46;UJM9I09;Fiat/Palio
30/06/2025;08:08;18:18;IKL0O21;Renault/Sandero
30/06/2025;09:29;18:36;OLP1P43;Jeep/Renegade
30/06/2025;09:34;18:16;PAS2D65;Peugeot/308
30/06/2025;09:33;18:19;DFG3S87;Citroen/C4
30/06/2025;09:25;15:09;SDF4G09;Ford/Focus
30/06/2025;08:16;15:23;GHG5H21;Kia/Soul
30/06/2025;08:42;17:41;HJK6J43;Mitsubishi/ASX
30/06/2025;09:15;16:17;JKL7K65;Suzuki/Swift
30/06/2025;10:23;15:51;AJC7M65;Chevrolet/Celta
30/06/2025;08:45;15:28;DEF7L65;Fiat/Uno
30/06/2025;09:19;16:24;JBL7K65;Ford/Fiesta
01/07/2025;06:35;16:36;ALC1D23;Toyota/Corolla
01/07/2025;06:59;19:08;JDL2M45;Chevrolet/Onix
01/07/2025;06:31;15:07;QWE3R67;Volkswagen/Polo
01/07/2025;06:37;19:00;RTY4U89;Hyundai/HB20
01/07/2025;06:25;19:22;UIO5P10;Honda/Civic
01/07/2025;06:22;16:09;ASD6F32;Nissan/Kicks
01/07/2025;06:45;15:36;ZXC7V54;Fiat/Fastback
01/07/2025;06:56;19:45;VBN8G76;Renault/Kwid
01/07/2025;06:25;16:29;MNB9H98;Jeep/Compass
01/07/2025;06:35;15:47;POI0J21;Peugeot/208
01/07/2025;06:36;18:55;LKM1Z43;Citroen/C3
01/07/2025;06:42;16:28;HGF2X65;BYD/Dolphin
01/07/2025;06:17;19:39;QAZ3W87;Toyota/Etios
01/07/2025;08:48;15:46;WSX4E09;Chevrolet/Cruze
01/07/2025;08:57;15:18;EDC5R21;Volkswagen/Fox
01/07/2025;09:04;19:29;RFV6T43;Hyundai/Tucson
01/07/2025;09:44;15:37;TGB7Y65;Honda/Fit
01/07/2025;09:17;17:40;YHN8U87;Nissan/March
01/07/2025;09:10;15:50;UJM9I09;Fiat/Palio
01/07/2025;09:38;18:43;IKL0O21;Renault/Sandero
01/07/2025;08:01;18:30;OLP1P43;Jeep/Renegade
01/07/2025;08:22;17:58;PAS2D65;Peugeot/308
01/07/2025;09:20;18:34;DFG3S87;Citroen/C4
01/07/2025;09:55;17:30;SDF4G09;Ford/Focus
01/07/2025;09:53;15:30;GHG5H21;Kia/Soul
01/07/2025;09:27;17:21;HJK6J43;Mitsubishi/ASX
01/07/2025;10:49;15:03;JKL7K65;Suzuki/Swift
01/07/2025;09:30;19:04;AJC7M65;Chevrolet/Celta
01/07/2025;09:27;17:57;DEF7L65;Fiat/Uno
01/07/2025;08:08;18:18;JBL7K65;Ford/Fiesta
02/07/2025;06:23;17:15;ALC1D23;Toyota/Corolla
02/07/2025;06:49;18:38;JDL2M45;Chevrolet/Onix
02/07/2025;06:30;15:50;QWE3R67;Volkswagen/Polo
02/07/2025;06:58;19:49;RTY4U89;Hyundai/HB20
02/07/2025;06:39;16:07;UIO5P10;Honda/Civic
02/07/2025;06:18;17:20;ASD6F32;Nissan/Kicks
02/07/2025;06:16;15:34;ZXC7V54;Fiat/Fastback
02/07/2025;06:11;18:01;VBN8G76;Renault/Kwid
02/07/2025;06:35;15:04;MNB9H98;Jeep/Compass
02/07/2025;06:18;15:51;POI0J21;Peugeot/208
02/07/2025;06:43;15:03;LKM1Z43;Citroen/C3
02/07/2025;06:05;16:00;HGF2X65;BYD/Dolphin
02/07/2025;06:10;15:35;QAZ3W87;Toyota/Etios
02/07/2025;09:05;18:17;WSX4E09;Chevrolet/Cruze
02/07/2025;09:14;15:56;EDC5R21;Volkswagen/Fox
02/07/2025;08:30;15:58;RFV6T43;Hyundai/Tucson
02/07/2025;08:50;17:37;TGB7Y65;Honda/Fit
02/07/2025;08:26;15:53;YHN8U87;Nissan/March
02/07/2025;09:19;19:36;UJM9I09;Fiat/Palio
02/07/2025;09:42;15:21;IKL0O21;Renault/Sandero
02/07/2025;09:02;17:45;OLP1P43;Jeep/Renegade
02/07/2025;08:59;19:46;PAS2D65;Peugeot/308
02/07/2025;08:48;15:38;DFG3S87;Citroen/C4
02/07/2025;09:28;16:08;SDF4G09;Ford/Focus
02/07/2025;08:38;18:16;GHG5H21;Kia/Soul
02/07/2025;08:31;15:45;HJK6J43;Mitsubishi/ASX
02/07/2025;10:16;16:35;JKL7K65;Suzuki/Swift
02/07/2025;10:31;15:27;AJC7M65;Chevrolet/Celta
02/07/2025;09:06;17:44;DEF7L65;Fiat/Uno
02/07/2025;09:59;18:29;JBL7K65;Ford/Fiesta
03/07/2025;06:54;17:54;ALC1D23;Toyota/Corolla
03/07/2025;06:39;17:46;JDL2M45;Chevrolet/Onix
03/07/2025;06:32;17:31;QWE3R67;Volkswagen/Polo
03/07/2025;06:31;15:52;RTY4U89;Hyundai/HB20
03/07/2025;06:28;19:43;UIO5P10;Honda/Civic
03/07/2025;06:13;16:29;ASD6F32;Nissan/Kicks
03/07/2025;06:28;17:30;ZXC7V54;Fiat/Fastback
03/07/2025;06:37;18:49;VBN8G76;Renault/Kwid
03/07/2025;06:58;18:56;MNB9H98;Jeep/Compass
03/07/2025;06:34;15:31;POI0J21;Peugeot/208
03/07/2025;06:43;15:07;LKM1Z43;Citroen/C3
03/07/2025;06:15;15:35;HGF2X65;BYD/Dolphin
03/07/2025;06:20;18:11;QAZ3W87;Toyota/Etios
03/07/2025;08:35;18:06;WSX4E09;Chevrolet/Cruze
03/07/2025;09:06;19:38;EDC5R21;Volkswagen/Fox
03/07/2025;09:02;16:40;RFV6T43;Hyundai/Tucson
03/07/2025;08:46;19:21;TGB7Y65;Honda/Fit
03/07/2025;09:25;16:53;YHN8U87;Nissan/March
03/07/2025;09:11;18:36;UJM9I09;Fiat/Palio
03/07/2025;08:06;15:32;IKL0O21;Renault/Sandero
03/07/2025;08:31;17:41;OLP1P43;Jeep/Renegade
03/07/2025;08:26;19:54;PAS2D65;Peugeot/308
03/07/2025;09:44;16:31;DFG3S87;Citroen/C4
03/07/2025;08:57;15:27;SDF4G09;Ford/Focus
03/07/2025;09:24;17:25;GHG5H21;Kia/Soul
03/07/2025;09:00;18:20;HJK6J43;Mitsubishi/ASX
03/07/2025;08:09;17:33;JKL7K65;Suzuki/Swift
03/07/2025;09:14;18:22;AJC7M65;Chevrolet/Celta
03/07/2025;10:11;19:06;DEF7L65;Fiat/Uno
03/07/2025;10:07;16:59;JBL7K65;Ford/Fiesta
04/07/2025;06:42;15:13;ALC1D23;Toyota/Corolla
04/07/2025;06:49;17:33;JDL2M45;Chevrolet/Onix
04/07/2025;06:13;15:26;QWE3R67;Volkswagen/Polo
04/07/2025;06:02;19:27;RTY4U89;Hyundai/HB20
04/07/2025;06:56;18:37;UIO5P10;Honda/Civic
04/07/2025;06:40;17:03;ASD6F32;Nissan/Kicks
04/07/2025;06:50;18:33;ZXC7V54;Fiat/Fastback
04/07/2025;06:48;18:46;VBN8G76;Renault/Kwid
04/07/2025;06:50;15:37;MNB9H98;Jeep/Compass
04/07/2025;06:34;19:29;POI0J21;Peugeot/208
04/07/2025;06:55;17:37;LKM1Z43;Citroen/C3
04/07/2025;06:11;17:52;HGF2X65;BYD/Dolphin
04/07/2025;06:05;15:05;QAZ3W87;Toyota/Etios
04/07/2025;08:48;15:52;WSX4E09;Chevrolet/Cruze
04/07/2025;08:12;19:05;EDC5R21;Volkswagen/Fox
04/07/2025;09:27;16:42;RFV6T43;Hyundai/Tucson
04/07/2025;08:08;17:37;TGB7Y65;Honda/Fit
04/07/2025;08:23;19:28;YHN8U87;Nissan/March
04/07/2025;08:52;16:13;UJM9I09;Fiat/Palio
04/07/2025;08:48;16:32;IKL0O21;Renault/Sandero
04/07/2025;09:08;16:51;OLP1P43;Jeep/Renegade
04/07/2025;09:18;18:46;PAS2D65;Peugeot/308
04/07/2025;08:34;16:57;DFG3S87;Citroen/C4
04/07/2025;08:43;19:22;SDF4G09;Ford/Focus
04/07/2025;08:47;17:07;GHG5H21;Kia/Soul
04/07/2025;09:23;18:33;HJK6J43;Mitsubishi/ASX
04/07/2025;10:26;16:20;JKL7K65;Suzuki/Swift
04/07/2025;08:11;19:47;AJC7M65;Chevrolet/Celta
04/07/2025;08:53;15:48;DEF7L65;Fiat/Uno
04/07/2025;10:28;17:43;JBL7K65;Ford/Fiesta
05/07/2025;08:15;17:30;WSX4E09;Chevrolet/Cruze
05/07/2025;08:19;19:22;EDC5R21;Volkswagen/Fox
05/07/2025;08:29;18:43;RFV6T43;Hyundai/Tucson
05/07/2025;08:35;18:04;YHN8U87;Nissan/March
05/07/2025;09:53;19:38;IKL0O21;Renault/Sandero
05/07/2025;08:02;17:23;PAS2D65;Peugeot/308
05/07/2025;08:07;18:41;DFG3S87;Citroen/C4
05/07/2025;08:34;16:28;GHG5H21;Kia/Soul
05/07/2025;08:07;16:42;HJK6J43;Mitsubishi/ASX
07/07/2025;06:17;15:11;ALC1D23;Toyota/Corolla
07/07/2025;06:07;19:28;JDL2M45;Chevrolet/Onix
07/07/2025;06:25;17:28;QWE3R67;Volkswagen/Polo
07/07/2025;06:47;15:55;RTY4U89;Hyundai/HB20
07/07/2025;06:03;15:12;UIO5P10;Honda/Civic
07/07/2025;06:44;15:53;ASD6F32;Nissan/Kicks
07/07/2025;06:28;18:21;ZXC7V54;Fiat/Fastback
07/07/2025;06:22;18:41;VBN8G76;Renault/Kwid
07/07/2025;06:04;17:22;MNB9H98;Jeep/Compass
07/07/2025;06:47;17:45;POI0J21;Peugeot/208
07/07/2025;06:00;16:23;LKM1Z43;Citroen/C3
07/07/2025;06:56;15:16;HGF2X65;BYD/Dolphin
07/07/2025;06:43;15:16;QAZ3W87;Toyota/Etios
07/07/2025;08:42;17:48;WSX4E09;Chevrolet/Cruze
07/07/2025;08:39;15:18;EDC5R21;Volkswagen/Fox
07/07/2025;08:32;16:55;RFV6T43;Hyundai/Tucson
07/07/2025;08:55;15:50;TGB7Y65;Honda/Fit
07/07/2025;08:38;17:58;YHN8U87;Nissan/March
07/07/2025;09:55;15:56;UJM9I09;Fiat/Palio
07/07/2025;08:20;17:09;IKL0O21;Renault/Sandero
07/07/2025;09:33;19:47;OLP1P43;Jeep/Renegade
07/07/2025;08:42;17:17;PAS2D65;Peugeot/308
07/07/2025;09:36;16:03;DFG3S87;Citroen/C4
07/07/2025;08:15;16:09;SDF4G09;Ford/Focus
07/07/2025;09:04;19:18;GHG5H21;Kia/Soul
07/07/2025;08:58;17:40;HJK6J43;Mitsubishi/ASX
07/07/2025;09:49;19:26;JKL7K65;Suzuki/Swift
07/07/2025;09:52;16:39;AJC7M65;Chevrolet/Celta
07/07/2025;09:22;15:15;DEF7L65;Fiat/Uno
07/07/2025;08:35;18:13;JBL7K65;Ford/Fiesta
08/07/2025;06:07;16:14;ALC1D23;Toyota/Corolla
08/07/2025;06:35;16:32;JDL2M45;Chevrolet/Onix
08/07/2025;06:02;16:31;QWE3R67;Volkswagen/Polo
08/07/2025;06:33;15:50;RTY4U89;Hyundai/HB20
08/07/2025;06:55;16:10;UIO5P10;Honda/Civic
08/07/2025;06:12;16:36;ASD6F32;Nissan/Kicks
08/07/2025;06:47;16:03;ZXC7V54;Fiat/Fastback
08/07/2025;06:00;18:23;VBN8G76;Renault/Kwid
08/07/2025;06:54;15:27;MNB9H98;Jeep/Compass
08/07/2025;06:02;18:27;POI0J21;Peugeot/208
08/07/2025;06:12;17:18;LKM1Z43;Citroen/C3
08/07/2025;06:12;18:10;HGF2X65;BYD/Dolphin
08/07/2025;06:08;18:31;QAZ3W87;Toyota/Etios
08/07/2025;08:13;17:24;WSX4E09;Chevrolet/Cruze
08/07/2025;08:16;16:01;EDC5R21;Volkswagen/Fox
08/07/2025;08:25;17:27;RFV6T43;Hyundai/Tucson
08/07/2025;08:28;19:54;TGB7Y65;Honda/Fit
08/07/2025;09:46;16:19;YHN8U87;Nissan/March
08/07/2025;09:28;15:39;UJM9I09;Fiat/Palio
08/07/2025;08:35;19:20;IKL0O21;Renault/Sandero
08/07/2025;09:04;15:54;OLP1P43;Jeep/Renegade
08/07/2025;09:32;19:55;PAS2D65;Peugeot/308
08/07/2025;08:15;17:58;DFG3S87;Citroen/C4
08/07/2025;09:23;19:00;SDF4G09;Ford/Focus
08/07/2025;09:43;15:58;GHG5H21;Kia/Soul
08/07/2025;08:20;19:32;HJK6J43;Mitsubishi/ASX
08/07/2025;10:50;19:07;JKL7K65;Suzuki/Swift
08/07/2025;08:55;19:06;AJC7M65;Chevrolet/Celta
08/07/2025;08:58;15:07;DEF7L65;Fiat/Uno
08/07/2025;10:23;16:46;JBL7K65;Ford/Fiesta
09/07/2025;06:14;18:45;ALC1D23;Toyota/Corolla
09/07/2025;06:24;17:01;JDL2M45;Chevrolet/Onix
09/07/2025;06:33;17:07;QWE3R67;Volkswagen/Polo
09/07/2025;06:16;15:59;RTY4U89;Hyundai/HB20
09/07/2025;06:12;17:10;UIO5P10;Honda/Civic
09/07/2025;06:30;17:04;ASD6F32;Nissan/Kicks
09/07/2025;06:41;15:34;ZXC7V54;Fiat/Fastback
09/07/2025;06:23;16:05;VBN8G76;Renault/Kwid
09/07/2025;06:31;17:29;MNB9H98;Jeep/Compass
09/07/2025;06:46;16:24;POI0J21;Peugeot/208
09/07/2025;06:00;15:02;LKM1Z43;Citroen/C3
09/07/2025;06:12;16:47;HGF2X65;BYD/Dolphin
09/07/2025;06:00;17:23;QAZ3W87;Toyota/Etios
09/07/2025;09:03;16:46;WSX4E09;Chevrolet/Cruze
09/07/2025;08:10;15:58;EDC5R21;Volkswagen/Fox
09/07/2025;09:07;15:58;RFV6T43;Hyundai/Tucson
09/07/2025;09:33;19:08;TGB7Y65;Honda/Fit
09/07/2025;09:16;16:46;YHN8U87;Nissan/March
09/07/2025;08:51;15:04;UJM9I09;Fiat/Palio
09/07/2025;09:26;18:46;IKL0O21;Renault/Sandero
09/07/2025;09:26;18:52;OLP1P43;Jeep/Renegade
09/07/2025;08:36;16:12;PAS2D65;Peugeot/308
09/07/2025;09:07;15:49;DFG3S87;Citroen/C4
09/07/2025;08:52;18:47;SDF4G09;Ford/Focus
09/07/2025;09:57;17:25;GHG5H21;Kia/Soul
09/07/2025;08:15;16:56;HJK6J43;Mitsubishi/ASX
09/07/2025;10:00;16:19;JKL7K65;Suzuki/Swift
09/07/2025;09:18;19:19;AJC7M65;Chevrolet/Celta
09/07/2025;10:28;18:35;DEF7L65;Fiat/Uno
09/07/2025;10:48;18:27;JBL7K65;Ford/Fiesta
10/07/2025;06:00;17:16;ALC1D23;Toyota/Corolla
10/07/2025;06:53;17:20;JDL2M45;Chevrolet/Onix
10/07/2025;06:56;17:52;QWE3R67;Volkswagen/Polo
10/07/2025;06:50;16:52;RTY4U89;Hyundai/HB20
10/07/2025;06:32;16:44;UIO5P10;Honda/Civic
10/07/2025;06:49;19:08;ASD6F32;Nissan/Kicks
10/07/2025;06:42;17:09;ZXC7V54;Fiat/Fastback
10/07/2025;06:28;16:12;VBN8G76;Renault/Kwid
10/07/2025;06:22;18:13;MNB9H98;Jeep/Compass
10/07/2025;06:57;15:30;POI0J21;Peugeot/208
10/07/2025;06:50;18:10;LKM1Z43;Citroen/C3
10/07/2025;06:15;18:38;HGF2X65;BYD/Dolphin
10/07/2025;06:04;17:29;QAZ3W87;Toyota/Etios
10/07/2025;09:36;17:10;WSX4E09;Chevrolet/Cruze
10/07/2025;09:08;19:33;EDC5R21;Volkswagen/Fox
10/07/2025;08:37;19:36;RFV6T43;Hyundai/Tucson
10/07/2025;08:55;19:08;TGB7Y65;Honda/Fit
10/07/2025;09:37;18:10;YHN8U87;Nissan/March
10/07/2025;09:57;15:10;UJM9I09;Fiat/Palio
10/07/2025;09:08;19:21;IKL0O21;Renault/Sandero
10/07/2025;08:21;18:38;OLP1P43;Jeep/Renegade
10/07/2025;08:47;16:13;PAS2D65;Peugeot/308
10/07/2025;09:20;19:45;DFG3S87;Citroen/C4
10/07/2025;09:33;16:17;SDF4G09;Ford/Focus
10/07/2025;09:49;16:06;GHG5H21;Kia/Soul
10/07/2025;08:28;15:38;HJK6J43;Mitsubishi/ASX
10/07/2025;08:19;16:58;JKL7K65;Suzuki/Swift
10/07/2025;08:06;16:13;AJC7M65;Chevrolet/Celta
10/07/2025;09:05;18:11;DEF7L65;Fiat/Uno
10/07/2025;08:21;17:42;JBL7K65;Ford/Fiesta
11/07/2025;06:41;19:16;ALC1D23;Toyota/Corolla
11/07/2025;06:22;18:45;JDL2M45;Chevrolet/Onix
11/07/2025;06:27;19:25;QWE3R67;Volkswagen/Polo
11/07/2025;06:04;17:40;RTY4U89;Hyundai/HB20
11/07/2025;06:48;18:31;UIO5P10;Honda/Civic
11/07/2025;06:23;16:01;ASD6F32;Nissan/Kicks
11/07/2025;06:30;15:56;ZXC7V54;Fiat/Fastback
11/07/2025;06:05;19:01;VBN8G76;Renault/Kwid
11/07/2025;06:09;19:38;MNB9H98;Jeep/Compass
11/07/2025;06:19;18:06;POI0J21;Peugeot/208
11/07/2025;06:29;17:16;LKM1Z43;Citroen/C3
11/07/2025;06:31;19:05;HGF2X65;BYD/Dolphin
11/07/2025;06:17;18:08;QAZ3W87;Toyota/Etios
11/07/2025;08:34;15:37;WSX4E09;Chevrolet/Cruze
11/07/2025;08:49;16:13;EDC5R21;Volkswagen/Fox
11/07/2025;08:24;19:34;RFV6T43;Hyundai/Tucson
11/07/2025;08:38;15:33;TGB7Y65;Honda/Fit
11/07/2025;08:21;18:56;YHN8U87;Nissan/March
11/07/2025;08:00;15:35;UJM9I09;Fiat/Palio
11/07/2025;09:26;19:58;IKL0O21;Renault/Sandero
11/07/2025;08:33;19:04;OLP1P43;Jeep/Renegade
11/07/2025;09:40;19:25;PAS2D65;Peugeot/308
11/07/2025;09:48;15:12;DFG3S87;Citroen/C4
11/07/2025;08:01;15:22;SDF4G09;Ford/Focus
11/07/2025;08:00;19:37;GHG5H21;Kia/Soul
11/07/2025;08:31;19:34;HJK6J43;Mitsubishi/ASX
11/07/2025;09:11;17:00;JKL7K65;Suzuki/Swift
11/07/2025;10:41;15:19;AJC7M65;Chevrolet/Celta
11/07/2025;09:42;17:02;DEF7L65;Fiat/Uno
11/07/2025;10:49;15:48;JBL7K65;Ford/Fiesta
12/07/2025;09:15;15:08;WSX4E09;Chevrolet/Cruze
12/07/2025;09:16;16:09;EDC5R21;Volkswagen/Fox
12/07/2025;08:10;16:35;RFV6T43;Hyundai/Tucson
12/07/2025;08:35;15:44;TGB7Y65;Honda/Fit
12/07/2025;09:45;18:13;UJM9I09;Fiat/Palio
12/07/2025;09:50;18:05;IKL0O21;Renault/Sandero
12/07/2025;08:15;15:27;DFG3S87;Citroen/C4
12/07/2025;09:00;19:59;GHG5H21;Kia/Soul
12/07/2025;09:11;17:53;HJK6J43;Mitsubishi/ASX
14/07/2025;06:24;15:19;ALC1D23;Toyota/Corolla
14/07/2025;06:48;17:56;JDL2M45;Chevrolet/Onix
14/07/2025;06:55;15:25;QWE3R67;Volkswagen/Polo
14/07/2025;06:02;18:47;RTY4U89;Hyundai/HB20
14/07/2025;06:41;15:41;UIO5P10;Honda/Civic
14/07/2025;06:05;17:37;ASD6F32;Nissan/Kicks
14/07/2025;06:14;19:49;ZXC7V54;Fiat/Fastback
14/07/2025;06:52;15:08;VBN8G76;Renault/Kwid
14/07/2025;06:10;17:13;MNB9H98;Jeep/Compass
14/07/2025;06:42;19:56;POI0J21;Peugeot/208
14/07/2025;06:44;19:15;LKM1Z43;Citroen/C3
14/07/2025;06:29;16:21;HGF2X65;BYD/Dolphin
14/07/2025;06:57;18:30;QAZ3W87;Toyota/Etios
14/07/2025;08:02;17:38;WSX4E09;Chevrolet/Cruze
14/07/2025;08:25;15:59;EDC5R21;Volkswagen/Fox
14/07/2025;09:10;17:22;RFV6T43;Hyundai/Tucson
14/07/2025;08:21;18:10;TGB7Y65;Honda/Fit
14/07/2025;08:39;16:45;YHN8U87;Nissan/March
14/07/2025;08:17;16:25;UJM9I09;Fiat/Palio
14/07/2025;08:50;18:09;IKL0O21;Renault/Sandero
14/07/2025;09:17;18:03;OLP1P43;Jeep/Renegade
14/07/2025;08:53;19:41;PAS2D65;Peugeot/308
14/07/2025;09:58;16:21;DFG3S87;Citroen/C4
14/07/2025;08:52;17:58;SDF4G09;Ford/Focus
14/07/2025;08:08;18:30;GHG5H21;Kia/Soul
14/07/2025;09:31;18:00;HJK6J43;Mitsubishi/ASX
14/07/2025;09:11;16:20;JKL7K65;Suzuki/Swift
14/07/2025;10:03;16:38;AJC7M65;Chevrolet/Celta
14/07/2025;09:53;18:46;DEF7L65;Fiat/Uno
14/07/2025;09:46;19:10;JBL7K65;Ford/Fiesta
15/07/2025;06:36;17:26;ALC1D23;Toyota/Corolla
15/07/2025;06:01;15:41;JDL2M45;Chevrolet/Onix
15/07/2025;06:23;15:12;QWE3R67;Volkswagen/Polo
15/07/2025;06:19;19:06;RTY4U89;Hyundai/HB20
15/07/2025;06:42;15:20;UIO5P10;Honda/Civic
15/07/2025;06:45;16:37;ASD6F32;Nissan/Kicks
15/07/2025;06:38;19:30;ZXC7V54;Fiat/Fastback
15/07/2025;06:34;16:08;VBN8G76;Renault/Kwid
15/07/2025;06:40;19:27;MNB9H98;Jeep/Compass
15/07/2025;06:03;19:03;POI0J21;Peugeot/208
15/07/2025;06:22;19:17;LKM1Z43;Citroen/C3
15/07/2025;06:05;16:17;HGF2X65;BYD/Dolphin
15/07/2025;06:40;18:11;QAZ3W87;Toyota/Etios
15/07/2025;09:04;17:19;WSX4E09;Chevrolet/Cruze
15/07/2025;08:54;16:02;EDC5R21;Volkswagen/Fox
15/07/2025;09:30;16:48;RFV6T43;Hyundai/Tucson
15/07/2025;09:53;19:30;TGB7Y65;Honda/Fit
15/07/2025;09:14;16:44;YHN8U87;Nissan/March
15/07/2025;08:08;18:28;UJM9I09;Fiat/Palio
15/07/2025;08:03;19:04;IKL0O21;Renault/Sandero
15/07/2025;09:36;15:02;OLP1P43;Jeep/Renegade
15/07/2025;09:00;16:05;PAS2D65;Peugeot/308
15/07/2025;09:38;15:34;DFG3S87;Citroen/C4
15/07/2025;08:44;15:00;SDF4G09;Ford/Focus
15/07/2025;08:47;19:37;GHG5H21;Kia/Soul
15/07/2025;09:47;16:08;HJK6J43;Mitsubishi/ASX
15/07/2025;10:34;16:00;JKL7K65;Suzuki/Swift
15/07/2025;10:26;18:17;AJC7M65;Chevrolet/Celta
15/07/2025;09:54;19:33;DEF7L65;Fiat/Uno
15/07/2025;09:54;18:34;JBL7K65;Ford/Fiesta
16/07/2025;06:15;15:09;ALC1D23;Toyota/Corolla
16/07/2025;06:29;16:17;JDL2M45;Chevrolet/Onix
16/07/2025;06:40;15:59;QWE3R67;Volkswagen/Polo
16/07/2025;06:35;18:38;RTY4U89;Hyundai/HB20
16/07/2025;06:30;17:29;UIO5P10;Honda/Civic
16/07/2025;06:34;18:21;ASD6F32;Nissan/Kicks
16/07/2025;06:37;15:11;ZXC7V54;Fiat/Fastback
16/07/2025;06:43;15:38;VBN8G76;Renault/Kwid
16/07/2025;06:37;17:10;MNB9H98;Jeep/Compass
16/07/2025;06:06;15:26;POI0J21;Peugeot/208
16/07/2025;06:17;15:09;LKM1Z43;Citroen/C3
16/07/2025;06:54;16:22;HGF2X65;BYD/Dolphin
16/07/2025;06:33;17:50;QAZ3W87;Toyota/Etios
16/07/2025;09:09;15:00;WSX4E09;Chevrolet/Cruze
16/07/2025;09:02;16:50;EDC5R21;Volkswagen/Fox
16/07/2025;09:05;16:30;RFV6T43;Hyundai/Tucson
16/07/2025;08:40;16:34;TGB7Y65;Honda/Fit
16/07/2025;09:00;17:07;YHN8U87;Nissan/March
16/07/2025;08:28;15:31;UJM9I09;Fiat/Palio
16/07/2025;08:42;15:45;IKL0O21;Renault/Sandero
16/07/2025;09:54;17:34;OLP1P43;Jeep/Renegade
16/07/2025;08:59;18:07;PAS2D65;Peugeot/308
16/07/2025;09:23;15:40;DFG3S87;Citroen/C4
16/07/2025;09:15;18:37;SDF4G09;Ford/Focus
16/07/2025;08:41;17:43;GHG5H21;Kia/Soul
16/07/2025;08:41;18:47;HJK6J43;Mitsubishi/ASX
16/07/2025;09:33;19:17;JKL7K65;Suzuki/Swift
16/07/2025;09:14;19:55;AJC7M65;Chevrolet/Celta
16/07/2025;08:56;15:11;DEF7L65;Fiat/Uno
16/07/2025;08:19;17:18;JBL7K65;Ford/Fiesta
17/07/2025;06:49;19:23;ALC1D23;Toyota/Corolla
17/07/2025;06:47;19:55;JDL2M45;Chevrolet/Onix
17/07/2025;06:43;15:56;QWE3R67;Volkswagen/Polo
17/07/2025;06:15;17:32;RTY4U89;Hyundai/HB20
17/07/2025;06:59;16:43;UIO5P10;Honda/Civic
17/07/2025;06:52;17:52;ASD6F32;Nissan/Kicks
17/07/2025;06:07;16:11;ZXC7V54;Fiat/Fastback
17/07/2025;06:42;16:51;VBN8G76;Renault/Kwid
17/07/2025;06:05;18:37;MNB9H98;Jeep/Compass
17/07/2025;06:48;17:42;POI0J21;Peugeot/208
17/07/2025;06:42;16:15;LKM1Z43;Citroen/C3
17/07/2025;06:28;15:54;HGF2X65;BYD/Dolphin
17/07/2025;06:16;15:50;QAZ3W87;Toyota/Etios
17/07/2025;08:40;15:32;WSX4E09;Chevrolet/Cruze
17/07/2025;09:00;19:18;EDC5R21;Volkswagen/Fox
17/07/2025;08:38;19:07;RFV6T43;Hyundai/Tucson
17/07/2025;08:26;17:23;TGB7Y65;Honda/Fit
17/07/2025;08:49;18:18;YHN8U87;Nissan/March
17/07/2025;08:16;18:56;UJM9I09;Fiat/Palio
17/07/2025;09:24;15:49;IKL0O21;Renault/Sandero
17/07/2025;08:05;17:39;OLP1P43;Jeep/Renegade
17/07/2025;09:01;18:30;PAS2D65;Peugeot/308
17/07/2025;08:50;19:10;DFG3S87;Citroen/C4
17/07/2025;08:07;18:36;SDF4G09;Ford/Focus
17/07/2025;08:04;17:58;GHG5H21;Kia/Soul
17/07/2025;08:10;19:49;HJK6J43;Mitsubishi/ASX
17/07/2025;08:12;16:28;JKL7K65;Suzuki/Swift
17/07/2025;10:14;16:13;AJC7M65;Chevrolet/Celta
17/07/2025;08:51;15:30;DEF7L65;Fiat/Uno
17/07/2025;10:28;19:57;JBL7K65;Ford/Fiesta
18/07/2025;06:43;19:23;ALC1D23;Toyota/Corolla
18/07/2025;06:16;18:11;JDL2M45;Chevrolet/Onix
18/07/2025;06:47;18:42;QWE3R67;Volkswagen/Polo
18/07/2025;06:49;16:28;RTY4U89;Hyundai/HB20
18/07/2025;06:10;17:32;UIO5P10;Honda/Civic
18/07/2025;06:34;16:08;ASD6F32;Nissan/Kicks
18/07/2025;06:15;16:13;ZXC7V54;Fiat/Fastback
18/07/2025;06:35;18:28;VBN8G76;Renault/Kwid
18/07/2025;06:12;19:37;MNB9H98;Jeep/Compass
18/07/2025;06:21;15:38;POI0J21;Peugeot/208
18/07/2025;06:13;19:55;LKM1Z43;Citroen/C3
18/07/2025;06:07;17:50;HGF2X65;BYD/Dolphin
18/07/2025;06:35;16:03;QAZ3W87;Toyota/Etios
18/07/2025;09:31;17:57;WSX4E09;Chevrolet/Cruze
18/07/2025;08:40;18:28;EDC5R21;Volkswagen/Fox
18/07/2025;08:19;15:47;RFV6T43;Hyundai/Tucson
18/07/2025;09:05;15:10;TGB7Y65;Honda/Fit
18/07/2025;08:49;15:13;YHN8U87;Nissan/March
18/07/2025;09:53;17:09;UJM9I09;Fiat/Palio
18/07/2025;09:19;17:35;IKL0O21;Renault/Sandero
18/07/2025;08:04;19:09;OLP1P43;Jeep/Renegade
18/07/2025;09:28;15:00;PAS2D65;Peugeot/308
18/07/2025;08:12;16:12;DFG3S87;Citroen/C4
18/07/2025;09:42;17:09;SDF4G09;Ford/Focus
18/07/2025;08:22;17:49;GHG5H21;Kia/Soul
18/07/2025;09:37;16:13;HJK6J43;Mitsubishi/ASX
18/07/2025;09:21;15:17;JKL7K65;Suzuki/Swift
18/07/2025;08:59;18:19;AJC7M65;Chevrolet/Celta
18/07/2025;10:11;18:56;DEF7L65;Fiat/Uno
18/07/2025;09:12;19:25;JBL7K65;Ford/Fiesta
19/07/2025;09:03;15:11;WSX4E09;Chevrolet/Cruze
19/07/2025;08:47;18:22;EDC5R21;Volkswagen/Fox
19/07/2025;09:25;15:50;TGB7Y65;Honda/Fit
19/07/2025;09:01;16:16;YHN8U87;Nissan/March
19/07/2025;09:24;16:54;UJM9I09;Fiat/Palio
19/07/2025;08:39;17:46;OLP1P43;Jeep/Renegade
19/07/2025;09:52;16:16;DFG3S87;Citroen/C4
19/07/2025;08:37;19:20;SDF4G09;Ford/Focus
19/07/2025;08:55;16:17;HJK6J43;Mitsubishi/ASX
21/07/2025;06:24;19:39;ALC1D23;Toyota/Corolla
21/07/2025;06:44;16:24;JDL2M45;Chevrolet/Onix
21/07/2025;06:26;16:24;QWE3R67;Volkswagen/Polo
21/07/2025;06:23;19:34;RTY4U89;Hyundai/HB20
21/07/2025;06:49;15:42;UIO5P10;Honda/Civic
21/07/2025;06:49;17:23;ASD6F32;Nissan/Kicks
21/07/2025;06:38;15:28;ZXC7V54;Fiat/Fastback
21/07/2025;06:22;15:08;VBN8G76;Renault/Kwid
21/07/2025;06:15;16:06;MNB9H98;Jeep/Compass
21/07/2025;06:44;17:51;POI0J21;Peugeot/208
21/07/2025;06:38;16:02;LKM1Z43;Citroen/C3
21/07/2025;06:54;18:02;HGF2X65;BYD/Dolphin
21/07/2025;06:47;15:34;QAZ3W87;Toyota/Etios
21/07/2025;09:10;17:14;WSX4E09;Chevrolet/Cruze
21/07/2025;08:52;18:06;EDC5R21;Volkswagen/Fox
21/07/2025;09:37;18:21;RFV6T43;Hyundai/Tucson
21/07/2025;09:56;18:07;TGB7Y65;Honda/Fit
21/07/2025;09:55;15:45;YHN8U87;Nissan/March
21/07/2025;09:50;17:03;UJM9I09;Fiat/Palio
21/07/2025;08:42;19:04;IKL0O21;Renault/Sandero
21/07/2025;09:48;15:54;OLP1P43;Jeep/Renegade
21/07/2025;08:15;17:42;PAS2D65;Peugeot/308
21/07/2025;08:05;15:55;DFG3S87;Citroen/C4
21/07/2025;08:47;16:08;SDF4G09;Ford/Focus
21/07/2025;09:14;18:08;GHG5H21;Kia/Soul
21/07/2025;08:55;15:17;HJK6J43;Mitsubishi/ASX
21/07/2025;10:19;17:01;JKL7K65;Suzuki/Swift
21/07/2025;08:32;18:24;AJC7M65;Chevrolet/Celta
21/07/2025;10:07;17:46;DEF7L65;Fiat/Uno
21/07/2025;10:32;19:19;JBL7K65;Ford/Fiesta
22/07/2025;06:12;15:00;ALC1D23;Toyota/Corolla
22/07/2025;06:11;19:28;JDL2M45;Chevrolet/Onix
22/07/2025;06:08;18:18;QWE3R67;Volkswagen/Polo
22/07/2025;06:49;19:07;RTY4U89;Hyundai/HB20
22/07/2025;06:12;17:05;UIO5P10;Honda/Civic
22/07/2025;06:03;19:43;ASD6F32;Nissan/Kicks
22/07/2025;06:05;18:54;ZXC7V54;Fiat/Fastback
22/07/2025;06:26;16:50;VBN8G76;Renault/Kwid
22/07/2025;06:52;18:23;MNB9H98;Jeep/Compass
22/07/2025;06:39;15:18;POI0J21;Peugeot/208
22/07/2025;06:21;16:07;LKM1Z43;Citroen/C3
22/07/2025;06:32;16:29;HGF2X65;BYD/Dolphin
22/07/2025;06:13;16:30;QAZ3W87;Toyota/Etios
22/07/2025;08:36;16:07;WSX4E09;Chevrolet/Cruze
22/07/2025;08:39;19:58;EDC5R21;Volkswagen/Fox
22/07/2025;09:28;19:23;RFV6T43;Hyundai/Tucson
22/07/2025;09:48;15:03;TGB7Y65;Honda/Fit
22/07/2025;08:00;18:58;YHN8U87;Nissan/March
22/07/2025;09:55;18:55;UJM9I09;Fiat/Palio
22/07/2025;08:33;16:44;IKL0O21;Renault/Sandero
22/07/2025;08:51;17:12;OLP1P43;Jeep/Renegade
22/07/2025;08:04;15:59;PAS2D65;Peugeot/308
22/07/2025;08:17;19:53;DFG3S87;Citroen/C4
22/07/2025;09:29;18:43;SDF4G09;Ford/Focus
22/07/2025;09:05;19:50;GHG5H21;Kia/Soul
22/07/2025;08:33;16:55;HJK6J43;Mitsubishi/ASX
22/07/2025;09:08;17:03;JKL7K65;Suzuki/Swift
22/07/2025;09:57;19:44;AJC7M65;Chevrolet/Celta
22/07/2025;08:41;18:59;DEF7L65;Fiat/Uno
22/07/2025;08:58;18:01;JBL7K65;Ford/Fiesta
23/07/2025;06:45;15:47;ALC1D23;Toyota/Corolla
23/07/2025;06:09;15:15;JDL2M45;Chevrolet/Onix
23/07/2025;06:02;18:13;QWE3R67;Volkswagen/Polo
23/07/2025;06:03;19:47;RTY4U89;Hyundai/HB20
23/07/2025;06:03;19:38;UIO5P10;Honda/Civic
23/07/2025;06:43;17:31;ASD6F32;Nissan/Kicks
23/07/2025;06:04;19:56;ZXC7V54;Fiat/Fastback
23/07/2025;06:51;19:19;VBN8G76;Renault/Kwid
23/07/2025;06:36;15:51;MNB9H98;Jeep/Compass
23/07/2025;06:02;18:38;POI0J21;Peugeot/208
23/07/2025;06:04;19:53;LKM1Z43;Citroen/C3
23/07/2025;06:57;16:16;HGF2X65;BYD/Dolphin
23/07/2025;06:42;16:17;QAZ3W87;Toyota/Etios
23/07/2025;08:33;16:46;WSX4E09;Chevrolet/Cruze
23/07/2025;08:22;16:40;EDC5R21;Volkswagen/Fox
23/07/2025;08:22;18:51;RFV6T43;Hyundai/Tucson
23/07/2025;08:27;19:55;TGB7Y65;Honda/Fit
23/07/2025;08:02;16:18;YHN8U87;Nissan/March
23/07/2025;09:02;16:54;UJM9I09;Fiat/Palio
23/07/2025;08:20;18:45;IKL0O21;Renault/Sandero
23/07/2025;08:05;15:09;OLP1P43;Jeep/Renegade
23/07/2025;08:53;17:47;PAS2D65;Peugeot/308
23/07/2025;08:17;16:06;DFG3S87;Citroen/C4
23/07/2025;08:27;19:49;SDF4G09;Ford/Focus
23/07/2025;09:37;18:33;GHG5H21;Kia/Soul
23/07/2025;08:15;16:51;HJK6J43;Mitsubishi/ASX
23/07/2025;09:23;15:03;JKL7K65;Suzuki/Swift
23/07/2025;09:20;16:03;AJC7M65;Chevrolet/Celta
23/07/2025;08:37;16:07;DEF7L65;Fiat/Uno
23/07/2025;08:45;19:41;JBL7K65;Ford/Fiesta
24/07/2025;06:34;15:00;ALC1D23;Toyota/Corolla
24/07/2025;06:07;15:59;JDL2M45;Chevrolet/Onix
24/07/2025;06:21;17:11;QWE3R67;Volkswagen/Polo
24/07/2025;06:09;16:13;RTY4U89;Hyundai/HB20
24/07/2025;06:29;17:48;UIO5P10;Honda/Civic
24/07/2025;06:19;15:04;ASD6F32;Nissan/Kicks
24/07/2025;06:23;19:04;ZXC7V54;Fiat/Fastback
24/07/2025;06:07;18:59;VBN8G76;Renault/Kwid
24/07/2025;06:22;18:33;MNB9H98;Jeep/Compass
24/07/2025;06:54;16:17;POI0J21;Peugeot/208
24/07/2025;06:43;17:42;LKM1Z43;Citroen/C3
24/07/2025;06:28;16:23;HGF2X65;BYD/Dolphin
24/07/2025;06:46;15:55;QAZ3W87;Toyota/Etios
24/07/2025;09:37;17:02;WSX4E09;Chevrolet/Cruze
24/07/2025;09:00;15:26;EDC5R21;Volkswagen/Fox
24/07/2025;08:37;18:57;RFV6T43;Hyundai/Tucson
24/07/2025;09:59;15:42;TGB7Y65;Honda/Fit
24/07/2025;08:40;15:05;YHN8U87;Nissan/March
24/07/2025;09:31;18:32;UJM9I09;Fiat/Palio
24/07/2025;09:31;15:22;IKL0O21;Renault/Sandero
24/07/2025;09:32;17:01;OLP1P43;Jeep/Renegade
24/07/2025;08:22;17:03;PAS2D65;Peugeot/308
24/07/2025;08:43;16:23;DFG3S87;Citroen/C4
24/07/2025;09:08;18:09;SDF4G09;Ford/Focus
24/07/2025;08:39;18:35;GHG5H21;Kia/Soul
24/07/2025;09:35;16:27;HJK6J43;Mitsubishi/ASX
24/07/2025;08:41;16:39;JKL7K65;Suzuki/Swift
24/07/2025;10:33;16:50;AJC7M65;Chevrolet/Celta
24/07/2025;09:38;16:46;DEF7L65;Fiat/Uno
24/07/2025;09:54;19:14;JBL7K65;Ford/Fiesta
25/07/2025;06:44;19:50;ALC1D23;Toyota/Corolla
25/07/2025;06:39;15:11;JDL2M45;Chevrolet/Onix
25/07/2025;06:38;17:21;QWE3R67;Volkswagen/Polo
25/07/2025;06:24;15:20;RTY4U89;Hyundai/HB20
25/07/2025;06:06;17:05;UIO5P10;Honda/Civic
25/07/2025;06:24;18:47;ASD6F32;Nissan/Kicks
25/07/2025;06:13;19:55;ZXC7V54;Fiat/Fastback
25/07/2025;06:02;17:11;VBN8G76;Renault/Kwid
25/07/2025;06:53;17:51;MNB9H98;Jeep/Compass
25/07/2025;06:26;18:06;POI0J21;Peugeot/208
25/07/2025;06:31;18:31;LKM1Z43;Citroen/C3
25/07/2025;06:19;18:44;HGF2X65;BYD/Dolphin
25/07/2025;06:10;18:17;QAZ3W87;Toyota/Etios
25/07/2025;08:33;19:30;WSX4E09;Chevrolet/Cruze
25/07/2025;08:07;19:49;EDC5R21;Volkswagen/Fox
25/07/2025;09:52;15:47;RFV6T43;Hyundai/Tucson
25/07/2025;09:27;18:20;TGB7Y65;Honda/Fit
25/07/2025;09:07;16:53;YHN8U87;Nissan/March
25/07/2025;08:40;19:12;UJM9I09;Fiat/Palio
25/07/2025;08:36;18:09;IKL0O21;Renault/Sandero
25/07/2025;09:24;15:24;OLP1P43;Jeep/Renegade
25/07/2025;08:16;19:44;PAS2D65;Peugeot/308
25/07/2025;09:08;19:11;DFG3S87;Citroen/C4
25/07/2025;08:26;17:25;SDF4G09;Ford/Focus
25/07/2025;08:09;15:37;GHG5H21;Kia/Soul
25/07/2025;09:17;16:02;HJK6J43;Mitsubishi/ASX
25/07/2025;10:31;19:52;JKL7K65;Suzuki/Swift
25/07/2025;08:16;19:32;AJC7M65;Chevrolet/Celta
25/07/2025;08:40;16:44;DEF7L65;Fiat/Uno
25/07/2025;10:58;18:15;JBL7K65;Ford/Fiesta
26/07/2025;09:02;15:42;WSX4E09;Chevrolet/Cruze
26/07/2025;08:28;17:27;EDC5R21;Volkswagen/Fox
26/07/2025;08:59;17:04;RFV6T43;Hyundai/Tucson
26/07/2025;09:51;19:58;TGB7Y65;Honda/Fit
26/07/2025;08:43;18:50;YHN8U87;Nissan/March
26/07/2025;08:26;15:26;IKL0O21;Renault/Sandero
26/07/2025;08:14;18:41;OLP1P43;Jeep/Renegade
26/07/2025;09:45;15:56;PAS2D65;Peugeot/308
26/07/2025;08:30;16:14;DFG3S87;Citroen/C4
26/07/2025;09:31;19:33;GHG5H21;Kia/Soul
26/07/2025;09:43;17:46;HJK6J43;Mitsubishi/ASX
28/07/2025;06:05;15:47;ALC1D23;Toyota/Corolla
28/07/2025;06:53;15:59;JDL2M45;Chevrolet/Onix
28/07/2025;06:43;19:38;QWE3R67;Volkswagen/Polo
28/07/2025;06:10;16:08;RTY4U89;Hyundai/HB20
28/07/2025;06:48;19:05;UIO5P10;Honda/Civic
28/07/2025;06:10;18:10;ASD6F32;Nissan/Kicks
28/07/2025;06:17;19:26;ZXC7V54;Fiat/Fastback
28/07/2025;06:02;18:20;VBN8G76;Renault/Kwid
28/07/2025;06:39;19:13;MNB9H98;Jeep/Compass
28/07/2025;06:54;18:38;POI0J21;Peugeot/208
28/07/2025;06:32;19:45;LKM1Z43;Citroen/C3
28/07/2025;06:18;18:34;HGF2X65;BYD/Dolphin
28/07/2025;06:15;15:35;QAZ3W87;Toyota/Etios
28/07/2025;09:09;17:19;WSX4E09;Chevrolet/Cruze
28/07/2025;09:34;15:52;EDC5R21;Volkswagen/Fox
28/07/2025;09:55;17:29;RFV6T43;Hyundai/Tucson
28/07/2025;08:37;18:13;TGB7Y65;Honda/Fit
28/07/2025;09:09;16:21;YHN8U87;Nissan/March
28/07/2025;08:47;16:35;UJM9I09;Fiat/Palio
28/07/2025;08:20;19:45;IKL0O21;Renault/Sandero
28/07/2025;08:51;15:08;OLP1P43;Jeep/Renegade
28/07/2025;09:38;16:43;PAS2D65;Peugeot/308
28/07/2025;08:09;17:43;DFG3S87;Citroen/C4
28/07/2025;08:35;17:23;SDF4G09;Ford/Focus
28/07/2025;08:09;17:34;GHG5H21;Kia/Soul
28/07/2025;08:05;18:51;HJK6J43;Mitsubishi/ASX
28/07/2025;08:30;15:53;JKL7K65;Suzuki/Swift
28/07/2025;08:53;16:33;AJC7M65;Chevrolet/Celta
28/07/2025;10:28;19:49;DEF7L65;Fiat/Uno
28/07/2025;10:09;18:06;JBL7K65;Ford/Fiesta
29/07/2025;06:37;18:50;ALC1D23;Toyota/Corolla
29/07/2025;06:07;15:04;JDL2M45;Chevrolet/Onix
29/07/2025;06:47;16:17;QWE3R67;Volkswagen/Polo
29/07/2025;06:54;17:14;RTY4U89;Hyundai/HB20
29/07/2025;06:35;16:44;UIO5P10;Honda/Civic
29/07/2025;06:50;19:59;ASD6F32;Nissan/Kicks
29/07/2025;06:25;17:07;ZXC7V54;Fiat/Fastback
29/07/2025;06:22;19:33;VBN8G76;Renault/Kwid
29/07/2025;06:11;15:46;MNB9H98;Jeep/Compass
29/07/2025;06:19;17:22;POI0J21;Peugeot/208
29/07/2025;06:21;18:11;LKM1Z43;Citroen/C3
29/07/2025;06:27;19:22;HGF2X65;BYD/Dolphin
29/07/2025;06:01;16:11;QAZ3W87;Toyota/Etios
29/07/2025;08:13;17:27;WSX4E09;Chevrolet/Cruze
29/07/2025;08:14;15:33;EDC5R21;Volkswagen/Fox
29/07/2025;09:57;16:26;RFV6T43;Hyundai/Tucson
29/07/2025;09:02;19:57;TGB7Y65;Honda/Fit
29/07/2025;08:34;19:27;YHN8U87;Nissan/March
29/07/2025;08:54;15:21;UJM9I09;Fiat/Palio
29/07/2025;09:27;19:13;IKL0O21;Renault/Sandero
29/07/2025;08:40;15:49;OLP1P43;Jeep/Renegade
29/07/2025;09:42;15:14;PAS2D65;Peugeot/308
29/07/2025;09:15;16:21;DFG3S87;Citroen/C4
29/07/2025;09:09;15:44;SDF4G09;Ford/Focus
29/07/2025;09:01;18:29;GHG5H21;Kia/Soul
29/07/2025;08:58;15:06;HJK6J43;Mitsubishi/ASX
29/07/2025;08:30;17:39;JKL7K65;Suzuki/Swift
29/07/2025;09:56;17:26;AJC7M65;Chevrolet/Celta
29/07/2025;08:47;15:46;DEF7L65;Fiat/Uno
29/07/2025;09:44;15:17;JBL7K65;Ford/Fiesta
30/07/2025;06:07;15:16;ALC1D23;Toyota/Corolla
30/07/2025;06:45;18:51;JDL2M45;Chevrolet/Onix
30/07/2025;06:21;16:46;QWE3R67;Volkswagen/Polo
30/07/2025;06:49;15:34;RTY4U89;Hyundai/HB20
30/07/2025;06:47;19:23;UIO5P10;Honda/Civic
30/07/2025;06:04;16:03;ASD6F32;Nissan/Kicks
30/07/2025;06:10;18:32;ZXC7V54;Fiat/Fastback
30/07/2025;06:55;17:05;VBN8G76;Renault/Kwid
30/07/2025;06:34;18:59;MNB9H98;Jeep/Compass
30/07/2025;06:30;19:12;POI0J21;Peugeot/208
30/07/2025;06:09;18:19;LKM1Z43;Citroen/C3
30/07/2025;06:48;18:06;HGF2X65;BYD/Dolphin
30/07/2025;06:32;19:42;QAZ3W87;Toyota/Etios
30/07/2025;08:14;15:26;WSX4E09;Chevrolet/Cruze
30/07/2025;09:06;16:34;EDC5R21;Volkswagen/Fox
30/07/2025;09:15;19:29;RFV6T43;Hyundai/Tucson
30/07/2025;09:13;17:41;TGB7Y65;Honda/Fit
30/07/2025;09:54;15:37;YHN8U87;Nissan/March
30/07/2025;08:00;18:16;UJM9I09;Fiat/Palio
30/07/2025;09:13;19:52;IKL0O21;Renault/Sandero
30/07/2025;09:22;18:07;OLP1P43;Jeep/Renegade
30/07/2025;08:53;19:36;PAS2D65;Peugeot/308
30/07/2025;09:05;15:48;DFG3S87;Citroen/C4
30/07/2025;09:44;17:11;SDF4G09;Ford/Focus
30/07/2025;09:54;15:39;GHG5H21;Kia/Soul
30/07/2025;08:39;18:31;HJK6J43;Mitsubishi/ASX
30/07/2025;10:33;19:49;JKL7K65;Suzuki/Swift
30/07/2025;08:08;17:49;AJC7M65;Chevrolet/Celta
30/07/2025;08:07;16:21;DEF7L65;Fiat/Uno
30/07/2025;08:35;18:04;JBL7K65;Ford/Fiesta
31/07/2025;06:43;18:14;ALC1D23;Toyota/Corolla
31/07/2025;06:17;19:49;JDL2M45;Chevrolet/Onix
31/07/2025;06:23;17:08;QWE3R67;Volkswagen/Polo
31/07/2025;06:00;16:38;RTY4U89;Hyundai/HB20
31/07/2025;06:35;17:29;UIO5P10;Honda/Civic
31/07/2025;06:10;19:32;ASD6F32;Nissan/Kicks
31/07/2025;06:15;18:00;ZXC7V54;Fiat/Fastback
31/07/2025;06:28;19:54;VBN8G76;Renault/Kwid
31/07/2025;06:32;15:33;MNB9H98;Jeep/Compass
31/07/2025;06:48;16:44;POI0J21;Peugeot/208
31/07/2025;06:46;18:42;LKM1Z43;Citroen/C3
31/07/2025;06:57;18:43;HGF2X65;BYD/Dolphin
31/07/2025;06:15;16:48;QAZ3W87;Toyota/Etios
31/07/2025;08:50;18:18;WSX4E09;Chevrolet/Cruze
31/07/2025;08:08;16:12;EDC5R21;Volkswagen/Fox
31/07/2025;08:31;18:36;RFV6T43;Hyundai/Tucson
31/07/2025;08:08;17:42;TGB7Y65;Honda/Fit
31/07/2025;08:58;18:14;YHN8U87;Nissan/March
31/07/2025;09:47;16:47;UJM9I09;Fiat/Palio
31/07/2025;08:54;17:31;IKL0O21;Renault/Sandero
31/07/2025;09:20;18:17;OLP1P43;Jeep/Renegade
31/07/2025;08:21;17:40;PAS2D65;Peugeot/308
31/07/2025;08:51;15:59;DFG3S87;Citroen/C4
31/07/2025;09:46;17:20;SDF4G09;Ford/Focus
31/07/2025;09:06;19:15;GHG5H21;Kia/Soul
31/07/2025;08:55;18:15;HJK6J43;Mitsubishi/ASX
31/07/2025;09:23;18:11;JKL7K65;Suzuki/Swift
31/07/2025;08:17;16:17;AJC7M65;Chevrolet/Celta
31/07/2025;10:57;15:14;DEF7L65;Fiat/Uno
31/07/2025;08:16;15:12;JBL7K65;Ford/Fiesta
01/08/2025;06:43;16:55;ALC1D23;Toyota/Corolla
01/08/2025;06:37;19:00;JDL2M45;Chevrolet/Onix
01/08/2025;06:32;18:05;QWE3R67;Volkswagen/Polo
01/08/2025;06:46;17:23;RTY4U89;Hyundai/HB20
01/08/2025;06:44;16:22;UIO5P10;Honda/Civic
01/08/2025;06:51;17:22;ASD6F32;Nissan/Kicks
01/08/2025;06:44;16:01;ZXC7V54;Fiat/Fastback
01/08/2025;06:10;16:47;VBN8G76;Renault/Kwid
01/08/2025;06:09;17:28;MNB9H98;Jeep/Compass
01/08/2025;06:21;15:56;POI0J21;Peugeot/208
01/08/2025;06:50;15:57;LKM1Z43;Citroen/C3
01/08/2025;06:46;16:00;HGF2X65;BYD/Dolphin
01/08/2025;06:48;17:32;QAZ3W87;Toyota/Etios
01/08/2025;09:58;15:32;WSX4E09;Chevrolet/Cruze
01/08/2025;09:50;17:05;EDC5R21;Volkswagen/Fox
01/08/2025;09:00;16:05;RFV6T43;Hyundai/Tucson
01/08/2025;09:34;16:43;TGB7Y65;Honda/Fit
01/08/2025;09:24;17:35;YHN8U87;Nissan/March
01/08/2025;08:16;16:52;UJM9I09;Fiat/Palio
01/08/2025;08:37;16:12;IKL0O21;Renault/Sandero
01/08/2025;08:08;19:50;OLP1P43;Jeep/Renegade
01/08/2025;08:40;18:52;PAS2D65;Peugeot/308
01/08/2025;09:19;17:41;DFG3S87;Citroen/C4
01/08/2025;09:22;17:09;SDF4G09;Ford/Focus
01/08/2025;08:04;15:51;GHG5H21;Kia/Soul
01/08/2025;09:36;16:23;HJK6J43;Mitsubishi/ASX
01/08/2025;09:08;18:38;JKL7K65;Suzuki/Swift
01/08/2025;08:19;17:22;AJC7M65;Chevrolet/Celta
01/08/2025;10:33;19:54;DEF7L65;Fiat/Uno
01/08/2025;10:54;16:38;JBL7K65;Ford/Fiesta
02/08/2025;09:54;16:25;YHN8U87;Nissan/March
02/08/2025;09:53;17:56;IKL0O21;Renault/Sandero
02/08/2025;09:18;17:50;OLP1P43;Jeep/Renegade
02/08/2025;08:20;16:29;PAS2D65;Peugeot/308
02/08/2025;08:29;17:57;GHG5H21;Kia/Soul
02/08/2025;09:13;16:28;HJK6J43;Mitsubishi/ASX
04/08/2025;06:05;15:21;ALC1D23;Toyota/Corolla
04/08/2025;06:09;16:12;JDL2M45;Chevrolet/Onix
04/08/2025;06:19;17:18;QWE3R67;Volkswagen/Polo
04/08/2025;06:50;16:24;RTY4U89;Hyundai/HB20
04/08/2025;06:13;16:23;UIO5P10;Honda/Civic
04/08/2025;06:20;17:40;ASD6F32;Nissan/Kicks
04/08/2025;06:18;16:57;ZXC7V54;Fiat/Fastback
04/08/2025;06:02;18:52;VBN8G76;Renault/Kwid
04/08/2025;06:47;16:29;MNB9H98;Jeep/Compass
04/08/2025;06:42;15:34;POI0J21;Peugeot/208
04/08/2025;06:14;17:43;LKM1Z43;Citroen/C3
04/08/2025;06:02;18:53;HGF2X65;BYD/Dolphin
04/08/2025;06:22;19:34;QAZ3W87;Toyota/Etios
04/08/2025;09:33;15:23;WSX4E09;Chevrolet/Cruze
04/08/2025;09:43;18:38;EDC5R21;Volkswagen/Fox
04/08/2025;08:41;16:00;RFV6T43;Hyundai/Tucson
04/08/2025;08:36;16:17;TGB7Y65;Honda/Fit
04/08/2025;09:36;17:23;YHN8U87;Nissan/March
04/08/2025;08:53;19:31;UJM9I09;Fiat/Palio
04/08/2025;08:27;19:05;IKL0O21;Renault/Sandero
04/08/2025;09:28;18:54;OLP1P43;Jeep/Renegade
04/08/2025;08:54;15:13;PAS2D65;Peugeot/308
04/08/2025;09:26;19:02;DFG3S87;Citroen/C4
04/08/2025;09:30;17:57;SDF4G09;Ford/Focus
04/08/2025;08:55;18:47;GHG5H21;Kia/Soul
04/08/2025;09:12;18:45;HJK6J43;Mitsubishi/ASX
04/08/2025;09:32;17:06;JKL7K65;Suzuki/Swift
04/08/2025;08:58;19:03;AJC7M65;Chevrolet/Celta
04/08/2025;09:17;19:45;DEF7L65;Fiat/Uno
04/08/2025;10:50;17:31;JBL7K65;Ford/Fiesta
05/08/2025;06:27;15:15;ALC1D23;Toyota/Corolla
05/08/2025;06:27;17:10;JDL2M45;Chevrolet/Onix
05/08/2025;06:19;15:58;QWE3R67;Volkswagen/Polo
05/08/2025;06:55;17:01;RTY4U89;Hyundai/HB20
05/08/2025;06:35;16:28;UIO5P10;Honda/Civic
05/08/2025;06:18;15:07;ASD6F32;Nissan/Kicks
05/08/2025;06:47;19:38;ZXC7V54;Fiat/Fastback
05/08/2025;06:49;18:03;VBN8G76;Renault/Kwid
05/08/2025;06:32;19:38;MNB9H98;Jeep/Compass
05/08/2025;06:10;15:12;POI0J21;Peugeot/208
05/08/2025;06:33;15:38;LKM1Z43;Citroen/C3
05/08/2025;06:02;17:49;HGF2X65;BYD/Dolphin
05/08/2025;06:50;15:22;QAZ3W87;Toyota/Etios
05/08/2025;09:25;16:53;WSX4E09;Chevrolet/Cruze
05/08/2025;09:01;16:00;EDC5R21;Volkswagen/Fox
05/08/2025;09:43;19:31;RFV6T43;Hyundai/Tucson
05/08/2025;08:21;17:11;TGB7Y65;Honda/Fit
05/08/2025;09:37;16:51;YHN8U87;Nissan/March
05/08/2025;08:14;16:56;UJM9I09;Fiat/Palio
05/08/2025;09:18;18:29;IKL0O21;Renault/Sandero
05/08/2025;08:07;17:33;OLP1P43;Jeep/Renegade
05/08/2025;08:19;18:17;PAS2D65;Peugeot/308
05/08/2025;09:34;15:27;DFG3S87;Citroen/C4
05/08/2025;08:35;18:08;SDF4G09;Ford/Focus
05/08/2025;08:40;17:47;GHG5H21;Kia/Soul
05/08/2025;09:42;15:46;HJK6J43;Mitsubishi/ASX
05/08/2025;10:20;15:09;JKL7K65;Suzuki/Swift
05/08/2025;09:00;15:42;AJC7M65;Chevrolet/Celta
05/08/2025;10:16;15:05;DEF7L65;Fiat/Uno
05/08/2025;10:40;17:55;JBL7K65;Ford/Fiesta
06/08/2025;06:05;19:32;ALC1D23;Toyota/Corolla
06/08/2025;06:44;18:52;JDL2M45;Chevrolet/Onix
06/08/2025;06:45;15:30;QWE3R67;Volkswagen/Polo
06/08/2025;06:57;19:39;RTY4U89;Hyundai/HB20
06/08/2025;06:30;19:50;UIO5P10;Honda/Civic
06/08/2025;06:15;15:24;ASD6F32;Nissan/Kicks
06/08/2025;06:14;15:20;ZXC7V54;Fiat/Fastback
06/08/2025;06:34;16:36;VBN8G76;Renault/Kwid
06/08/2025;06:01;19:27;MNB9H98;Jeep/Compass
06/08/2025;06:20;15:43;POI0J21;Peugeot/208
06/08/2025;06:01;18:58;LKM1Z43;Citroen/C3
06/08/2025;06:46;16:55;HGF2X65;BYD/Dolphin
06/08/2025;06:32;18:14;QAZ3W87;Toyota/Etios
06/08/2025;09:33;16:12;WSX4E09;Chevrolet/Cruze
06/08/2025;08:55;17:07;EDC5R21;Volkswagen/Fox
06/08/2025;08:11;15:00;RFV6T43;Hyundai/Tucson
06/08/2025;08:00;19:50;TGB7Y65;Honda/Fit
06/08/2025;08:19;19:45;YHN8U87;Nissan/March
06/08/2025;08:05;18:40;UJM9I09;Fiat/Palio
06/08/2025;09:27;19:46;IKL0O21;Renault/Sandero
06/08/2025;09:59;19:35;OLP1P43;Jeep/Renegade
06/08/2025;09:23;16:58;PAS2D65;Peugeot/308
06/08/2025;08:59;16:11;DFG3S87;Citroen/C4
06/08/2025;09:52;18:57;SDF4G09;Ford/Focus
06/08/2025;09:28;15:02;GHG5H21;Kia/Soul
06/08/2025;09:43;16:32;HJK6J43;Mitsubishi/ASX
06/08/2025;09:08;18:51;JKL7K65;Suzuki/Swift
06/08/2025;10:56;17:07;AJC7M65;Chevrolet/Celta
06/08/2025;10:59;17:52;DEF7L65;Fiat/Uno
06/08/2025;10:49;15:45;JBL7K65;Ford/Fiesta
07/08/2025;06:51;18:25;ALC1D23;Toyota/Corolla
07/08/2025;06:10;19:47;JDL2M45;Chevrolet/Onix
07/08/2025;06:21;16:57;QWE3R67;Volkswagen/Polo
07/08/2025;06:11;19:33;RTY4U89;Hyundai/HB20
07/08/2025;06:41;15:55;UIO5P10;Honda/Civic
07/08/2025;06:41;17:26;ASD6F32;Nissan/Kicks
07/08/2025;06:05;18:03;ZXC7V54;Fiat/Fastback
07/08/2025;06:10;15:34;VBN8G76;Renault/Kwid
07/08/2025;06:12;17:37;MNB9H98;Jeep/Compass
07/08/2025;06:58;19:53;POI0J21;Peugeot/208
07/08/2025;06:20;18:14;LKM1Z43;Citroen/C3
07/08/2025;06:34;19:03;HGF2X65;BYD/Dolphin
07/08/2025;06:50;16:41;QAZ3W87;Toyota/Etios
07/08/2025;08:52;19:38;WSX4E09;Chevrolet/Cruze
07/08/2025;08:06;15:49;EDC5R21;Volkswagen/Fox
07/08/2025;08:33;17:31;RFV6T43;Hyundai/Tucson
07/08/2025;08:18;15:48;TGB7Y65;Honda/Fit
07/08/2025;08:38;19:24;YHN8U87;Nissan/March
07/08/2025;09:09;16:53;UJM9I09;Fiat/Palio
07/08/2025;09:44;16:56;IKL0O21;Renault/Sandero
07/08/2025;08:31;18:14;OLP1P43;Jeep/Renegade
07/08/2025;08:26;15:39;PAS2D65;Peugeot/308
07/08/2025;08:53;17:04;DFG3S87;Citroen/C4
07/08/2025;08:51;16:29;SDF4G09;Ford/Focus
07/08/2025;09:33;18:07;GHG5H21;Kia/Soul
07/08/2025;08:28;18:00;HJK6J43;Mitsubishi/ASX
07/08/2025;09:42;18:26;JKL7K65;Suzuki/Swift
07/08/2025;09:31;19:14;AJC7M65;Chevrolet/Celta
07/08/2025;10:02;19:03;DEF7L65;Fiat/Uno
07/08/2025;08:07;17:43;JBL7K65;Ford/Fiesta
08/08/2025;06:35;17:34;ALC1D23;Toyota/Corolla
08/08/2025;06:36;15:08;JDL2M45;Chevrolet/Onix
08/08/2025;06:27;17:53;QWE3R67;Volkswagen/Polo
08/08/2025;06:08;19:48;RTY4U89;Hyundai/HB20
08/08/2025;06:12;16:37;UIO5P10;Honda/Civic
08/08/2025;06:27;18:31;ASD6F32;Nissan/Kicks
08/08/2025;06:01;17:38;ZXC7V54;Fiat/Fastback
08/08/2025;06:52;19:42;VBN8G76;Renault/Kwid
08/08/2025;06:12;15:42;MNB9H98;Jeep/Compass
08/08/2025;06:46;17:17;POI0J21;Peugeot/208
08/08/2025;06:49;17:19;LKM1Z43;Citroen/C3
08/08/2025;06:52;16:13;HGF2X65;BYD/Dolphin
08/08/2025;06:08;16:56;QAZ3W87;Toyota/Etios
08/08/2025;09:52;15:37;WSX4E09;Chevrolet/Cruze
08/08/2025;08:07;16:29;EDC5R21;Volkswagen/Fox
08/08/2025;09:32;15:51;RFV6T43;Hyundai/Tucson
08/08/2025;08:33;19:41;TGB7Y65;Honda/Fit
08/08/2025;08:01;18:00;YHN8U87;Nissan/March
08/08/2025;09:31;18:47;UJM9I09;Fiat/Palio
08/08/2025;09:21;19:18;IKL0O21;Renault/Sandero
08/08/2025;09:54;18:02;OLP1P43;Jeep/Renegade
08/08/2025;08:37;15:34;PAS2D65;Peugeot/308
08/08/2025;09:06;19:48;DFG3S87;Citroen/C4
08/08/2025;09:11;17:08;SDF4G09;Ford/Focus
08/08/2025;08:43;17:50;GHG5H21;Kia/Soul
08/08/2025;08:06;17:00;HJK6J43;Mitsubishi/ASX
08/08/2025;10:17;19:05;JKL7K65;Suzuki/Swift
08/08/2025;09:10;16:36;AJC7M65;Chevrolet/Celta
08/08/2025;09:15;15:23;DEF7L65;Fiat/Uno
08/08/2025;08:17;15:31;JBL7K65;Ford/Fiesta
09/08/2025;08:28;16:04;WSX4E09;Chevrolet/Cruze
09/08/2025;09:08;18:38;EDC5R21;Volkswagen/Fox
09/08/2025;08:14;16:46;TGB7Y65;Honda/Fit
09/08/2025;09:24;17:42;YHN8U87;Nissan/March
09/08/2025;08:45;18:07;DFG3S87;Citroen/C4
09/08/2025;09:34;16:54;SDF4G09;Ford/Focus
09/08/2025;08:48;16:13;GHG5H21;Kia/Soul
11/08/2025;06:06;19:15;ALC1D23;Toyota/Corolla
11/08/2025;06:44;19:15;JDL2M45;Chevrolet/Onix
11/08/2025;06:42;16:35;QWE3R67;Volkswagen/Polo
11/08/2025;06:31;19:41;RTY4U89;Hyundai/HB20
11/08/2025;06:23;15:12;UIO5P10;Honda/Civic
11/08/2025;06:24;15:19;ASD6F32;Nissan/Kicks
11/08/2025;06:49;16:46;ZXC7V54;Fiat/Fastback
11/08/2025;06:00;18:37;VBN8G76;Renault/Kwid
11/08/2025;06:40;19:27;MNB9H98;Jeep/Compass
11/08/2025;06:30;15:39;POI0J21;Peugeot/208
11/08/2025;06:58;17:36;LKM1Z43;Citroen/C3
11/08/2025;06:13;15:51;HGF2X65;BYD/Dolphin
11/08/2025;06:51;19:13;QAZ3W87;Toyota/Etios
11/08/2025;09:20;18:11;WSX4E09;Chevrolet/Cruze
11/08/2025;08:24;15:21;EDC5R21;Volkswagen/Fox
11/08/2025;09:39;19:38;RFV6T43;Hyundai/Tucson
11/08/2025;08:29;17:21;TGB7Y65;Honda/Fit
11/08/2025;09:05;18:43;YHN8U87;Nissan/March
11/08/2025;09:41;16:02;UJM9I09;Fiat/Palio
11/08/2025;08:15;18:04;IKL0O21;Renault/Sandero
11/08/2025;09:14;17:10;OLP1P43;Jeep/Renegade
11/08/2025;08:04;19:35;PAS2D65;Peugeot/308
11/08/2025;08:38;15:47;DFG3S87;Citroen/C4
11/08/2025;09:54;15:58;SDF4G09;Ford/Focus
11/08/2025;09:27;16:51;GHG5H21;Kia/Soul
11/08/2025;09:07;17:17;HJK6J43;Mitsubishi/ASX
11/08/2025;10:31;17:51;JKL7K65;Suzuki/Swift
11/08/2025;08:46;15:44;AJC7M65;Chevrolet/Celta
11/08/2025;09:09;19:20;DEF7L65;Fiat/Uno
11/08/2025;10:48;16:39;JBL7K65;Ford/Fiesta
12/08/2025;06:06;18:43;ALC1D23;Toyota/Corolla
12/08/2025;06:31;18:06;JDL2M45;Chevrolet/Onix
12/08/2025;06:56;19:23;QWE3R67;Volkswagen/Polo
12/08/2025;06:11;16:13;RTY4U89;Hyundai/HB20
12/08/2025;06:35;15:30;UIO5P10;Honda/Civic
12/08/2025;06:23;17:56;ASD6F32;Nissan/Kicks
12/08/2025;06:38;15:37;ZXC7V54;Fiat/Fastback
12/08/2025;06:04;19:14;VBN8G76;Renault/Kwid
12/08/2025;06:09;17:55;MNB9H98;Jeep/Compass
12/08/2025;06:21;16:55;POI0J21;Peugeot/208
12/08/2025;06:29;19:14;LKM1Z43;Citroen/C3
12/08/2025;06:27;18:06;HGF2X65;BYD/Dolphin
12/08/2025;06:22;15:22;QAZ3W87;Toyota/Etios
12/08/2025;08:35;17:09;WSX4E09;Chevrolet/Cruze
12/08/2025;09:21;15:12;EDC5R21;Volkswagen/Fox
12/08/2025;09:30;15:52;RFV6T43;Hyundai/Tucson
12/08/2025;08:37;17:30;TGB7Y65;Honda/Fit
12/08/2025;08:58;16:22;YHN8U87;Nissan/March
12/08/2025;08:37;15:18;UJM9I09;Fiat/Palio
12/08/2025;09:23;19:46;IKL0O21;Renault/Sandero
12/08/2025;09:18;17:11;OLP1P43;Jeep/Renegade
12/08/2025;09:18;15:23;PAS2D65;Peugeot/308
12/08/2025;08:37;16:54;DFG3S87;Citroen/C4
12/08/2025;08:03;17:45;SDF4G09;Ford/Focus
12/08/2025;08:44;16:02;GHG5H21;Kia/Soul
12/08/2025;08:48;16:46;HJK6J43;Mitsubishi/ASX
12/08/2025;09:33;17:10;JKL7K65;Suzuki/Swift
12/08/2025;08:19;17:15;AJC7M65;Chevrolet/Celta
12/08/2025;08:38;19:40;DEF7L65;Fiat/Uno
12/08/2025;08:49;18:43;JBL7K65;Ford/Fiesta
13/08/2025;06:19;18:45;ALC1D23;Toyota/Corolla
13/08/2025;06:01;16:29;JDL2M45;Chevrolet/Onix
13/08/2025;06:04;16:04;QWE3R67;Volkswagen/Polo
13/08/2025;06:32;18:15;RTY4U89;Hyundai/HB20
13/08/2025;06:26;19:51;UIO5P10;Honda/Civic
13/08/2025;06:30;15:53;ASD6F32;Nissan/Kicks
13/08/2025;06:49;18:44;ZXC7V54;Fiat/Fastback
13/08/2025;06:30;19:15;VBN8G76;Renault/Kwid
13/08/2025;06:21;16:07;MNB9H98;Jeep/Compass
13/08/2025;06:51;15:07;POI0J21;Peugeot/208
13/08/2025;06:05;15:23;LKM1Z43;Citroen/C3
13/08/2025;06:55;19:45;HGF2X65;BYD/Dolphin
13/08/2025;06:52;17:25;QAZ3W87;Toyota/Etios
13/08/2025;09:44;15:02;WSX4E09;Chevrolet/Cruze
13/08/2025;08:18;19:52;EDC5R21;Volkswagen/Fox
13/08/2025;09:02;15:25;RFV6T43;Hyundai/Tucson
13/08/2025;08:52;15:03;TGB7Y65;Honda/Fit
13/08/2025;09:46;18:48;YHN8U87;Nissan/March
13/08/2025;09:33;17:10;UJM9I09;Fiat/Palio
13/08/2025;08:24;16:39;IKL0O21;Renault/Sandero
13/08/2025;09:15;16:40;OLP1P43;Jeep/Renegade
13/08/2025;08:32;19:05;PAS2D65;Peugeot/308
13/08/2025;09:49;16:25;DFG3S87;Citroen/C4
13/08/2025;09:36;15:35;SDF4G09;Ford/Focus
13/08/2025;08:10;15:12;GHG5H21;Kia/Soul
13/08/2025;09:13;16:57;HJK6J43;Mitsubishi/ASX
13/08/2025;09:58;15:32;JKL7K65;Suzuki/Swift
13/08/2025;10:22;19:22;AJC7M65;Chevrolet/Celta
13/08/2025;09:30;17:58;DEF7L65;Fiat/Uno
13/08/2025;08:56;19:49;JBL7K65;Ford/Fiesta
14/08/2025;06:16;16:58;ALC1D23;Toyota/Corolla
14/08/2025;06:33;15:19;JDL2M45;Chevrolet/Onix
14/08/2025;06:13;16:38;QWE3R67;Volkswagen/Polo
14/08/2025;06:20;18:28;RTY4U89;Hyundai/HB20
14/08/2025;06:12;19:48;UIO5P10;Honda/Civic
14/08/2025;06:31;16:42;ASD6F32;Nissan/Kicks
14/08/2025;06:32;18:35;ZXC7V54;Fiat/Fastback
14/08/2025;06:17;15:21;VBN8G76;Renault/Kwid
14/08/2025;06:30;18:47;MNB9H98;Jeep/Compass
14/08/2025;06:47;16:18;POI0J21;Peugeot/208
14/08/2025;06:11;18:46;LKM1Z43;Citroen/C3
14/08/2025;06:53;15:52;HGF2X65;BYD/Dolphin
14/08/2025;06:55;15:05;QAZ3W87;Toyota/Etios
14/08/2025;09:21;15:22;WSX4E09;Chevrolet/Cruze
14/08/2025;09:20;17:07;EDC5R21;Volkswagen/Fox
14/08/2025;09:32;17:34;RFV6T43;Hyundai/Tucson
14/08/2025;09:02;17:56;TGB7Y65;Honda/Fit
14/08/2025;08:33;16:34;YHN8U87;Nissan/March
14/08/2025;09:20;16:23;UJM9I09;Fiat/Palio
14/08/2025;09:13;15:21;IKL0O21;Renault/Sandero
14/08/2025;08:54;17:11;OLP1P43;Jeep/Renegade
14/08/2025;08:38;17:15;PAS2D65;Peugeot/308
14/08/2025;08:41;18:22;DFG3S87;Citroen/C4
14/08/2025;08:05;18:37;SDF4G09;Ford/Focus
14/08/2025;09:42;17:59;GHG5H21;Kia/Soul
14/08/2025;08:34;17:24;HJK6J43;Mitsubishi/ASX
14/08/2025;09:51;16:24;JKL7K65;Suzuki/Swift
14/08/2025;08:23;19:33;AJC7M65;Chevrolet/Celta
14/08/2025;10:32;16:34;DEF7L65;Fiat/Uno
14/08/2025;10:46;15:19;JBL7K65;Ford/Fiesta
15/08/2025;06:55;17:53;ALC1D23;Toyota/Corolla
15/08/2025;06:36;16:30;JDL2M45;Chevrolet/Onix
15/08/2025;06:56;17:13;QWE3R67;Volkswagen/Polo
15/08/2025;06:11;19:28;RTY4U89;Hyundai/HB20
15/08/2025;06:58;19:07;UIO5P10;Honda/Civic
15/08/2025;06:03;19:26;ASD6F32;Nissan/Kicks
15/08/2025;06:46;18:51;ZXC7V54;Fiat/Fastback
15/08/2025;06:11;19:00;VBN8G76;Renault/Kwid
15/08/2025;06:56;17:01;MNB9H98;Jeep/Compass
15/08/2025;06:21;17:00;POI0J21;Peugeot/208
15/08/2025;06:03;18:23;LKM1Z43;Citroen/C3
15/08/2025;06:46;15:45;HGF2X65;BYD/Dolphin
15/08/2025;06:26;17:56;QAZ3W87;Toyota/Etios
15/08/2025;08:04;19:45;WSX4E09;Chevrolet/Cruze
15/08/2025;08:54;18:51;EDC5R21;Volkswagen/Fox
15/08/2025;08:54;16:42;RFV6T43;Hyundai/Tucson
15/08/2025;08:52;17:02;TGB7Y65;Honda/Fit
15/08/2025;09:05;17:21;YHN8U87;Nissan/March
15/08/2025;09:46;17:45;UJM9I09;Fiat/Palio
15/08/2025;09:33;15:02;IKL0O21;Renault/Sandero
15/08/2025;09:43;17:34;OLP1P43;Jeep/Renegade
15/08/2025;09:29;18:00;PAS2D65;Peugeot/308
15/08/2025;08:04;15:26;DFG3S87;Citroen/C4
15/08/2025;08:21;18:23;SDF4G09;Ford/Focus
15/08/2025;08:32;19:16;GHG5H21;Kia/Soul
15/08/2025;08:09;15:17;HJK6J43;Mitsubishi/ASX
15/08/2025;09:17;15:59;JKL7K65;Suzuki/Swift
15/08/2025;08:40;19:48;AJC7M65;Chevrolet/Celta
15/08/2025;08:54;17:38;DEF7L65;Fiat/Uno
15/08/2025;08:23;18:28;JBL7K65;Ford/Fiesta
16/08/2025;09:46;19:49;UJM9I09;Fiat/Palio
16/08/2025;09:54;16:14;IKL0O21;Renault/Sandero
16/08/2025;09:52;15:08;DFG3S87;Citroen/C4
18/08/2025;06:05;15:59;ALC1D23;Toyota/Corolla
18/08/2025;06:25;19:51;JDL2M45;Chevrolet/Onix
18/08/2025;06:29;19:54;QWE3R67;Volkswagen/Polo
18/08/2025;06:56;19:03;RTY4U89;Hyundai/HB20
18/08/2025;06:03;19:54;UIO5P10;Honda/Civic
18/08/2025;06:57;15:24;ASD6F32;Nissan/Kicks
18/08/2025;06:08;16:45;ZXC7V54;Fiat/Fastback
18/08/2025;06:05;16:38;VBN8G76;Renault/Kwid
18/08/2025;06:10;16:11;MNB9H98;Jeep/Compass
18/08/2025;06:16;16:23;POI0J21;Peugeot/208
18/08/2025;06:54;16:23;LKM1Z43;Citroen/C3
18/08/2025;06:43;17:00;HGF2X65;BYD/Dolphin
18/08/2025;06:43;16:02;QAZ3W87;Toyota/Etios
18/08/2025;08:46;17:44;WSX4E09;Chevrolet/Cruze
18/08/2025;09:51;18:28;EDC5R21;Volkswagen/Fox
18/08/2025;09:52;19:53;RFV6T43;Hyundai/Tucson
18/08/2025;09:55;15:21;TGB7Y65;Honda/Fit
18/08/2025;09:08;19:28;YHN8U87;Nissan/March
18/08/2025;09:22;18:38;UJM9I09;Fiat/Palio
18/08/2025;09:14;18:44;IKL0O21;Renault/Sandero
18/08/2025;09:47;17:40;OLP1P43;Jeep/Renegade
18/08/2025;08:13;18:15;PAS2D65;Peugeot/308
18/08/2025;09:01;17:16;DFG3S87;Citroen/C4
18/08/2025;09:25;16:33;SDF4G09;Ford/Focus
18/08/2025;09:49;19:51;GHG5H21;Kia/Soul
18/08/2025;09:03;18:31;HJK6J43;Mitsubishi/ASX
18/08/2025;09:45;18:30;JKL7K65;Suzuki/Swift
18/08/2025;10:34;15:49;AJC7M65;Chevrolet/Celta
18/08/2025;08:51;17:41;DEF7L65;Fiat/Uno
18/08/2025;08:10;15:15;JBL7K65;Ford/Fiesta
19/08/2025;06:22;19:02;ALC1D23;Toyota/Corolla
19/08/2025;06:57;18:35;JDL2M45;Chevrolet/Onix
19/08/2025;06:55;18:10;QWE3R67;Volkswagen/Polo
19/08/2025;06:49;16:31;RTY4U89;Hyundai/HB20
19/08/2025;06:01;16:36;UIO5P10;Honda/Civic
19/08/2025;06:32;16:16;ASD6F32;Nissan/Kicks
19/08/2025;06:04;18:56;ZXC7V54;Fiat/Fastback
19/08/2025;06:38;16:14;VBN8G76;Renault/Kwid
19/08/2025;06:56;18:50;MNB9H98;Jeep/Compass
19/08/2025;06:18;15:59;POI0J21;Peugeot/208
19/08/2025;06:28;17:19;LKM1Z43;Citroen/C3
19/08/2025;06:39;16:25;HGF2X65;BYD/Dolphin
19/08/2025;06:02;19:06;QAZ3W87;Toyota/Etios
19/08/2025;08:33;18:56;WSX4E09;Chevrolet/Cruze
19/08/2025;08:37;18:01;EDC5R21;Volkswagen/Fox
19/08/2025;08:17;18:58;RFV6T43;Hyundai/Tucson
19/08/2025;09:01;18:22;TGB7Y65;Honda/Fit
19/08/2025;09:23;17:39;YHN8U87;Nissan/March
19/08/2025;09:30;15:15;UJM9I09;Fiat/Palio
19/08/2025;09:01;17:46;IKL0O21;Renault/Sandero
19/08/2025;09:15;16:17;OLP1P43;Jeep/Renegade
19/08/2025;08:45;17:20;PAS2D65;Peugeot/308
19/08/2025;08:34;18:44;DFG3S87;Citroen/C4
19/08/2025;08:35;18:50;SDF4G09;Ford/Focus
19/08/2025;08:26;15:05;GHG5H21;Kia/Soul
19/08/2025;09:52;19:03;HJK6J43;Mitsubishi/ASX
19/08/2025;08:40;16:00;JKL7K65;Suzuki/Swift
19/08/2025;08:10;17:08;AJC7M65;Chevrolet/Celta
19/08/2025;10:02;17:41;DEF7L65;Fiat/Uno
19/08/2025;10:18;17:13;JBL7K65;Ford/Fiesta
20/08/2025;06:38;16:15;ALC1D23;Toyota/Corolla
20/08/2025;06:36;18:28;JDL2M45;Chevrolet/Onix
20/08/2025;06:33;17:46;QWE3R67;Volkswagen/Polo
20/08/2025;06:14;19:35;RTY4U89;Hyundai/HB20
20/08/2025;06:40;15:31;UIO5P10;Honda/Civic
20/08/2025;06:04;17:21;ASD6F32;Nissan/Kicks
20/08/2025;06:04;19:46;ZXC7V54;Fiat/Fastback
20/08/2025;06:40;18:40;VBN8G76;Renault/Kwid
20/08/2025;06:35;18:01;MNB9H98;Jeep/Compass
20/08/2025;06:12;19:38;POI0J21;Peugeot/208
20/08/2025;06:07;17:01;LKM1Z43;Citroen/C3
20/08/2025;06:38;19:25;HGF2X65;BYD/Dolphin
20/08/2025;06:47;19:30;QAZ3W87;Toyota/Etios
20/08/2025;08:32;16:39;WSX4E09;Chevrolet/Cruze
20/08/2025;08:21;15:20;EDC5R21;Volkswagen/Fox
20/08/2025;09:37;15:50;RFV6T43;Hyundai/Tucson
20/08/2025;08:49;19:18;TGB7Y65;Honda/Fit
20/08/2025;08:04;17:48;YHN8U87;Nissan/March
20/08/2025;08:56;18:32;UJM9I09;Fiat/Palio
20/08/2025;08:46;15:06;IKL0O21;Renault/Sandero
20/08/2025;09:15;18:28;OLP1P43;Jeep/Renegade
20/08/2025;09:17;16:05;PAS2D65;Peugeot/308
20/08/2025;08:11;18:00;DFG3S87;Citroen/C4
20/08/2025;09:04;16:50;SDF4G09;Ford/Focus
20/08/2025;09:53;19:42;GHG5H21;Kia/Soul
20/08/2025;08:24;17:40;HJK6J43;Mitsubishi/ASX
20/08/2025;08:43;18:53;JKL7K65;Suzuki/Swift
20/08/2025;10:43;18:08;AJC7M65;Chevrolet/Celta
20/08/2025;09:36;19:15;DEF7L65;Fiat/Uno
20/08/2025;10:51;15:52;JBL7K65;Ford/Fiesta
21/08/2025;06:04;17:58;ALC1D23;Toyota/Corolla
21/08/2025;06:10;19:55;JDL2M45;Chevrolet/Onix
21/08/2025;06:28;15:07;QWE3R67;Volkswagen/Polo
21/08/2025;06:53;17:05;RTY4U89;Hyundai/HB20
21/08/2025;06:25;16:08;UIO5P10;Honda/Civic
21/08/2025;06:53;19:30;ASD6F32;Nissan/Kicks
21/08/2025;06:31;15:48;ZXC7V54;Fiat/Fastback
21/08/2025;06:08;16:03;VBN8G76;Renault/Kwid
21/08/2025;06:02;15:03;MNB9H98;Jeep/Compass
21/08/2025;06:15;15:08;POI0J21;Peugeot/208
21/08/2025;06:54;18:15;LKM1Z43;Citroen/C3
21/08/2025;06:04;15:39;HGF2X65;BYD/Dolphin
21/08/2025;06:45;16:26;QAZ3W87;Toyota/Etios
21/08/2025;09:58;16:26;WSX4E09;Chevrolet/Cruze
21/08/2025;09:48;15:30;EDC5R21;Volkswagen/Fox
21/08/2025;08:11;15:21;RFV6T43;Hyundai/Tucson
21/08/2025;09:55;19:57;TGB7Y65;Honda/Fit
21/08/2025;09:20;17:18;YHN8U87;Nissan/March
21/08/2025;08:15;19:20;UJM9I09;Fiat/Palio
21/08/2025;08:41;17:35;IKL0O21;Renault/Sandero
21/08/2025;08:37;16:24;OLP1P43;Jeep/Renegade
21/08/2025;08:37;17:41;PAS2D65;Peugeot/308
21/08/2025;09:55;16:02;DFG3S87;Citroen/C4
21/08/2025;08:20;18:06;SDF4G09;Ford/Focus
21/08/2025;09:04;15:21;GHG5H21;Kia/Soul
21/08/2025;08:32;16:25;HJK6J43;Mitsubishi/ASX
21/08/2025;10:46;17:44;JKL7K65;Suzuki/Swift
21/08/2025;09:36;15:31;AJC7M65;Chevrolet/Celta
21/08/2025;09:29;15:06;DEF7L65;Fiat/Uno
21/08/2025;08:23;18:08;JBL7K65;Ford/Fiesta
22/08/2025;06:20;19:01;ALC1D23;Toyota/Corolla
22/08/2025;06:21;15:08;JDL2M45;Chevrolet/Onix
22/08/2025;06:12;15:13;QWE3R67;Volkswagen/Polo
22/08/2025;06:49;18:13;RTY4U89;Hyundai/HB20
22/08/2025;06:32;17:02;UIO5P10;Honda/Civic
22/08/2025;06:42;16:11;ASD6F32;Nissan/Kicks
22/08/2025;06:41;18:07;ZXC7V54;Fiat/Fastback
22/08/2025;06:16;19:24;VBN8G76;Renault/Kwid
22/08/2025;06:25;18:03;MNB9H98;Jeep/Compass
22/08/2025;06:29;18:10;POI0J21;Peugeot/208
22/08/2025;06:28;19:31;LKM1Z43;Citroen/C3
22/08/2025;06:45;18:59;HGF2X65;BYD/Dolphin
22/08/2025;06:35;15:14;QAZ3W87;Toyota/Etios
22/08/2025;08:13;18:58;WSX4E09;Chevrolet/Cruze
22/08/2025;09:53;15:03;EDC5R21;Volkswagen/Fox
22/08/2025;08:00;16:12;RFV6T43;Hyundai/Tucson
22/08/2025;09:50;19:14;TGB7Y65;Honda/Fit
22/08/2025;08:27;15:31;YHN8U87;Nissan/March
22/08/2025;09:37;15:01;UJM9I09;Fiat/Palio
22/08/2025;09:24;18:14;IKL0O21;Renault/Sandero
22/08/2025;09:35;17:53;OLP1P43;Jeep/Renegade
22/08/2025;08:52;16:20;PAS2D65;Peugeot/308
22/08/2025;08:54;15:07;DFG3S87;Citroen/C4
22/08/2025;08:36;15:51;SDF4G09;Ford/Focus
22/08/2025;09:00;18:07;GHG5H21;Kia/Soul
22/08/2025;08:34;17:33;HJK6J43;Mitsubishi/ASX
22/08/2025;10:44;16:08;JKL7K65;Suzuki/Swift
22/08/2025;09:06;15:58;AJC7M65;Chevrolet/Celta
22/08/2025;08:13;16:44;DEF7L65;Fiat/Uno
22/08/2025;09:52;16:49;JBL7K65;Ford/Fiesta
23/08/2025;08:40;16:46;WSX4E09;Chevrolet/Cruze
23/08/2025;09:53;17:37;EDC5R21;Volkswagen/Fox
23/08/2025;09:14;18:19;RFV6T43;Hyundai/Tucson
23/08/2025;09:43;18:33;TGB7Y65;Honda/Fit
23/08/2025;09:11;18:22;UJM9I09;Fiat/Palio
23/08/2025;08:50;19:19;SDF4G09;Ford/Focus
25/08/2025;06:45;19:47;ALC1D23;Toyota/Corolla
25/08/2025;06:31;18:24;JDL2M45;Chevrolet/Onix
25/08/2025;06:09;19:16;QWE3R67;Volkswagen/Polo
25/08/2025;06:16;16:21;RTY4U89;Hyundai/HB20
25/08/2025;06:55;17:47;UIO5P10;Honda/Civic
25/08/2025;06:23;16:09;ASD6F32;Nissan/Kicks
25/08/2025;06:36;15:24;ZXC7V54;Fiat/Fastback
25/08/2025;06:08;15:13;VBN8G76;Renault/Kwid
25/08/2025;06:19;19:21;MNB9H98;Jeep/Compass
25/08/2025;06:53;17:29;POI0J21;Peugeot/208
25/08/2025;06:35;16:16;LKM1Z43;Citroen/C3
25/08/2025;06:47;17:08;HGF2X65;BYD/Dolphin
25/08/2025;06:09;16:48;QAZ3W87;Toyota/Etios
25/08/2025;09:12;18:30;WSX4E09;Chevrolet/Cruze
25/08/2025;08:01;16:40;EDC5R21;Volkswagen/Fox
25/08/2025;08:13;18:52;RFV6T43;Hyundai/Tucson
25/08/2025;09:37;16:53;TGB7Y65;Honda/Fit
25/08/2025;09:55;16:59;YHN8U87;Nissan/March
25/08/2025;09:21;19:40;UJM9I09;Fiat/Palio
25/08/2025;08:16;15:44;IKL0O21;Renault/Sandero
25/08/2025;09:47;18:50;OLP1P43;Jeep/Renegade
25/08/2025;09:40;16:51;PAS2D65;Peugeot/308
25/08/2025;08:06;18:17;DFG3S87;Citroen/C4
25/08/2025;08:25;18:03;SDF4G09;Ford/Focus
25/08/2025;08:26;15:16;GHG5H21;Kia/Soul
25/08/2025;08:58;17:57;HJK6J43;Mitsubishi/ASX
25/08/2025;10:20;18:44;JKL7K65;Suzuki/Swift
25/08/2025;10:03;16:04;AJC7M65;Chevrolet/Celta
25/08/2025;10:29;18:17;DEF7L65;Fiat/Uno
25/08/2025;08:11;18:35;JBL7K65;Ford/Fiesta
26/08/2025;06:34;15:04;ALC1D23;Toyota/Corolla
26/08/2025;06:10;16:32;JDL2M45;Chevrolet/Onix
26/08/2025;06:23;18:36;QWE3R67;Volkswagen/Polo
26/08/2025;06:12;17:25;RTY4U89;Hyundai/HB20
26/08/2025;06:27;17:14;UIO5P10;Honda/Civic
26/08/2025;06:36;16:52;ASD6F32;Nissan/Kicks
26/08/2025;06:30;17:17;ZXC7V54;Fiat/Fastback
26/08/2025;06:50;18:26;VBN8G76;Renault/Kwid
26/08/2025;06:38;19:33;MNB9H98;Jeep/Compass
26/08/2025;06:24;16:12;POI0J21;Peugeot/208
26/08/2025;06:20;17:21;LKM1Z43;Citroen/C3
26/08/2025;06:47;15:01;HGF2X65;BYD/Dolphin
26/08/2025;06:46;19:05;QAZ3W87;Toyota/Etios
26/08/2025;08:57;19:53;WSX4E09;Chevrolet/Cruze
26/08/2025;08:06;15:55;EDC5R21;Volkswagen/Fox
26/08/2025;08:22;16:24;RFV6T43;Hyundai/Tucson
26/08/2025;09:36;16:02;TGB7Y65;Honda/Fit
26/08/2025;09:38;18:12;YHN8U87;Nissan/March
26/08/2025;09:14;15:22;UJM9I09;Fiat/Palio
26/08/2025;09:58;15:30;IKL0O21;Renault/Sandero
26/08/2025;09:08;15:43;OLP1P43;Jeep/Renegade
26/08/2025;08:26;16:19;PAS2D65;Peugeot/308
26/08/2025;09:14;16:54;DFG3S87;Citroen/C4
26/08/2025;09:07;15:58;SDF4G09;Ford/Focus
26/08/2025;09:00;19:03;GHG5H21;Kia/Soul
26/08/2025;08:26;15:18;HJK6J43;Mitsubishi/ASX
26/08/2025;10:35;17:12;JKL7K65;Suzuki/Swift
26/08/2025;08:17;18:25;AJC7M65;Chevrolet/Celta
26/08/2025;09:34;19:19;DEF7L65;Fiat/Uno
26/08/2025;09:13;15:48;JBL7K65;Ford/Fiesta
27/08/2025;06:54;17:40;ALC1D23;Toyota/Corolla
27/08/2025;06:41;15:55;JDL2M45;Chevrolet/Onix
27/08/2025;06:49;17:58;QWE3R67;Volkswagen/Polo
27/08/2025;06:59;19:01;RTY4U89;Hyundai/HB20
27/08/2025;06:23;18:56;UIO5P10;Honda/Civic
27/08/2025;06:08;16:31;ASD6F32;Nissan/Kicks
27/08/2025;06:35;15:55;ZXC7V54;Fiat/Fastback
27/08/2025;06:38;15:22;VBN8G76;Renault/Kwid
27/08/2025;06:10;15:51;MNB9H98;Jeep/Compass
27/08/2025;06:51;16:20;POI0J21;Peugeot/208
27/08/2025;06:18;18:52;LKM1Z43;Citroen/C3
27/08/2025;06:06;17:43;HGF2X65;BYD/Dolphin
27/08/2025;06:11;19:46;QAZ3W87;Toyota/Etios
27/08/2025;08:16;16:35;WSX4E09;Chevrolet/Cruze
27/08/2025;09:58;17:33;EDC5R21;Volkswagen/Fox
27/08/2025;09:09;17:04;RFV6T43;Hyundai/Tucson
27/08/2025;09:32;17:07;TGB7Y65;Honda/Fit
27/08/2025;09:20;17:56;YHN8U87;Nissan/March
27/08/2025;08:25;16:03;UJM9I09;Fiat/Palio
27/08/2025;08:22;19:32;IKL0O21;Renault/Sandero
27/08/2025;09:13;19:05;OLP1P43;Jeep/Renegade
27/08/2025;08:16;18:49;PAS2D65;Peugeot/308
27/08/2025;08:14;19:16;DFG3S87;Citroen/C4
27/08/2025;08:32;16:58;SDF4G09;Ford/Focus
27/08/2025;08:11;19:42;GHG5H21;Kia/Soul
27/08/2025;08:07;19:24;HJK6J43;Mitsubishi/ASX
27/08/2025;09:42;19:53;JKL7K65;Suzuki/Swift
27/08/2025;09:18;15:45;AJC7M65;Chevrolet/Celta
27/08/2025;09:17;17:29;DEF7L65;Fiat/Uno
27/08/2025;08:58;17:51;JBL7K65;Ford/Fiesta
28/08/2025;06:07;15:19;ALC1D23;Toyota/Corolla
28/08/2025;06:09;15:49;JDL2M45;Chevrolet/Onix
28/08/2025;06:13;16:13;QWE3R67;Volkswagen/Polo
28/08/2025;06:55;18:35;RTY4U89;Hyundai/HB20
28/08/2025;06:14;16:51;UIO5P10;Honda/Civic
28/08/2025;06:36;18:48;ASD6F32;Nissan/Kicks
28/08/2025;06:21;16:11;ZXC7V54;Fiat/Fastback
28/08/2025;06:17;15:47;VBN8G76;Renault/Kwid
28/08/2025;06:48;17:15;MNB9H98;Jeep/Compass
28/08/2025;06:13;15:20;POI0J21;Peugeot/208
28/08/2025;06:50;16:10;LKM1Z43;Citroen/C3
28/08/2025;06:49;15:34;HGF2X65;BYD/Dolphin
28/08/2025;06:36;16:12;QAZ3W87;Toyota/Etios
28/08/2025;08:52;16:19;WSX4E09;Chevrolet/Cruze
28/08/2025;09:01;19:13;EDC5R21;Volkswagen/Fox
28/08/2025;08:09;15:59;RFV6T43;Hyundai/Tucson
28/08/2025;09:45;15:31;TGB7Y65;Honda/Fit
28/08/2025;09:28;19:49;YHN8U87;Nissan/March
28/08/2025;09:53;19:56;UJM9I09;Fiat/Palio
28/08/2025;08:28;15:17;IKL0O21;Renault/Sandero
28/08/2025;08:24;18:15;OLP1P43;Jeep/Renegade
28/08/2025;09:34;17:50;PAS2D65;Peugeot/308
28/08/2025;08:52;15:04;DFG3S87;Citroen/C4
28/08/2025;08:59;15:01;SDF4G09;Ford/Focus
28/08/2025;08:17;17:56;GHG5H21;Kia/Soul
28/08/2025;08:33;18:35;HJK6J43;Mitsubishi/ASX
28/08/2025;10:07;15:52;JKL7K65;Suzuki/Swift
28/08/2025;09:50;19:38;AJC7M65;Chevrolet/Celta
28/08/2025;10:35;19:17;DEF7L65;Fiat/Uno
28/08/2025;08:18;18:13;JBL7K65;Ford/Fiesta
29/08/2025;06:38;19:14;ALC1D23;Toyota/Corolla
29/08/2025;06:09;17:19;JDL2M45;Chevrolet/Onix
29/08/2025;06:23;19:31;QWE3R67;Volkswagen/Polo
29/08/2025;06:08;18:54;RTY4U89;Hyundai/HB20
29/08/2025;06:10;18:04;UIO5P10;Honda/Civic
29/08/2025;06:04;15:27;ASD6F32;Nissan/Kicks
29/08/2025;06:20;16:52;ZXC7V54;Fiat/Fastback
29/08/2025;06:10;19:18;VBN8G76;Renault/Kwid
29/08/2025;06:20;19:33;MNB9H98;Jeep/Compass
29/08/2025;06:59;17:53;POI0J21;Peugeot/208
29/08/2025;06:15;15:01;LKM1Z43;Citroen/C3
29/08/2025;06:52;17:12;HGF2X65;BYD/Dolphin
29/08/2025;06:29;15:35;QAZ3W87;Toyota/Etios
29/08/2025;08:57;17:45;WSX4E09;Chevrolet/Cruze
29/08/2025;08:56;19:48;EDC5R21;Volkswagen/Fox
29/08/2025;09:00;17:52;RFV6T43;Hyundai/Tucson
29/08/2025;08:56;15:05;TGB7Y65;Honda/Fit
29/08/2025;08:12;17:18;YHN8U87;Nissan/March
29/08/2025;09:54;19:41;UJM9I09;Fiat/Palio
29/08/2025;08:14;18:14;IKL0O21;Renault/Sandero
29/08/2025;09:27;15:02;OLP1P43;Jeep/Renegade
29/08/2025;08:51;15:50;PAS2D65;Peugeot/308
29/08/2025;09:15;16:42;DFG3S87;Citroen/C4
29/08/2025;08:09;18:59;SDF4G09;Ford/Focus
29/08/2025;09:17;19:05;GHG5H21;Kia/Soul
29/08/2025;09:35;15:15;HJK6J43;Mitsubishi/ASX
29/08/2025;10:06;19:52;JKL7K65;Suzuki/Swift
29/08/2025;08:43;18:56;AJC7M65;Chevrolet/Celta
29/08/2025;08:08;16:31;DEF7L65;Fiat/Uno
29/08/2025;08:57;16:22;JBL7K65;Ford/Fiesta
30/08/2025;09:10;15:29;WSX4E09;Chevrolet/Cruze
30/08/2025;08:43;19:20;RFV6T43;Hyundai/Tucson
30/08/2025;09:43;18:58;TGB7Y65;Honda/Fit
30/08/2025;08:55;18:58;YHN8U87;Nissan/March
30/08/2025;09:05;16:45;UJM9I09;Fiat/Palio
30/08/2025;09:52;16:20;OLP1P43;Jeep/Renegade
30/08/2025;09:30;16:25;PAS2D65;Peugeot/308
30/08/2025;08:45;16:13;DFG3S87;Citroen/C4
30/08/2025;09:44;15:03;SDF4G09;Ford/Focus
30/08/2025;09:59;17:08;GHG5H21;Kia/Soul
30/08/2025;09:24;18:25;HJK6J43;Mitsubishi/ASX
01/09/2025;06:36;16:03;ALC1D23;Toyota/Corolla
01/09/2025;06:41;15:48;JDL2M45;Chevrolet/Onix
01/09/2025;06:08;18:13;QWE3R67;Volkswagen/Polo
01/09/2025;06:49;15:24;RTY4U89;Hyundai/HB20
01/09/2025;06:48;17:26;UIO5P10;Honda/Civic
01/09/2025;06:23;18:21;ASD6F32;Nissan/Kicks
01/09/2025;06:23;15:10;ZXC7V54;Fiat/Fastback
01/09/2025;06:51;16:14;VBN8G76;Renault/Kwid
01/09/2025;06:55;18:02;MNB9H98;Jeep/Compass
01/09/2025;06:49;19:36;POI0J21;Peugeot/208
01/09/2025;06:23;15:35;LKM1Z43;Citroen/C3
01/09/2025;06:48;16:26;HGF2X65;BYD/Dolphin
01/09/2025;06:54;17:04;QAZ3W87;Toyota/Etios
01/09/2025;09:50;16:17;WSX4E09;Chevrolet/Cruze
01/09/2025;09:08;15:26;EDC5R21;Volkswagen/Fox
01/09/2025;09:15;18:15;RFV6T43;Hyundai/Tucson
01/09/2025;08:02;18:18;TGB7Y65;Honda/Fit
01/09/2025;09:08;15:02;YHN8U87;Nissan/March
01/09/2025;08:29;16:33;UJM9I09;Fiat/Palio
01/09/2025;08:56;18:18;IKL0O21;Renault/Sandero
01/09/2025;09:35;16:16;OLP1P43;Jeep/Renegade
01/09/2025;08:50;17:18;PAS2D65;Peugeot/308
01/09/2025;09:43;16:09;DFG3S87;Citroen/C4
01/09/2025;08:38;18:32;SDF4G09;Ford/Focus
01/09/2025;08:00;19:08;GHG5H21;Kia/Soul
01/09/2025;08:01;19:34;HJK6J43;Mitsubishi/ASX
01/09/2025;09:22;19:01;JKL7K65;Suzuki/Swift
01/09/2025;10:52;15:06;AJC7M65;Chevrolet/Celta
01/09/2025;09:22;18:48;DEF7L65;Fiat/Uno
01/09/2025;08:09;17:58;JBL7K65;Ford/Fiesta
02/09/2025;06:18;19:14;ALC1D23;Toyota/Corolla
02/09/2025;06:07;17:30;JDL2M45;Chevrolet/Onix
02/09/2025;06:55;15:47;QWE3R67;Volkswagen/Polo
02/09/2025;06:14;18:45;RTY4U89;Hyundai/HB20
02/09/2025;06:56;17:10;UIO5P10;Honda/Civic
02/09/2025;06:28;19:55;ASD6F32;Nissan/Kicks
02/09/2025;06:05;19:53;ZXC7V54;Fiat/Fastback
02/09/2025;06:11;16:29;VBN8G76;Renault/Kwid
02/09/2025;06:47;17:48;MNB9H98;Jeep/Compass
02/09/2025;06:26;16:07;POI0J21;Peugeot/208
02/09/2025;06:32;17:30;LKM1Z43;Citroen/C3
02/09/2025;06:06;17:47;HGF2X65;BYD/Dolphin
02/09/2025;06:20;18:02;QAZ3W87;Toyota/Etios
02/09/2025;08:26;18:05;WSX4E09;Chevrolet/Cruze
02/09/2025;09:22;15:06;EDC5R21;Volkswagen/Fox
02/09/2025;08:06;18:52;RFV6T43;Hyundai/Tucson
02/09/2025;09:20;18:36;TGB7Y65;Honda/Fit
02/09/2025;08:56;16:17;YHN8U87;Nissan/March
02/09/2025;08:41;15:49;UJM9I09;Fiat/Palio
02/09/2025;09:31;18:06;IKL0O21;Renault/Sandero
02/09/2025;08:21;17:40;OLP1P43;Jeep/Renegade
02/09/2025;08:18;18:26;PAS2D65;Peugeot/308
02/09/2025;09:28;17:35;DFG3S87;Citroen/C4
02/09/2025;08:28;15:29;SDF4G09;Ford/Focus
02/09/2025;08:42;17:20;GHG5H21;Kia/Soul
02/09/2025;08:33;17:10;HJK6J43;Mitsubishi/ASX
02/09/2025;08:57;17:54;JKL7K65;Suzuki/Swift
02/09/2025;08:11;19:56;AJC7M65;Chevrolet/Celta
02/09/2025;09:15;16:27;DEF7L65;Fiat/Uno
02/09/2025;08:57;15:04;JBL7K65;Ford/Fiesta
03/09/2025;06:29;19:49;ALC1D23;Toyota/Corolla
03/09/2025;06:19;15:56;JDL2M45;Chevrolet/Onix
03/09/2025;06:01;16:30;QWE3R67;Volkswagen/Polo
03/09/2025;06:39;17:54;RTY4U89;Hyundai/HB20
03/09/2025;06:55;19:20;UIO5P10;Honda/Civic
03/09/2025;06:47;16:19;ASD6F32;Nissan/Kicks
03/09/2025;06:49;15:48;ZXC7V54;Fiat/Fastback
03/09/2025;06:00;17:41;VBN8G76;Renault/Kwid
03/09/2025;06:09;17:00;MNB9H98;Jeep/Compass
03/09/2025;06:42;15:19;POI0J21;Peugeot/208
03/09/2025;06:59;19:48;LKM1Z43;Citroen/C3
03/09/2025;06:32;17:26;HGF2X65;BYD/Dolphin
03/09/2025;06:30;16:54;QAZ3W87;Toyota/Etios
03/09/2025;09:57;18:21;WSX4E09;Chevrolet/Cruze
03/09/2025;08:27;15:32;EDC5R21;Volkswagen/Fox
03/09/2025;09:07;19:17;RFV6T43;Hyundai/Tucson
03/09/2025;08:52;16:34;TGB7Y65;Honda/Fit
03/09/2025;08:01;18:39;YHN8U87;Nissan/March
03/09/2025;08:41;17:22;UJM9I09;Fiat/Palio
03/09/2025;08:41;18:39;IKL0O21;Renault/Sandero
03/09/2025;09:32;18:00;OLP1P43;Jeep/Renegade
03/09/2025;08:07;17:40;PAS2D65;Peugeot/308
03/09/2025;08:37;18:19;DFG3S87;Citroen/C4
03/09/2025;09:25;15:07;SDF4G09;Ford/Focus
03/09/2025;08:21;17:52;GHG5H21;Kia/Soul
03/09/2025;09:55;17:05;HJK6J43;Mitsubishi/ASX
03/09/2025;10:03;17:51;JKL7K65;Suzuki/Swift
03/09/2025;09:35;17:09;AJC7M65;Chevrolet/Celta
03/09/2025;09:21;15:06;DEF7L65;Fiat/Uno
03/09/2025;09:46;15:21;JBL7K65;Ford/Fiesta
04/09/2025;06:54;19:03;ALC1D23;Toyota/Corolla
04/09/2025;06:37;16:32;JDL2M45;Chevrolet/Onix
04/09/2025;06:54;18:15;QWE3R67;Volkswagen/Polo
04/09/2025;06:03;19:09;RTY4U89;Hyundai/HB20
04/09/2025;06:17;18:45;UIO5P10;Honda/Civic
04/09/2025;06:38;19:14;ASD6F32;Nissan/Kicks
04/09/2025;06:46;18:01;ZXC7V54;Fiat/Fastback
04/09/2025;06:10;15:49;VBN8G76;Renault/Kwid
04/09/2025;06:59;17:41;MNB9H98;Jeep/Compass
04/09/2025;06:49;18:11;POI0J21;Peugeot/208
04/09/2025;06:43;17:00;LKM1Z43;Citroen/C3
04/09/2025;06:27;16:00;HGF2X65;BYD/Dolphin
04/09/2025;06:57;18:12;QAZ3W87;Toyota/Etios
04/09/2025;09:59;18:06;WSX4E09;Chevrolet/Cruze
04/09/2025;08:31;18:44;EDC5R21;Volkswagen/Fox
04/09/2025;09:08;18:33;RFV6T43;Hyundai/Tucson
04/09/2025;08:43;19:28;TGB7Y65;Honda/Fit
04/09/2025;09:41;17:26;YHN8U87;Nissan/March
04/09/2025;09:15;17:24;UJM9I09;Fiat/Palio
04/09/2025;08:39;18:56;IKL0O21;Renault/Sandero
04/09/2025;08:51;18:22;OLP1P43;Jeep/Renegade
04/09/2025;09:12;18:15;PAS2D65;Peugeot/308
04/09/2025;09:13;17:45;DFG3S87;Citroen/C4
04/09/2025;09:59;16:35;SDF4G09;Ford/Focus
04/09/2025;09:39;15:21;GHG5H21;Kia/Soul
04/09/2025;08:06;16:55;HJK6J43;Mitsubishi/ASX
04/09/2025;10:02;17:11;JKL7K65;Suzuki/Swift
04/09/2025;10:29;16:52;AJC7M65;Chevrolet/Celta
04/09/2025;09:17;19:25;DEF7L65;Fiat/Uno
04/09/2025;09:56;15:24;JBL7K65;Ford/Fiesta
05/09/2025;06:58;16:30;ALC1D23;Toyota/Corolla
05/09/2025;06:03;16:47;JDL2M45;Chevrolet/Onix
05/09/2025;06:47;16:31;QWE3R67;Volkswagen/Polo
05/09/2025;06:50;19:31;RTY4U89;Hyundai/HB20
05/09/2025;06:54;17:21;UIO5P10;Honda/Civic
05/09/2025;06:25;17:29;ASD6F32;Nissan/Kicks
05/09/2025;06:55;16:55;ZXC7V54;Fiat/Fastback
05/09/2025;06:07;18:26;VBN8G76;Renault/Kwid
05/09/2025;06:54;16:30;MNB9H98;Jeep/Compass
05/09/2025;06:51;15:07;POI0J21;Peugeot/208
05/09/2025;06:20;16:59;LKM1Z43;Citroen/C3
05/09/2025;06:03;15:48;HGF2X65;BYD/Dolphin
05/09/2025;06:44;17:21;QAZ3W87;Toyota/Etios
05/09/2025;09:09;18:08;WSX4E09;Chevrolet/Cruze
05/09/2025;08:02;17:14;EDC5R21;Volkswagen/Fox
05/09/2025;08:35;19:51;RFV6T43;Hyundai/Tucson
05/09/2025;09:39;17:55;TGB7Y65;Honda/Fit
05/09/2025;08:46;19:29;YHN8U87;Nissan/March
05/09/2025;08:03;17:36;UJM9I09;Fiat/Palio
05/09/2025;09:17;19:36;IKL0O21;Renault/Sandero
05/09/2025;09:32;17:11;OLP1P43;Jeep/Renegade
05/09/2025;08:03;18:48;PAS2D65;Peugeot/308
05/09/2025;08:12;19:17;DFG3S87;Citroen/C4
05/09/2025;09:30;18:42;SDF4G09;Ford/Focus
05/09/2025;08:33;16:03;GHG5H21;Kia/Soul
05/09/2025;08:23;18:35;HJK6J43;Mitsubishi/ASX
05/09/2025;10:40;19:49;JKL7K65;Suzuki/Swift
05/09/2025;08:44;18:40;AJC7M65;Chevrolet/Celta
05/09/2025;10:31;18:55;DEF7L65;Fiat/Uno
05/09/2025;08:44;17:50;JBL7K65;Ford/Fiesta
06/09/2025;08:54;17:35;WSX4E09;Chevrolet/Cruze
06/09/2025;09:37;17:41;EDC5R21;Volkswagen/Fox
06/09/2025;08:33;15:37;RFV6T43;Hyundai/Tucson
06/09/2025;08:50;18:43;TGB7Y65;Honda/Fit
06/09/2025;08:22;15:31;YHN8U87;Nissan/March
06/09/2025;08:15;16:28;DFG3S87;Citroen/C4
06/09/2025;08:27;17:44;SDF4G09;Ford/Focus
06/09/2025;08:37;19:37;HJK6J43;Mitsubishi/ASX
08/09/2025;06:45;18:19;ALC1D23;Toyota/Corolla
08/09/2025;06:34;16:07;JDL2M45;Chevrolet/Onix
08/09/2025;06:02;17:38;QWE3R67;Volkswagen/Polo
08/09/2025;06:52;15:16;RTY4U89;Hyundai/HB20
08/09/2025;06:52;19:30;UIO5P10;Honda/Civic
08/09/2025;06:23;19:48;ASD6F32;Nissan/Kicks
08/09/2025;06:07;16:48;ZXC7V54;Fiat/Fastback
08/09/2025;06:26;18:37;VBN8G76;Renault/Kwid
08/09/2025;06:36;15:46;MNB9H98;Jeep/Compass
08/09/2025;06:39;15:26;POI0J21;Peugeot/208
08/09/2025;06:48;15:03;LKM1Z43;Citroen/C3
08/09/2025;06:40;17:44;HGF2X65;BYD/Dolphin
08/09/2025;06:15;19:37;QAZ3W87;Toyota/Etios
08/09/2025;08:42;16:14;WSX4E09;Chevrolet/Cruze
08/09/2025;08:22;18:57;EDC5R21;Volkswagen/Fox
08/09/2025;09:47;16:41;RFV6T43;Hyundai/Tucson
08/09/2025;08:34;17:41;TGB7Y65;Honda/Fit
08/09/2025;08:45;16:48;YHN8U87;Nissan/March
08/09/2025;09:30;18:32;UJM9I09;Fiat/Palio
08/09/2025;09:49;19:47;IKL0O21;Renault/Sandero
08/09/2025;09:51;17:17;OLP1P43;Jeep/Renegade
08/09/2025;09:49;15:52;PAS2D65;Peugeot/308
08/09/2025;09:07;16:28;DFG3S87;Citroen/C4
08/09/2025;08:00;16:33;SDF4G09;Ford/Focus
08/09/2025;08:36;17:32;GHG5H21;Kia/Soul
08/09/2025;08:58;16:27;HJK6J43;Mitsubishi/ASX
08/09/2025;08:05;19:15;JKL7K65;Suzuki/Swift
08/09/2025;10:32;15:22;AJC7M65;Chevrolet/Celta
08/09/2025;08:25;19:55;DEF7L65;Fiat/Uno
08/09/2025;10:25;18:14;JBL7K65;Ford/Fiesta
09/09/2025;06:02;19:01;ALC1D23;Toyota/Corolla
09/09/2025;06:51;15:07;JDL2M45;Chevrolet/Onix
09/09/2025;06:12;16:25;QWE3R67;Volkswagen/Polo
09/09/2025;06:45;16:48;RTY4U89;Hyundai/HB20
09/09/2025;06:57;16:35;UIO5P10;Honda/Civic
09/09/2025;06:34;19:39;ASD6F32;Nissan/Kicks
09/09/2025;06:48;17:25;ZXC7V54;Fiat/Fastback
09/09/2025;06:38;17:02;VBN8G76;Renault/Kwid
09/09/2025;06:21;16:55;MNB9H98;Jeep/Compass
09/09/2025;06:16;16:53;POI0J21;Peugeot/208
09/09/2025;06:25;16:34;LKM1Z43;Citroen/C3
09/09/2025;06:02;17:25;HGF2X65;BYD/Dolphin
09/09/2025;06:56;19:11;QAZ3W87;Toyota/Etios
09/09/2025;09:35;16:22;WSX4E09;Chevrolet/Cruze
09/09/2025;09:25;19:24;EDC5R21;Volkswagen/Fox
09/09/2025;08:30;19:01;RFV6T43;Hyundai/Tucson
09/09/2025;08:27;17:44;TGB7Y65;Honda/Fit
09/09/2025;08:37;16:48;YHN8U87;Nissan/March
09/09/2025;08:59;18:06;UJM9I09;Fiat/Palio
09/09/2025;09:19;18:50;IKL0O21;Renault/Sandero
09/09/2025;08:26;17:12;OLP1P43;Jeep/Renegade
09/09/2025;08:11;19:09;PAS2D65;Peugeot/308
09/09/2025;09:10;19:57;DFG3S87;Citroen/C4
09/09/2025;09:23;17:22;SDF4G09;Ford/Focus
09/09/2025;08:36;18:52;GHG5H21;Kia/Soul
09/09/2025;08:42;16:35;HJK6J43;Mitsubishi/ASX
09/09/2025;09:43;19:41;JKL7K65;Suzuki/Swift
09/09/2025;08:17;16:02;AJC7M65;Chevrolet/Celta
09/09/2025;10:31;18:19;DEF7L65;Fiat/Uno
09/09/2025;09:18;15:26;JBL7K65;Ford/Fiesta
10/09/2025;06:02;15:57;ALC1D23;Toyota/Corolla
10/09/2025;06:50;19:46;JDL2M45;Chevrolet/Onix
10/09/2025;06:24;19:46;QWE3R67;Volkswagen/Polo
10/09/2025;06:31;19:40;RTY4U89;Hyundai/HB20
10/09/2025;06:48;19:59;UIO5P10;Honda/Civic
10/09/2025;06:36;16:55;ASD6F32;Nissan/Kicks
10/09/2025;06:34;15:32;ZXC7V54;Fiat/Fastback
10/09/2025;06:23;18:22;VBN8G76;Renault/Kwid
10/09/2025;06:54;15:04;MNB9H98;Jeep/Compass
10/09/2025;06:04;18:10;POI0J21;Peugeot/208
10/09/2025;06:19;19:01;LKM1Z43;Citroen/C3
10/09/2025;06:39;15:46;HGF2X65;BYD/Dolphin
10/09/2025;06:41;15:33;QAZ3W87;Toyota/Etios
10/09/2025;08:27;18:10;WSX4E09;Chevrolet/Cruze
10/09/2025;08:26;15:50;EDC5R21;Volkswagen/Fox
10/09/2025;09:39;18:56;RFV6T43;Hyundai/Tucson
10/09/2025;08:40;19:36;TGB7Y65;Honda/Fit
10/09/2025;09:26;17:52;YHN8U87;Nissan/March
10/09/2025;09:22;15:32;UJM9I09;Fiat/Palio
10/09/2025;08:37;17:30;IKL0O21;Renault/Sandero
10/09/2025;09:11;16:17;OLP1P43;Jeep/Renegade
10/09/2025;09:59;17:36;PAS2D65;Peugeot/308
10/09/2025;09:15;16:43;DFG3S87;Citroen/C4
10/09/2025;08:35;17:40;SDF4G09;Ford/Focus
10/09/2025;09:53;15:26;GHG5H21;Kia/Soul
10/09/2025;09:44;16:51;HJK6J43;Mitsubishi/ASX
10/09/2025;10:15;19:57;JKL7K65;Suzuki/Swift
10/09/2025;10:20;17:53;AJC7M65;Chevrolet/Celta
10/09/2025;08:39;17:14;DEF7L65;Fiat/Uno
10/09/2025;09:13;15:59;JBL7K65;Ford/Fiesta
11/09/2025;06:33;19:25;ALC1D23;Toyota/Corolla
11/09/2025;06:23;16:37;JDL2M45;Chevrolet/Onix
11/09/2025;06:11;18:14;QWE3R67;Volkswagen/Polo
11/09/2025;06:54;17:28;RTY4U89;Hyundai/HB20
11/09/2025;06:25;15:53;UIO5P10;Honda/Civic
11/09/2025;06:24;16:58;ASD6F32;Nissan/Kicks
11/09/2025;06:00;15:55;ZXC7V54;Fiat/Fastback
11/09/2025;06:23;18:37;VBN8G76;Renault/Kwid
11/09/2025;06:25;17:50;MNB9H98;Jeep/Compass
11/09/2025;06:23;16:31;POI0J21;Peugeot/208
11/09/2025;06:43;16:47;LKM1Z43;Citroen/C3
11/09/2025;06:52;15:40;HGF2X65;BYD/Dolphin
11/09/2025;06:15;18:46;QAZ3W87;Toyota/Etios
11/09/2025;08:07;15:14;WSX4E09;Chevrolet/Cruze
11/09/2025;09:24;16:40;EDC5R21;Volkswagen/Fox
11/09/2025;08:08;19:35;RFV6T43;Hyundai/Tucson
11/09/2025;09:53;17:15;TGB7Y65;Honda/Fit
11/09/2025;08:33;19:04;YHN8U87;Nissan/March
11/09/2025;09:30;17:17;UJM9I09;Fiat/Palio
11/09/2025;09:55;18:58;IKL0O21;Renault/Sandero
11/09/2025;08:37;17:46;OLP1P43;Jeep/Renegade
11/09/2025;08:33;16:53;PAS2D65;Peugeot/308
11/09/2025;08:40;19:19;DFG3S87;Citroen/C4
11/09/2025;09:50;18:39;SDF4G09;Ford/Focus
11/09/2025;09:45;19:08;GHG5H21;Kia/Soul
11/09/2025;09:07;15:37;HJK6J43;Mitsubishi/ASX
11/09/2025;08:24;17:04;JKL7K65;Suzuki/Swift
11/09/2025;09:39;17:18;AJC7M65;Chevrolet/Celta
11/09/2025;08:33;18:16;DEF7L65;Fiat/Uno
11/09/2025;10:55;19:19;JBL7K65;Ford/Fiesta
12/09/2025;06:56;17:12;ALC1D23;Toyota/Corolla
12/09/2025;06:02;17:19;JDL2M45;Chevrolet/Onix
12/09/2025;06:51;18:49;QWE3R67;Volkswagen/Polo
12/09/2025;06:29;19:09;RTY4U89;Hyundai/HB20
12/09/2025;06:16;17:57;UIO5P10;Honda/Civic
12/09/2025;06:20;18:41;ASD6F32;Nissan/Kicks
12/09/2025;06:23;16:46;ZXC7V54;Fiat/Fastback
12/09/2025;06:41;18:58;VBN8G76;Renault/Kwid
12/09/2025;06:00;17:37;MNB9H98;Jeep/Compass
12/09/2025;06:04;18:58;POI0J21;Peugeot/208
12/09/2025;06:39;15:45;LKM1Z43;Citroen/C3
12/09/2025;06:36;19:06;HGF2X65;BYD/Dolphin
12/09/2025;06:40;16:38;QAZ3W87;Toyota/Etios
12/09/2025;09:12;18:40;WSX4E09;Chevrolet/Cruze
12/09/2025;08:38;18:15;EDC5R21;Volkswagen/Fox
12/09/2025;08:35;18:22;RFV6T43;Hyundai/Tucson
12/09/2025;09:50;17:32;TGB7Y65;Honda/Fit
12/09/2025;08:37;18:41;YHN8U87;Nissan/March
12/09/2025;08:09;17:39;UJM9I09;Fiat/Palio
12/09/2025;09:06;17:21;IKL0O21;Renault/Sandero
12/09/2025;09:33;16:26;OLP1P43;Jeep/Renegade
12/09/2025;09:26;15:31;PAS2D65;Peugeot/308
12/09/2025;08:48;15:45;DFG3S87;Citroen/C4
12/09/2025;08:38;17:04;SDF4G09;Ford/Focus
12/09/2025;08:58;19:13;GHG5H21;Kia/Soul
12/09/2025;08:20;19:56;HJK6J43;Mitsubishi/ASX
12/09/2025;10:45;17:22;JKL7K65;Suzuki/Swift
12/09/2025;09:15;19:00;AJC7M65;Chevrolet/Celta
12/09/2025;08:04;16:39;DEF7L65;Fiat/Uno
12/09/2025;09:39;19:41;JBL7K65;Ford/Fiesta
13/09/2025;08:39;19:50;RFV6T43;Hyundai/Tucson
13/09/2025;08:31;16:16;UJM9I09;Fiat/Palio
13/09/2025;08:05;19:52;IKL0O21;Renault/Sandero
13/09/2025;08:42;17:00;OLP1P43;Jeep/Renegade
13/09/2025;09:20;15:50;PAS2D65;Peugeot/308
13/09/2025;09:51;19:24;DFG3S87;Citroen/C4
13/09/2025;08:21;15:05;SDF4G09;Ford/Focus
13/09/2025;08:22;16:42;HJK6J43;Mitsubishi/ASX
15/09/2025;06:09;16:40;ALC1D23;Toyota/Corolla
15/09/2025;06:38;17:49;JDL2M45;Chevrolet/Onix
15/09/2025;06:14;16:21;QWE3R67;Volkswagen/Polo
15/09/2025;06:29;19:56;RTY4U89;Hyundai/HB20
15/09/2025;06:08;17:34;UIO5P10;Honda/Civic
15/09/2025;06:49;18:43;ASD6F32;Nissan/Kicks
15/09/2025;06:46;18:14;ZXC7V54;Fiat/Fastback
15/09/2025;06:10;19:33;VBN8G76;Renault/Kwid
15/09/2025;06:08;18:47;MNB9H98;Jeep/Compass
15/09/2025;06:51;16:19;POI0J21;Peugeot/208
15/09/2025;06:54;15:25;LKM1Z43;Citroen/C3
15/09/2025;06:56;15:58;HGF2X65;BYD/Dolphin
15/09/2025;06:23;18:34;QAZ3W87;Toyota/Etios
15/09/2025;08:14;18:05;WSX4E09;Chevrolet/Cruze
15/09/2025;08:37;19:32;EDC5R21;Volkswagen/Fox
15/09/2025;08:18;19:11;RFV6T43;Hyundai/Tucson
15/09/2025;08:13;18:48;TGB7Y65;Honda/Fit
15/09/2025;08:48;17:07;YHN8U87;Nissan/March
15/09/2025;08:13;15:41;UJM9I09;Fiat/Palio
15/09/2025;08:26;18:15;IKL0O21;Renault/Sandero
15/09/2025;09:31;19:27;OLP1P43;Jeep/Renegade
15/09/2025;08:48;15:11;PAS2D65;Peugeot/308
15/09/2025;09:10;18:27;DFG3S87;Citroen/C4
15/09/2025;09:00;15:00;SDF4G09;Ford/Focus
15/09/2025;08:26;16:00;GHG5H21;Kia/Soul
15/09/2025;09:35;19:01;HJK6J43;Mitsubishi/ASX
15/09/2025;09:34;15:41;JKL7K65;Suzuki/Swift
15/09/2025;08:17;17:08;AJC7M65;Chevrolet/Celta
15/09/2025;08:07;19:13;DEF7L65;Fiat/Uno
15/09/2025;10:38;19:32;JBL7K65;Ford/Fiesta
